ID,Age,Work_Experience,Family_Size,Spending_Score,Gender,Ever_Married,Graduated,Profession,Var_1,Segment,Segment_Id,Persona,Distance,Runner_Up,Separation,Assignment_Tier,Dist_to_0,Dist_to_1,Dist_to_2
458989,36,0.0,1.0,Low,Female,Yes,Yes,Engineer,Cat_6,Cluster 0,0,Age high (z=+0.61); Work Experience low (z=-0.53); Ever Married=Yes (79% vs 59%),2.8291,Cluster 1,0.5859,Clear - automate,2.8291,6.8322,7.6218
458994,37,8.0,4.0,Average,Male,Yes,Yes,Healthcare,Cat_6,Cluster 2,2,Work Experience high (z=+1.58); Age low (z=-0.33); Family Size low (z=-0.27),2.5022,Cluster 1,0.5664,Clear - automate,7.8521,5.7706,2.5022
458996,69,0.0,1.0,Low,Female,Yes,No,,Cat_6,Cluster 0,0,Age high (z=+0.61); Work Experience low (z=-0.53); Ever Married=Yes (79% vs 59%),3.1253,Cluster 1,0.7322,Clear - automate,3.1253,11.6694,11.6832
459000,59,11.0,2.0,High,Male,Yes,No,Executive,Cat_6,Cluster 2,2,Work Experience high (z=+1.58); Age low (z=-0.33); Family Size low (z=-0.27),4.4121,Cluster 0,0.5902,Clear - automate,10.7662,15.2284,4.4121
459001,19,,4.0,Low,Female,No,No,Marketing,Cat_6,Cluster 1,1,Family Size high (z=+0.93); Age low (z=-0.77); Ever Married=Yes (31% vs 59%),1.5491,Cluster 0,0.8,Clear - automate,7.7454,1.5491,8.5975
459003,47,0.0,5.0,High,Male,Yes,Yes,Doctor,Cat_4,Cluster 1,1,Family Size high (z=+0.93); Age low (z=-0.77); Ever Married=Yes (31% vs 59%),3.8553,Cluster 0,0.2372,Moderate - standard outreach,5.0542,3.8553,11.1969
459005,61,5.0,3.0,Low,Male,Yes,Yes,Doctor,Cat_6,Cluster 0,0,Age high (z=+0.61); Work Experience low (z=-0.53); Ever Married=Yes (79% vs 59%),2.4693,Cluster 2,0.3904,Moderate - standard outreach,2.4693,6.8545,4.0506
459008,47,1.0,3.0,Average,Female,Yes,Yes,Artist,Cat_6,Cluster 0,0,Age high (z=+0.61); Work Experience low (z=-0.53); Ever Married=Yes (79% vs 59%),1.4133,Cluster 1,0.6619,Clear - automate,1.4133,4.1807,5.6863
459013,50,2.0,4.0,Average,Male,Yes,Yes,Artist,Cat_6,Cluster 0,0,Age high (z=+0.61); Work Experience low (z=-0.53); Ever Married=Yes (79% vs 59%),2.0086,Cluster 1,0.4194,Moderate - standard outreach,2.0086,3.4593,6.0754
459014,19,0.0,4.0,Low,Male,No,No,Healthcare,Cat_6,Cluster 1,1,Family Size high (z=+0.93); Age low (z=-0.77); Ever Married=Yes (31% vs 59%),0.6866,Cluster 0,0.9063,Clear - automate,7.3247,0.6866,10.499
459015,22,0.0,3.0,Low,Male,No,No,Healthcare,Cat_6,Cluster 1,1,Family Size high (z=+0.93); Age low (z=-0.77); Ever Married=Yes (31% vs 59%),1.1187,Cluster 0,0.7963,Clear - automate,5.4909,1.1187,9.2338
459016,22,0.0,6.0,Low,Female,No,No,Healthcare,Cat_6,Cluster 1,1,Family Size high (z=+0.93); Age low (z=-0.77); Ever Married=Yes (31% vs 59%),2.2111,Cluster 0,0.8137,Clear - automate,11.8699,2.2111,13.934
459024,50,1.0,5.0,Average,Male,Yes,Yes,Artist,Cat_6,Cluster 1,1,Family Size high (z=+0.93); Age low (z=-0.77); Ever Married=Yes (31% vs 59%),3.6139,Cluster 0,0.0655,Borderline - blend or hold back,3.8672,3.6139,9.03
459026,27,8.0,3.0,Low,Male,No,No,Healthcare,Cat_3,Cluster 2,2,Work Experience high (z=+1.58); Age low (z=-0.33); Family Size low (z=-0.27),3.0707,Cluster 1,0.4246,Moderate - standard outreach,9.3353,5.3369,3.0707
459032,18,0.0,3.0,Low,Male,No,No,Doctor,Cat_6,Cluster 1,1,Family Size high (z=+0.93); Age low (z=-0.77); Ever Married=Yes (31% vs 59%),1.9378,Cluster 0,0.701,Clear - automate,6.4816,1.9378,9.7681
459033,61,0.0,1.0,Low,Female,Yes,Yes,Artist,Cat_6,Cluster 0,0,Age high (z=+0.61); Work Experience low (z=-0.53); Ever Married=Yes (79% vs 59%),1.4316,Cluster 2,0.8423,Clear - automate,1.4316,10.1324,9.0767
459036,20,1.0,3.0,Average,Female,Yes,Yes,Lawyer,Cat_3,Cluster 1,1,Family Size high (z=+0.93); Age low (z=-0.77); Ever Married=Yes (31% vs 59%),4.1259,Cluster 0,0.3545,Moderate - standard outreach,6.3921,4.1259,7.5845
459039,45,1.0,2.0,Average,Male,Yes,Yes,Artist,Cat_6,Cluster 0,0,Age high (z=+0.61); Work Experience low (z=-0.53); Ever Married=Yes (79% vs 59%),0.7781,Cluster 1,0.8435,Clear - automate,0.7781,4.9719,6.0492
459041,55,8.0,1.0,Low,Male,Yes,Yes,Artist,Cat_6,Cluster 2,2,Work Experience high (z=+1.58); Age low (z=-0.33); Family Size low (z=-0.27),2.5216,Cluster 0,0.5093,Clear - automate,5.1391,12.3666,2.5216
459045,88,1.0,4.0,Average,Female,Yes,Yes,Lawyer,Cat_6,Cluster 0,0,Age high (z=+0.61); Work Experience low (z=-0.53); Ever Married=Yes (79% vs 59%),7.332,Cluster 1,0.502,Clear - automate,7.332,14.7215,16.0567
459056,63,,3.0,High,Male,Yes,No,Executive,Cat_6,Cluster 0,0,Age high (z=+0.61); Work Experience low (z=-0.53); Ever Married=Yes (79% vs 59%),2.1117,Cluster 1,0.6519,Clear - automate,2.1117,6.0657,9.2103
459057,69,,,High,Male,Yes,No,Lawyer,Cat_6,Cluster 0,0,Age high (z=+0.61); Work Experience low (z=-0.53); Ever Married=Yes (79% vs 59%),2.6766,Cluster 1,0.6496,Clear - automate,2.6766,7.638,10.4597
459058,42,0.0,4.0,Low,Male,No,Yes,Artist,Cat_3,Cluster 1,1,Family Size high (z=+0.93); Age low (z=-0.77); Ever Married=Yes (31% vs 59%),2.1465,Cluster 0,0.2656,Moderate - standard outreach,2.9226,2.1465,8.7211
459059,79,,2.0,High,Male,Yes,No,Executive,Cat_6,Cluster 0,0,Age high (z=+0.61); Work Experience low (z=-0.53); Ever Married=Yes (79% vs 59%),3.9683,Cluster 1,0.6792,Clear - automate,3.9683,12.3711,13.1186
459061,35,9.0,3.0,High,Female,Yes,Yes,Healthcare,Cat_6,Cluster 2,2,Work Experience high (z=+1.58); Age low (z=-0.33); Family Size low (z=-0.27),1.1972,Cluster 1,0.8532,Clear - automate,8.8713,8.1579,1.1972
459064,27,5.0,4.0,High,Male,Yes,No,Executive,Cat_6,Cluster 1,1,Family Size high (z=+0.93); Age low (z=-0.77); Ever Married=Yes (31% vs 59%),2.8427,Cluster 2,0.3546,Moderate - standard outreach,6.9287,2.8427,4.4046
459065,52,,2.0,Low,Male,Yes,Yes,Engineer,Cat_6,Cluster 0,0,Age high (z=+0.61); Work Experience low (z=-0.53); Ever Married=Yes (79% vs 59%),0.5268,Cluster 1,0.9024,Clear - automate,0.5268,5.396,6.5965
459074,29,0.0,4.0,Low,Female,No,Yes,Healthcare,Cat_4,Cluster 1,1,Family Size high (z=+0.93); Age low (z=-0.77); Ever Married=Yes (31% vs 59%),1.6861,Cluster 0,0.7013,Clear - automate,5.6451,1.6861,8.9604
459077,79,1.0,2.0,High,Female,Yes,No,Lawyer,Cat_6,Cluster 0,0,Age high (z=+0.61); Work Experience low (z=-0.53); Ever Married=Yes (79% vs 59%),4.4683,Cluster 2,0.6459,Clear - automate,4.4683,12.8711,12.6186
459079,87,,2.0,High,Male,Yes,Yes,Lawyer,Cat_6,Cluster 0,0,Age high (z=+0.61); Work Experience low (z=-0.53); Ever Married=Yes (79% vs 59%),5.232,Cluster 2,0.6579,Clear - automate,5.232,15.9781,15.2951
459080,89,1.0,2.0,Low,Male,Yes,No,Lawyer,Cat_6,Cluster 0,0,Age high (z=+0.61); Work Experience low (z=-0.53); Ever Married=Yes (79% vs 59%),5.7473,Cluster 1,0.6369,Clear - automate,5.7473,15.8291,16.0385
459083,63,9.0,3.0,Average,Male,Yes,Yes,Artist,,Cluster 2,2,Work Experience high (z=+1.58); Age low (z=-0.33); Family Size low (z=-0.27),3.9907,Cluster 0,0.4658,Clear - automate,7.4701,12.4583,3.9907
459090,31,1.0,2.0,Low,Male,No,No,Artist,Cat_6,Cluster 1,1,Family Size high (z=+0.93); Age low (z=-0.77); Ever Married=Yes (31% vs 59%),2.7161,Cluster 0,0.0546,Borderline - blend or hold back,2.873,2.7161,6.5468
459091,72,1.0,6.0,Average,Male,Yes,Yes,Artist,Cat_1,Cluster 0,0,Age high (z=+0.61); Work Experience low (z=-0.53); Ever Married=Yes (79% vs 59%),8.4383,Cluster 1,0.1659,Borderline - blend or hold back,8.4383,10.1168,15.885
459093,41,9.0,2.0,Average,Female,Yes,Yes,Doctor,,Cluster 2,2,Work Experience high (z=+1.58); Age low (z=-0.33); Family Size low (z=-0.27),1.6803,Cluster 0,0.801,Clear - automate,8.4436,10.9999,1.6803
459100,61,11.0,1.0,Low,Female,No,Yes,Artist,Cat_6,Cluster 2,2,Work Experience high (z=+1.58); Age low (z=-0.33); Family Size low (z=-0.27),4.0793,Cluster 0,0.6284,Clear - automate,10.9789,18.0392,4.0793
459106,62,0.0,2.0,Low,Male,Yes,Yes,Artist,Cat_6,Cluster 0,0,Age high (z=+0.61); Work Experience low (z=-0.53); Ever Married=Yes (79% vs 59%),0.3787,Cluster 1,0.9494,Clear - automate,0.3787,7.4852,8.9117
459114,56,1.0,2.0,Average,Male,Yes,Yes,Artist,Cat_6,Cluster 0,0,Age high (z=+0.61); Work Experience low (z=-0.53); Ever Married=Yes (79% vs 59%),0.5467,Cluster 1,0.917,Clear - automate,0.5467,6.5875,7.0728
459116,60,2.0,5.0,Average,Male,Yes,Yes,Artist,Cat_6,Cluster 0,0,Age high (z=+0.61); Work Experience low (z=-0.53); Ever Married=Yes (79% vs 59%),4.0923,Cluster 1,0.2505,Moderate - standard outreach,4.0923,5.4598,9.0738
459117,68,0.0,2.0,High,Male,Yes,Yes,Artist,Cat_6,Cluster 0,0,Age high (z=+0.61); Work Experience low (z=-0.53); Ever Married=Yes (79% vs 59%),1.399,Cluster 1,0.8529,Clear - automate,1.399,9.513,10.6165
459118,19,,8.0,Low,Male,No,No,Healthcare,Cat_6,Cluster 1,1,Family Size high (z=+0.93); Age low (z=-0.77); Ever Married=Yes (31% vs 59%),6.4854,Cluster 0,0.6794,Clear - automate,20.2306,6.4854,21.1777
459119,57,8.0,3.0,High,Male,Yes,Yes,Executive,Cat_6,Cluster 2,2,Work Experience high (z=+1.58); Age low (z=-0.33); Family Size low (z=-0.27),2.9675,Cluster 0,0.4892,Clear - automate,5.8093,9.3482,2.9675
459120,19,5.0,5.0,Low,Male,No,No,Healthcare,Cat_2,Cluster 1,1,Family Size high (z=+0.93); Age low (z=-0.77); Ever Married=Yes (31% vs 59%),2.5,Cluster 2,0.6679,Clear - automate,11.1914,2.5,7.5283
459121,51,3.0,6.0,Average,Female,Yes,Yes,Artist,Cat_6,Cluster 1,1,Family Size high (z=+0.93); Age low (z=-0.77); Ever Married=Yes (31% vs 59%),5.582,Cluster 0,0.2603,Moderate - standard outreach,7.5461,5.582,8.9522
459123,86,1.0,2.0,High,Female,Yes,No,Artist,Cat_6,Cluster 0,0,Age high (z=+0.61); Work Experience low (z=-0.53); Ever Married=Yes (79% vs 59%),5.4855,Cluster 2,0.62,Clear - automate,5.4855,15.5637,14.4345
459130,74,1.0,2.0,High,Female,Yes,No,Lawyer,Cat_6,Cluster 0,0,Age high (z=+0.61); Work Experience low (z=-0.53); Ever Married=Yes (79% vs 59%),3.6075,Cluster 1,0.6771,Clear - automate,3.6075,11.1707,11.1873
459132,23,6.0,2.0,Low,Male,No,No,Entertainment,Cat_6,Cluster 2,2,Work Experience high (z=+1.58); Age low (z=-0.33); Family Size low (z=-0.27),3.3969,Cluster 1,0.3146,Moderate - standard outreach,7.2472,4.9558,3.3969
459136,47,0.0,2.0,Average,Male,Yes,Yes,Artist,Cat_6,Cluster 0,0,Age high (z=+0.61); Work Experience low (z=-0.53); Ever Married=Yes (79% vs 59%),0.7484,Cluster 1,0.8597,Clear - automate,0.7484,5.3363,7.5699
459140,19,7.0,6.0,Low,Female,No,No,Healthcare,Cat_6,Cluster 1,1,Family Size high (z=+0.93); Age low (z=-0.77); Ever Married=Yes (31% vs 59%),5.264,Cluster 2,0.3658,Moderate - standard outreach,15.8342,5.264,8.3003
459143,50,0.0,4.0,High,Male,Yes,No,Artist,Cat_6,Cluster 0,0,Age high (z=+0.61); Work Experience low (z=-0.53); Ever Married=Yes (79% vs 59%),2.4868,Cluster 1,0.1857,Borderline - blend or hold back,2.4868,3.0539,9.1981
459144,80,,2.0,High,Male,Yes,Yes,Lawyer,Cat_6,Cluster 0,0,Age high (z=+0.61); Work Experience low (z=-0.53); Ever Married=Yes (79% vs 59%),3.6627,Cluster 2,0.7167,Clear - automate,3.6627,13.2334,12.9272
459145,78,,1.0,Low,Male,Yes,No,Lawyer,Cat_2,Cluster 0,0,Age high (z=+0.61); Work Experience low (z=-0.53); Ever Married=Yes (79% vs 59%),4.3949,Cluster 2,0.6782,Clear - automate,4.3949,14.3919,13.6573
459150,48,0.0,1.0,Low,Female,No,Yes,Doctor,Cat_6,Cluster 0,0,Age high (z=+0.61); Work Experience low (z=-0.53); Ever Married=Yes (79% vs 59%),2.3187,Cluster 1,0.684,Clear - automate,2.3187,7.3367,8.4806
459160,70,1.0,2.0,Average,Male,Yes,Yes,Doctor,Cat_6,Cluster 0,0,Age high (z=+0.61); Work Experience low (z=-0.53); Ever Married=Yes (79% vs 59%),2.0526,Cluster 1,0.7936,Clear - automate,2.0526,9.9441,10.176
459161,50,3.0,5.0,High,Male,Yes,Yes,Executive,Cat_6,Cluster 1,1,Family Size high (z=+0.93); Age low (z=-0.77); Ever Married=Yes (31% vs 59%),3.8799,Cluster 0,0.1831,Borderline - blend or hold back,4.7497,3.8799,7.268
459162,83,0.0,2.0,High,Female,Yes,Yes,Lawyer,Cat_6,Cluster 0,0,Age high (z=+0.61); Work Experience low (z=-0.53); Ever Married=Yes (79% vs 59%),4.87,Cluster 2,0.6709,Clear - automate,4.87,15.0026,14.7989
459163,35,0.0,1.0,Low,Male,No,Yes,Entertainment,Cat_6,Cluster 0,0,Age high (z=+0.61); Work Experience low (z=-0.53); Ever Married=Yes (79% vs 59%),2.9616,Cluster 1,0.4891,Clear - automate,2.9616,5.7968,8.6402
459167,36,0.0,2.0,Low,Female,No,Yes,Artist,Cat_5,Cluster 0,0,Age high (z=+0.61); Work Experience low (z=-0.53); Ever Married=Yes (79% vs 59%),2.7155,Cluster 1,0.3906,Moderate - standard outreach,2.7155,4.4563,7.282
459170,35,1.0,1.0,Low,Female,No,Yes,Artist,Cat_6,Cluster 0,0,Age high (z=+0.61); Work Experience low (z=-0.53); Ever Married=Yes (79% vs 59%),2.8823,Cluster 1,0.532,Clear - automate,2.8823,6.1592,6.2387
459171,35,0.0,2.0,Average,Male,Yes,Yes,Artist,Cat_6,Cluster 0,0,Age high (z=+0.61); Work Experience low (z=-0.53); Ever Married=Yes (79% vs 59%),1.848,Cluster 1,0.582,Clear - automate,1.848,4.4209,7.3004
459172,18,3.0,3.0,Low,Male,No,No,Healthcare,Cat_2,Cluster 1,1,Family Size high (z=+0.93); Age low (z=-0.77); Ever Married=Yes (31% vs 59%),2.0663,Cluster 2,0.6871,Clear - automate,7.2848,2.0663,6.6046
459175,73,1.0,2.0,Average,Female,Yes,Yes,Artist,Cat_6,Cluster 0,0,Age high (z=+0.61); Work Experience low (z=-0.53); Ever Married=Yes (79% vs 59%),2.4576,Cluster 2,0.7523,Clear - automate,2.4576,11.3529,9.9233
459181,62,1.0,3.0,High,Male,Yes,No,Artist,Cat_6,Cluster 0,0,Age high (z=+0.61); Work Experience low (z=-0.53); Ever Married=Yes (79% vs 59%),1.5436,Cluster 1,0.7352,Clear - automate,1.5436,5.8296,8.528
459182,46,1.0,2.0,Average,Female,Yes,Yes,Artist,Cat_6,Cluster 0,0,Age high (z=+0.61); Work Experience low (z=-0.53); Ever Married=Yes (79% vs 59%),1.2199,Cluster 1,0.7814,Clear - automate,1.2199,5.5816,5.6051
459184,43,0.0,4.0,Low,Male,Yes,Yes,Entertainment,Cat_4,Cluster 1,1,Family Size high (z=+0.93); Age low (z=-0.77); Ever Married=Yes (31% vs 59%),2.7339,Cluster 0,0.0381,Borderline - blend or hold back,2.8421,2.7339,8.7548
459185,32,7.0,1.0,Low,Female,No,Yes,Entertainment,Cat_6,Cluster 2,2,Work Experience high (z=+1.58); Age low (z=-0.33); Family Size low (z=-0.27),2.2167,Cluster 0,0.6894,Clear - automate,7.1361,9.0599,2.2167
459193,39,0.0,1.0,Low,Male,No,Yes,Artist,Cat_6,Cluster 0,0,Age high (z=+0.61); Work Experience low (z=-0.53); Ever Married=Yes (79% vs 59%),1.9762,Cluster 1,0.6697,Clear - automate,1.9762,5.983,8.1112
459194,89,0.0,2.0,High,Female,Yes,Yes,Lawyer,Cat_6,Cluster 0,0,Age high (z=+0.61); Work Experience low (z=-0.53); Ever Married=Yes (79% vs 59%),6.3265,Cluster 2,0.6265,Clear - automate,6.3265,17.4666,16.9401
459196,18,0.0,3.0,Low,Female,No,No,Healthcare,Cat_4,Cluster 1,1,Family Size high (z=+0.93); Age low (z=-0.77); Ever Married=Yes (31% vs 59%),2.4378,Cluster 0,0.6742,Clear - automate,7.4816,2.4378,9.7681
459208,57,0.0,2.0,High,Female,Yes,Yes,Artist,Cat_3,Cluster 0,0,Age high (z=+0.61); Work Experience low (z=-0.53); Ever Married=Yes (79% vs 59%),1.6495,Cluster 1,0.7916,Clear - automate,1.6495,7.9165,8.612
459209,18,0.0,4.0,Low,Female,No,No,Entertainment,Cat_6,Cluster 1,1,Family Size high (z=+0.93); Age low (z=-0.77); Ever Married=Yes (31% vs 59%),1.7775,Cluster 0,0.7801,Clear - automate,8.0835,1.7775,10.1438
459210,71,1.0,2.0,High,Female,Yes,Yes,Artist,Cat_6,Cluster 0,0,Age high (z=+0.61); Work Experience low (z=-0.53); Ever Married=Yes (79% vs 59%),2.1801,Cluster 2,0.7685,Clear - automate,2.1801,10.7396,9.4177
459212,69,0.0,2.0,Average,Female,Yes,Yes,Artist,Cat_6,Cluster 0,0,Age high (z=+0.61); Work Experience low (z=-0.53); Ever Married=Yes (79% vs 59%),2.0117,Cluster 1,0.8046,Clear - automate,2.0117,10.2936,10.3433
459213,42,0.0,4.0,Low,Female,No,Yes,Healthcare,Cat_6,Cluster 1,1,Family Size high (z=+0.93); Age low (z=-0.77); Ever Married=Yes (31% vs 59%),1.6465,Cluster 0,0.5189,Clear - automate,3.4226,1.6465,8.2211
459216,36,0.0,2.0,Low,Female,No,Yes,Artist,Cat_6,Cluster 0,0,Age high (z=+0.61); Work Experience low (z=-0.53); Ever Married=Yes (79% vs 59%),2.2155,Cluster 1,0.44,Moderate - standard outreach,2.2155,3.9563,6.782
459220,80,1.0,2.0,High,Female,Yes,Yes,Lawyer,Cat_6,Cluster 0,0,Age high (z=+0.61); Work Experience low (z=-0.53); Ever Married=Yes (79% vs 59%),4.1627,Cluster 2,0.665,Clear - automate,4.1627,13.7334,12.4272
459221,69,,1.0,Low,Male,Yes,No,Entertainment,Cat_6,Cluster 0,0,Age high (z=+0.61); Work Experience low (z=-0.53); Ever Married=Yes (79% vs 59%),2.546,Cluster 2,0.7639,Clear - automate,2.546,11.0319,10.7816
459222,67,0.0,3.0,Average,Female,Yes,Yes,Artist,Cat_6,Cluster 0,0,Age high (z=+0.61); Work Experience low (z=-0.53); Ever Married=Yes (79% vs 59%),2.0378,Cluster 1,0.7521,Clear - automate,2.0378,8.2217,9.915
459223,47,1.0,4.0,Average,Female,Yes,Yes,Doctor,Cat_6,Cluster 0,0,Age high (z=+0.61); Work Experience low (z=-0.53); Ever Married=Yes (79% vs 59%),3.0152,Cluster 1,0.1435,Borderline - blend or hold back,3.0152,3.5204,7.062
459224,49,0.0,2.0,Average,Female,Yes,Yes,Artist,Cat_6,Cluster 0,0,Age high (z=+0.61); Work Experience low (z=-0.53); Ever Married=Yes (79% vs 59%),1.1692,Cluster 1,0.8081,Clear - automate,1.1692,6.0929,7.2189
459227,32,9.0,4.0,Low,Female,Yes,No,Engineer,Cat_6,Cluster 2,2,Work Experience high (z=+1.58); Age low (z=-0.33); Family Size low (z=-0.27),2.1727,Cluster 1,0.6868,Clear - automate,10.4153,6.936,2.1727
459229,65,1.0,4.0,Average,Female,Yes,Yes,Lawyer,Cat_6,Cluster 0,0,Age high (z=+0.61); Work Experience low (z=-0.53); Ever Married=Yes (79% vs 59%),3.3722,Cluster 1,0.5113,Clear - automate,3.3722,6.8998,9.4727
459236,78,0.0,2.0,High,Female,Yes,No,Lawyer,Cat_6,Cluster 0,0,Age high (z=+0.61); Work Experience low (z=-0.53); Ever Married=Yes (79% vs 59%),4.3606,Cluster 1,0.6554,Clear - automate,4.3606,12.6536,13.719
459237,33,1.0,6.0,Low,Male,No,Yes,Artist,Cat_6,Cluster 1,1,Family Size high (z=+0.93); Age low (z=-0.77); Ever Married=Yes (31% vs 59%),2.3091,Cluster 0,0.7177,Clear - automate,8.1792,2.3091,11.1761
459244,48,1.0,1.0,Low,Male,Yes,Yes,Artist,Cat_6,Cluster 0,0,Age high (z=+0.61); Work Experience low (z=-0.53); Ever Married=Yes (79% vs 59%),0.7394,Cluster 2,0.8876,Clear - automate,0.7394,7.1992,6.579
459247,58,1.0,5.0,Average,Male,Yes,Yes,Executive,Cat_6,Cluster 0,0,Age high (z=+0.61); Work Experience low (z=-0.53); Ever Married=Yes (79% vs 59%),4.4069,Cluster 1,0.1181,Borderline - blend or hold back,4.4069,4.9969,10.4825
459258,83,1.0,,High,Female,Yes,Yes,Lawyer,Cat_6,Cluster 0,0,Age high (z=+0.61); Work Experience low (z=-0.53); Ever Married=Yes (79% vs 59%),5.0349,Cluster 1,0.6228,Clear - automate,5.0349,13.347,13.4153
459263,30,9.0,4.0,Low,Female,No,No,Healthcare,Cat_6,Cluster 2,2,Work Experience high (z=+1.58); Age low (z=-0.33); Family Size low (z=-0.27),2.7764,Cluster 1,0.532,Clear - automate,11.2472,5.932,2.7764
459264,35,0.0,2.0,Low,Female,No,Yes,Artist,Cat_6,Cluster 0,0,Age high (z=+0.61); Work Experience low (z=-0.53); Ever Married=Yes (79% vs 59%),2.348,Cluster 1,0.4012,Moderate - standard outreach,2.348,3.9209,6.8004
459266,32,6.0,5.0,Low,Male,No,Yes,Healthcare,Cat_6,Cluster 1,1,Family Size high (z=+0.93); Age low (z=-0.77); Ever Married=Yes (31% vs 59%),2.7585,Cluster 2,0.4281,Moderate - standard outreach,8.3254,2.7585,4.8233
459270,69,1.0,2.0,High,Male,Yes,Yes,Homemaker,Cat_6,Cluster 0,0,Age high (z=+0.61); Work Experience low (z=-0.53); Ever Married=Yes (79% vs 59%),1.9324,Cluster 1,0.7999,Clear - automate,1.9324,9.6561,9.9418
459284,71,1.0,2.0,High,Female,Yes,Yes,Lawyer,Cat_6,Cluster 0,0,Age high (z=+0.61); Work Experience low (z=-0.53); Ever Married=Yes (79% vs 59%),2.6801,Cluster 2,0.7298,Clear - automate,2.6801,10.7396,9.9177
459287,43,0.0,1.0,Low,Male,No,Yes,Lawyer,Cat_4,Cluster 0,0,Age high (z=+0.61); Work Experience low (z=-0.53); Ever Married=Yes (79% vs 59%),2.6097,Cluster 1,0.6156,Clear - automate,2.6097,6.7881,9.201
459288,37,0.0,2.0,Low,Male,Yes,Yes,Artist,Cat_6,Cluster 0,0,Age high (z=+0.61); Work Experience low (z=-0.53); Ever Married=Yes (79% vs 59%),1.0904,Cluster 1,0.7273,Clear - automate,1.0904,3.9992,6.771
459289,42,0.0,1.0,Low,Male,No,Yes,Doctor,Cat_6,Cluster 0,0,Age high (z=+0.61); Work Experience low (z=-0.53); Ever Married=Yes (79% vs 59%),2.1902,Cluster 1,0.6468,Clear - automate,2.1902,6.2007,8.6674
459290,70,1.0,2.0,Average,Female,Yes,Yes,Doctor,Cat_6,Cluster 0,0,Age high (z=+0.61); Work Experience low (z=-0.53); Ever Married=Yes (79% vs 59%),2.5526,Cluster 2,0.7362,Clear - automate,2.5526,10.4441,9.676
459292,46,0.0,2.0,Low,Male,No,Yes,Artist,Cat_6,Cluster 0,0,Age high (z=+0.61); Work Experience low (z=-0.53); Ever Married=Yes (79% vs 59%),0.7992,Cluster 1,0.8106,Clear - automate,0.7992,4.2191,7.5066
459293,21,,,Low,Male,No,No,Healthcare,Cat_1,Cluster 1,1,Family Size high (z=+0.93); Age low (z=-0.77); Ever Married=Yes (31% vs 59%),1.5498,Cluster 0,0.7479,Clear - automate,6.1481,1.5498,8.4547
459296,70,0.0,2.0,Average,Male,Yes,Yes,Artist,Cat_6,Cluster 0,0,Age high (z=+0.61); Work Experience low (z=-0.53); Ever Married=Yes (79% vs 59%),1.6318,Cluster 1,0.8381,Clear - automate,1.6318,10.0816,11.0776
459300,61,1.0,,Low,Female,Yes,Yes,Artist,Cat_6,Cluster 0,0,Age high (z=+0.61); Work Experience low (z=-0.53); Ever Married=Yes (79% vs 59%),0.9829,Cluster 1,0.8389,Clear - automate,0.9829,6.101,6.8532
459307,60,1.0,1.0,Low,Male,Yes,Yes,Entertainment,Cat_6,Cluster 0,0,Age high (z=+0.61); Work Experience low (z=-0.53); Ever Married=Yes (79% vs 59%),1.2991,Cluster 2,0.8473,Clear - automate,1.2991,9.2737,8.5078
459310,37,0.0,2.0,Low,Male,No,Yes,Entertainment,Cat_2,Cluster 0,0,Age high (z=+0.61); Work Experience low (z=-0.53); Ever Married=Yes (79% vs 59%),2.5904,Cluster 1,0.3523,Moderate - standard outreach,2.5904,3.9992,8.271
459316,30,1.0,2.0,Low,Male,Yes,Yes,Healthcare,Cat_6,Cluster 0,0,Age high (z=+0.61); Work Experience low (z=-0.53); Ever Married=Yes (79% vs 59%),2.5427,Cluster 1,0.2098,Moderate - standard outreach,2.5427,3.2178,6.1023
459318,32,1.0,3.0,Low,Female,No,Yes,Engineer,Cat_6,Cluster 1,1,Family Size high (z=+0.93); Age low (z=-0.77); Ever Married=Yes (31% vs 59%),2.2037,Cluster 0,0.3622,Moderate - standard outreach,3.455,2.2037,6.0165
459320,26,0.0,3.0,Low,Male,Yes,Yes,Executive,Cat_6,Cluster 1,1,Family Size high (z=+0.93); Age low (z=-0.77); Ever Married=Yes (31% vs 59%),2.4186,Cluster 0,0.3317,Moderate - standard outreach,3.6191,2.4186,7.8183
459322,42,0.0,1.0,Low,Male,No,Yes,Marketing,Cat_6,Cluster 0,0,Age high (z=+0.61); Work Experience low (z=-0.53); Ever Married=Yes (79% vs 59%),2.1902,Cluster 1,0.6468,Clear - automate,2.1902,6.2007,8.6674
459323,18,,,Low,Female,No,No,Doctor,Cat_6,Cluster 1,1,Family Size high (z=+0.93); Age low (z=-0.77); Ever Married=Yes (31% vs 59%),2.3003,Cluster 0,0.6667,Clear - automate,6.9023,2.3003,7.8666
459338,80,,,Low,Male,Yes,No,Executive,Cat_6,Cluster 0,0,Age high (z=+0.61); Work Experience low (z=-0.53); Ever Married=Yes (79% vs 59%),3.9069,Cluster 1,0.6354,Clear - automate,3.9069,10.7153,12.9451
459339,29,8.0,2.0,High,Male,Yes,Yes,Healthcare,Cat_6,Cluster 2,2,Work Experience high (z=+1.58); Age low (z=-0.33); Family Size low (z=-0.27),1.9045,Cluster 0,0.7531,Clear - automate,7.7147,7.8143,1.9045
459344,88,1.0,2.0,High,Female,Yes,Yes,Artist,Cat_6,Cluster 0,0,Age high (z=+0.61); Work Experience low (z=-0.53); Ever Married=Yes (79% vs 59%),5.4859,Cluster 2,0.6259,Clear - automate,5.4859,16.8999,14.6631
459347,70,1.0,1.0,Low,Male,Yes,Yes,Lawyer,Cat_6,Cluster 0,0,Age high (z=+0.61); Work Experience low (z=-0.53); Ever Married=Yes (79% vs 59%),2.1662,Cluster 2,0.794,Clear - automate,2.1662,11.82,10.5159
459349,50,1.0,4.0,High,Female,Yes,Yes,Artist,Cat_6,Cluster 0,0,Age high (z=+0.61); Work Experience low (z=-0.53); Ever Married=Yes (79% vs 59%),2.4075,Cluster 1,0.3853,Moderate - standard outreach,2.4075,3.9164,6.7966
459352,43,4.0,4.0,Average,Male,Yes,Yes,Doctor,Cat_3,Cluster 1,1,Family Size high (z=+0.93); Age low (z=-0.77); Ever Married=Yes (31% vs 59%),3.7659,Cluster 0,0.0831,Borderline - blend or hold back,4.1071,3.7659,4.7307
459353,51,6.0,2.0,Average,Male,Yes,Yes,Artist,Cat_6,Cluster 2,2,Work Experience high (z=+1.58); Age low (z=-0.33); Family Size low (z=-0.27),2.1937,Cluster 0,0.2301,Moderate - standard outreach,2.8493,7.7594,2.1937
459354,50,,3.0,High,Female,Yes,Yes,Artist,Cat_6,Cluster 0,0,Age high (z=+0.61); Work Experience low (z=-0.53); Ever Married=Yes (79% vs 59%),1.3056,Cluster 1,0.7147,Clear - automate,1.3056,4.5767,5.9209
459355,74,,1.0,Low,Female,Yes,No,Homemaker,Cat_6,Cluster 0,0,Age high (z=+0.61); Work Experience low (z=-0.53); Ever Married=Yes (79% vs 59%),3.7211,Cluster 2,0.6772,Clear - automate,3.7211,13.0465,11.5272
459360,29,,3.0,Low,Female,No,Yes,Healthcare,Cat_6,Cluster 1,1,Family Size high (z=+0.93); Age low (z=-0.77); Ever Married=Yes (31% vs 59%),1.7089,Cluster 0,0.5689,Clear - automate,3.9639,1.7089,6.1832
459361,32,,2.0,Low,Female,No,Yes,Engineer,Cat_6,Cluster 0,0,Age high (z=+0.61); Work Experience low (z=-0.53); Ever Married=Yes (79% vs 59%),3.2108,Cluster 1,0.1373,Borderline - blend or hold back,3.2108,3.7218,5.9986
459362,60,0.0,2.0,Low,Male,Yes,No,Executive,Cat_6,Cluster 0,0,Age high (z=+0.61); Work Experience low (z=-0.53); Ever Married=Yes (79% vs 59%),1.2647,Cluster 1,0.8065,Clear - automate,1.2647,6.5354,9.5695
459363,46,2.0,1.0,Low,Male,No,Yes,Artist,Cat_6,Cluster 0,0,Age high (z=+0.61); Work Experience low (z=-0.53); Ever Married=Yes (79% vs 59%),1.4346,Cluster 2,0.7494,Clear - automate,1.4346,6.5003,5.7238
459364,81,0.0,2.0,Low,Female,Yes,Yes,Marketing,Cat_6,Cluster 0,0,Age high (z=+0.61); Work Experience low (z=-0.53); Ever Married=Yes (79% vs 59%),3.9439,Cluster 2,0.711,Clear - automate,3.9439,13.7407,13.6447
459369,41,,7.0,Average,Male,Yes,No,Engineer,Cat_4,Cluster 1,1,Family Size high (z=+0.93); Age low (z=-0.77); Ever Married=Yes (31% vs 59%),5.5946,Cluster 0,0.5482,Clear - automate,12.3835,5.5946,16.067
459375,22,0.0,4.0,High,Male,Yes,No,Executive,Cat_6,Cluster 1,1,Family Size high (z=+0.93); Age low (z=-0.77); Ever Married=Yes (31% vs 59%),1.9584,Cluster 0,0.7029,Clear - automate,6.5928,1.9584,10.1094
459377,37,0.0,3.0,Average,Male,Yes,Yes,Artist,Cat_6,Cluster 0,0,Age high (z=+0.61); Work Experience low (z=-0.53); Ever Married=Yes (79% vs 59%),1.8346,Cluster 1,0.3846,Moderate - standard outreach,1.8346,2.9811,7.2889
459383,43,0.0,1.0,Low,Male,Yes,No,Engineer,Cat_6,Cluster 0,0,Age high (z=+0.61); Work Experience low (z=-0.53); Ever Married=Yes (79% vs 59%),2.1097,Cluster 1,0.6645,Clear - automate,2.1097,6.2881,8.701
459384,50,1.0,3.0,Average,Male,Yes,Yes,Artist,Cat_6,Cluster 0,0,Age high (z=+0.61); Work Experience low (z=-0.53); Ever Married=Yes (79% vs 59%),0.8056,Cluster 1,0.8024,Clear - automate,0.8056,4.0767,6.4209
459385,35,1.0,2.0,Average,Female,Yes,Yes,Artist,Cat_7,Cluster 0,0,Age high (z=+0.61); Work Experience low (z=-0.53); Ever Married=Yes (79% vs 59%),2.7687,Cluster 1,0.476,Clear - automate,2.7687,5.2834,5.8988
459386,65,1.0,2.0,High,Male,Yes,No,Lawyer,Cat_6,Cluster 0,0,Age high (z=+0.61); Work Experience low (z=-0.53); Ever Married=Yes (79% vs 59%),2.0261,Cluster 1,0.7492,Clear - automate,2.0261,8.0781,9.5791
459391,41,0.0,4.0,Low,Female,No,Yes,Engineer,Cat_6,Cluster 1,1,Family Size high (z=+0.93); Age low (z=-0.77); Ever Married=Yes (31% vs 59%),2.0665,Cluster 0,0.4114,Moderate - standard outreach,3.5105,2.0665,8.195
459394,28,8.0,2.0,Low,Male,No,No,Entertainment,Cat_6,Cluster 2,2,Work Experience high (z=+1.58); Age low (z=-0.33); Family Size low (z=-0.27),2.4749,Cluster 1,0.6377,Clear - automate,8.3992,6.8309,2.4749
459397,55,4.0,2.0,Average,Male,Yes,Yes,Artist,Cat_6,Cluster 0,0,Age high (z=+0.61); Work Experience low (z=-0.53); Ever Married=Yes (79% vs 59%),1.3748,Cluster 2,0.6401,Clear - automate,1.3748,7.073,3.8201
459398,58,,2.0,High,Female,Yes,No,Lawyer,Cat_6,Cluster 0,0,Age high (z=+0.61); Work Experience low (z=-0.53); Ever Married=Yes (79% vs 59%),2.1012,Cluster 1,0.6989,Clear - automate,2.1012,6.9778,7.8555
459401,28,1.0,3.0,Low,Male,No,No,Healthcare,,Cluster 1,1,Family Size high (z=+0.93); Age low (z=-0.77); Ever Married=Yes (31% vs 59%),1.2255,Cluster 0,0.7364,Clear - automate,4.6484,1.2255,7.7536
459403,48,,4.0,Average,Male,Yes,Yes,Artist,Cat_7,Cluster 0,0,Age high (z=+0.61); Work Experience low (z=-0.53); Ever Married=Yes (79% vs 59%),2.4719,Cluster 1,0.3218,Moderate - standard outreach,2.4719,3.645,7.6327
459405,78,1.0,2.0,High,Female,Yes,No,Doctor,Cat_6,Cluster 0,0,Age high (z=+0.61); Work Experience low (z=-0.53); Ever Married=Yes (79% vs 59%),4.2813,Cluster 2,0.6524,Clear - automate,4.2813,12.5161,12.3175
459407,35,1.0,3.0,Low,Female,No,Yes,Doctor,Cat_6,Cluster 1,1,Family Size high (z=+0.93); Age low (z=-0.77); Ever Married=Yes (31% vs 59%),2.2653,Cluster 0,0.2481,Moderate - standard outreach,3.0129,2.2653,5.9167
459409,76,0.0,2.0,High,Female,Yes,Yes,Lawyer,Cat_6,Cluster 0,0,Age high (z=+0.61); Work Experience low (z=-0.53); Ever Married=Yes (79% vs 59%),3.5088,Cluster 1,0.7185,Clear - automate,3.5088,12.466,12.6391
459410,88,1.0,2.0,High,Female,Yes,Yes,Lawyer,Cat_6,Cluster 0,0,Age high (z=+0.61); Work Experience low (z=-0.53); Ever Married=Yes (79% vs 59%),5.9859,Cluster 2,0.6052,Clear - automate,5.9859,16.8999,15.1631
459412,61,1.0,3.0,Average,Male,Yes,Yes,,Cat_6,Cluster 0,0,Age high (z=+0.61); Work Experience low (z=-0.53); Ever Married=Yes (79% vs 59%),1.4829,Cluster 1,0.7569,Clear - automate,1.4829,6.101,8.3532
459413,79,,2.0,High,Female,Yes,Yes,Artist,Cat_6,Cluster 0,0,Age high (z=+0.61); Work Experience low (z=-0.53); Ever Married=Yes (79% vs 59%),3.4683,Cluster 2,0.7015,Clear - automate,3.4683,13.3711,11.6186
459415,30,0.0,4.0,Low,Male,No,No,Doctor,Cat_6,Cluster 1,1,Family Size high (z=+0.93); Age low (z=-0.77); Ever Married=Yes (31% vs 59%),0.677,Cluster 0,0.8637,Clear - automate,4.968,0.677,9.3974
459418,69,0.0,2.0,High,Male,Yes,No,Executive,Cat_6,Cluster 0,0,Age high (z=+0.61); Work Experience low (z=-0.53); Ever Married=Yes (79% vs 59%),2.5117,Cluster 1,0.7297,Clear - automate,2.5117,9.2936,11.8433
459419,65,1.0,2.0,Average,Male,Yes,Yes,Doctor,Cat_6,Cluster 0,0,Age high (z=+0.61); Work Experience low (z=-0.53); Ever Married=Yes (79% vs 59%),1.5261,Cluster 1,0.8221,Clear - automate,1.5261,8.5781,9.0791
459420,70,1.0,2.0,Low,Female,Yes,Yes,Lawyer,Cat_6,Cluster 0,0,Age high (z=+0.61); Work Experience low (z=-0.53); Ever Married=Yes (79% vs 59%),2.0526,Cluster 2,0.7763,Clear - automate,2.0526,9.9441,9.176
459421,32,0.0,4.0,Average,Male,Yes,No,Healthcare,Cat_6,Cluster 1,1,Family Size high (z=+0.93); Age low (z=-0.77); Ever Married=Yes (31% vs 59%),1.1809,Cluster 0,0.7453,Clear - automate,4.6362,1.1809,9.2937
459422,46,,4.0,Low,Male,Yes,Yes,Entertainment,Cat_6,Cluster 0,0,Age high (z=+0.61); Work Experience low (z=-0.53); Ever Married=Yes (79% vs 59%),2.066,Cluster 1,0.1403,Borderline - blend or hold back,2.066,2.4032,6.9986
459423,21,8.0,5.0,Low,Male,No,No,Healthcare,Cat_6,Cluster 1,1,Family Size high (z=+0.93); Age low (z=-0.77); Ever Married=Yes (31% vs 59%),4.6743,Cluster 2,0.1945,Borderline - blend or hold back,13.2046,4.6743,5.8029
459424,47,,3.0,Low,Male,Yes,Yes,Doctor,Cat_6,Cluster 0,0,Age high (z=+0.61); Work Experience low (z=-0.53); Ever Married=Yes (79% vs 59%),0.9133,Cluster 1,0.7129,Clear - automate,0.9133,3.1807,6.1863
459428,39,0.0,2.0,Low,Female,No,No,Marketing,Cat_4,Cluster 0,0,Age high (z=+0.61); Work Experience low (z=-0.53); Ever Married=Yes (79% vs 59%),3.3626,Cluster 1,0.1813,Borderline - blend or hold back,3.3626,4.1072,8.2713
459432,85,0.0,3.0,Low,Male,Yes,Yes,Lawyer,Cat_6,Cluster 0,0,Age high (z=+0.61); Work Experience low (z=-0.53); Ever Married=Yes (79% vs 59%),4.5699,Cluster 1,0.6558,Clear - automate,4.5699,13.2762,15.5008
459436,66,0.0,2.0,Low,Female,No,Yes,Artist,Cat_6,Cluster 0,0,Age high (z=+0.61); Work Experience low (z=-0.53); Ever Married=Yes (79% vs 59%),1.6958,Cluster 1,0.7999,Clear - automate,1.6958,8.474,9.6852
459439,50,1.0,2.0,Average,Female,Yes,Yes,Artist,Cat_6,Cluster 0,0,Age high (z=+0.61); Work Experience low (z=-0.53); Ever Married=Yes (79% vs 59%),1.0614,Cluster 2,0.8202,Clear - automate,1.0614,6.0948,5.903
459445,42,0.0,3.0,Average,Female,Yes,Yes,Artist,Cat_6,Cluster 0,0,Age high (z=+0.61); Work Experience low (z=-0.53); Ever Married=Yes (79% vs 59%),1.8207,Cluster 1,0.5217,Clear - automate,1.8207,3.8068,6.8455
459447,53,9.0,1.0,Low,Male,Yes,Yes,Artist,Cat_6,Cluster 2,2,Work Experience high (z=+1.58); Age low (z=-0.33); Family Size low (z=-0.27),2.3248,Cluster 0,0.6419,Clear - automate,6.4927,13.3261,2.3248
459449,37,,2.0,Low,Male,Yes,Yes,Artist,Cat_6,Cluster 0,0,Age high (z=+0.61); Work Experience low (z=-0.53); Ever Married=Yes (79% vs 59%),1.0111,Cluster 1,0.7382,Clear - automate,1.0111,3.8617,5.3695
459451,45,1.0,2.0,Low,Female,Yes,Yes,Artist,Cat_6,Cluster 0,0,Age high (z=+0.61); Work Experience low (z=-0.53); Ever Married=Yes (79% vs 59%),0.7781,Cluster 1,0.8435,Clear - automate,0.7781,4.9719,5.0492
459456,66,,1.0,Low,Female,No,No,Lawyer,Cat_6,Cluster 0,0,Age high (z=+0.61); Work Experience low (z=-0.53); Ever Married=Yes (79% vs 59%),3.2302,Cluster 2,0.6809,Clear - automate,3.2302,10.2123,10.1235
459458,33,,,Low,Male,No,No,Marketing,Cat_6,Cluster 1,1,Family Size high (z=+0.93); Age low (z=-0.77); Ever Married=Yes (31% vs 59%),1.2168,Cluster 0,0.6313,Clear - automate,3.3002,1.2168,6.9758
459459,40,4.0,1.0,Low,Male,Yes,Yes,Artist,Cat_6,Cluster 0,0,Age high (z=+0.61); Work Experience low (z=-0.53); Ever Married=Yes (79% vs 59%),2.1384,Cluster 2,0.3099,Moderate - standard outreach,2.1384,7.0802,3.0985
459461,35,1.0,1.0,Low,Female,Yes,Yes,Artist,Cat_1,Cluster 0,0,Age high (z=+0.61); Work Experience low (z=-0.53); Ever Married=Yes (79% vs 59%),2.8823,Cluster 2,0.538,Clear - automate,2.8823,7.1592,6.2387
459464,27,,2.0,Low,Male,No,Yes,Artist,Cat_6,Cluster 0,0,Age high (z=+0.61); Work Experience low (z=-0.53); Ever Married=Yes (79% vs 59%),3.0962,Cluster 1,0.0525,Borderline - blend or hold back,3.0962,3.2676,6.3136
459466,48,0.0,3.0,Average,Female,Yes,Yes,Artist,Cat_4,Cluster 0,0,Age high (z=+0.61); Work Experience low (z=-0.53); Ever Married=Yes (79% vs 59%),1.9493,Cluster 1,0.6056,Clear - automate,1.9493,4.9428,7.6586
459467,56,0.0,2.0,Average,Female,Yes,Yes,Artist,Cat_6,Cluster 0,0,Age high (z=+0.61); Work Experience low (z=-0.53); Ever Married=Yes (79% vs 59%),1.126,Cluster 1,0.8442,Clear - automate,1.126,7.225,7.9743
459469,25,,6.0,Low,Male,Yes,Yes,Healthcare,Cat_6,Cluster 1,1,Family Size high (z=+0.93); Age low (z=-0.77); Ever Married=Yes (31% vs 59%),2.4123,Cluster 0,0.7494,Clear - automate,9.6256,2.4123,11.7098
459471,30,,8.0,Low,Female,No,No,Artist,Cat_6,Cluster 1,1,Family Size high (z=+0.93); Age low (z=-0.77); Ever Married=Yes (31% vs 59%),6.9758,Cluster 0,0.6097,Clear - automate,17.874,6.9758,19.0761
459480,46,7.0,3.0,Low,Female,Yes,Yes,Entertainment,Cat_6,Cluster 2,2,Work Experience high (z=+1.58); Age low (z=-0.33); Family Size low (z=-0.27),1.0012,Cluster 0,0.7904,Clear - automate,4.7758,6.5259,1.0012
459481,49,0.0,2.0,Low,Male,Yes,No,Lawyer,Cat_6,Cluster 0,0,Age high (z=+0.61); Work Experience low (z=-0.53); Ever Married=Yes (79% vs 59%),1.1692,Cluster 1,0.7454,Clear - automate,1.1692,4.5929,8.2189
459482,72,1.0,4.0,Low,Male,Yes,No,Marketing,Cat_6,Cluster 0,0,Age high (z=+0.61); Work Experience low (z=-0.53); Ever Married=Yes (79% vs 59%),3.6612,Cluster 1,0.5028,Clear - automate,3.6612,7.3642,11.5604
459485,79,,2.0,High,Female,Yes,Yes,Lawyer,Cat_6,Cluster 0,0,Age high (z=+0.61); Work Experience low (z=-0.53); Ever Married=Yes (79% vs 59%),3.9683,Cluster 2,0.6725,Clear - automate,3.9683,13.3711,12.1186
459496,35,,3.0,Low,Female,No,Yes,Artist,Cat_6,Cluster 1,1,Family Size high (z=+0.93); Age low (z=-0.77); Ever Married=Yes (31% vs 59%),2.2653,Cluster 0,0.0985,Borderline - blend or hold back,2.5129,2.2653,5.4167
459497,77,0.0,1.0,Low,Female,Yes,Yes,Lawyer,Cat_6,Cluster 0,0,Age high (z=+0.61); Work Experience low (z=-0.53); Ever Married=Yes (79% vs 59%),3.7946,Cluster 2,0.7139,Clear - automate,3.7946,14.682,13.2652
459499,79,,2.0,High,Female,Yes,No,Lawyer,Cat_6,Cluster 0,0,Age high (z=+0.61); Work Experience low (z=-0.53); Ever Married=Yes (79% vs 59%),4.4683,Cluster 2,0.6459,Clear - automate,4.4683,12.8711,12.6186
459503,42,6.0,4.0,High,Male,Yes,Yes,Healthcare,Cat_6,Cluster 2,2,Work Experience high (z=+1.58); Age low (z=-0.33); Family Size low (z=-0.27),3.0173,Cluster 1,0.2507,Moderate - standard outreach,5.1522,4.0267,3.0173
459505,42,,1.0,Low,Female,No,Yes,Engineer,Cat_6,Cluster 0,0,Age high (z=+0.61); Work Experience low (z=-0.53); Ever Married=Yes (79% vs 59%),2.6109,Cluster 1,0.6022,Clear - automate,2.6109,6.5632,6.7659
459507,67,,2.0,High,Male,Yes,No,Lawyer,Cat_1,Cluster 0,0,Age high (z=+0.61); Work Experience low (z=-0.53); Ever Married=Yes (79% vs 59%),2.7144,Cluster 1,0.7018,Clear - automate,2.7144,9.1022,10.4956
459509,26,1.0,1.0,Low,Male,No,Yes,Healthcare,Cat_6,Cluster 0,0,Age high (z=+0.61); Work Experience low (z=-0.53); Ever Married=Yes (79% vs 59%),4.4092,Cluster 1,0.148,Borderline - blend or hold back,4.4092,5.1749,7.7387
459512,67,1.0,2.0,High,Male,Yes,Yes,Lawyer,Cat_6,Cluster 0,0,Age high (z=+0.61); Work Experience low (z=-0.53); Ever Married=Yes (79% vs 59%),1.7144,Cluster 1,0.8116,Clear - automate,1.7144,9.1022,9.4956
459515,55,1.0,1.0,Low,Male,Yes,Yes,Engineer,Cat_6,Cluster 0,0,Age high (z=+0.61); Work Experience low (z=-0.53); Ever Married=Yes (79% vs 59%),1.1442,Cluster 2,0.853,Clear - automate,1.1442,8.2793,7.7824
459516,56,,2.0,Average,Female,,Yes,Artist,Cat_6,Cluster 0,0,Age high (z=+0.61); Work Experience low (z=-0.53); Ever Married=Yes (79% vs 59%),1.5467,Cluster 2,0.7813,Clear - automate,1.5467,7.0875,7.0728
459518,63,,4.0,Average,Male,Yes,,,Cat_6,Cluster 0,0,Age high (z=+0.61); Work Experience low (z=-0.53); Ever Married=Yes (79% vs 59%),3.2136,Cluster 1,0.4558,Clear - automate,3.2136,5.9054,10.0859
459535,46,8.0,2.0,Average,Male,Yes,Yes,Artist,Cat_6,Cluster 2,2,Work Experience high (z=+1.58); Age low (z=-0.33); Family Size low (z=-0.27),1.3442,Cluster 0,0.7422,Clear - automate,5.2148,9.1689,1.3442
459536,32,7.0,2.0,Low,Male,Yes,Yes,Healthcare,Cat_6,Cluster 2,2,Work Experience high (z=+1.58); Age low (z=-0.33); Family Size low (z=-0.27),1.3769,Cluster 0,0.7507,Clear - automate,5.5225,6.1841,1.3769
459538,49,13.0,1.0,Low,Female,No,Yes,Homemaker,Cat_6,Cluster 2,2,Work Experience high (z=+1.58); Age low (z=-0.33); Family Size low (z=-0.27),4.4064,Cluster 0,0.7124,Clear - automate,15.3196,19.7486,4.4064
459541,59,1.0,2.0,High,Male,Yes,Yes,Artist,Cat_6,Cluster 0,0,Age high (z=+0.61); Work Experience low (z=-0.53); Ever Married=Yes (79% vs 59%),0.6396,Cluster 1,0.911,Clear - automate,0.6396,7.1842,7.508
459549,22,8.0,5.0,Low,Male,No,No,Healthcare,Cat_4,Cluster 1,1,Family Size high (z=+0.93); Age low (z=-0.77); Ever Married=Yes (31% vs 59%),5.1056,Cluster 2,0.1739,Borderline - blend or hold back,13.4681,5.1056,6.1805
459555,28,8.0,1.0,Low,Female,No,Yes,Artist,Cat_6,Cluster 2,2,Work Experience high (z=+1.58); Age low (z=-0.33); Family Size low (z=-0.27),1.8148,Cluster 0,0.7868,Clear - automate,8.5128,10.2067,1.8148
459558,28,1.0,3.0,Low,Male,No,Yes,Entertainment,Cat_6,Cluster 1,1,Family Size high (z=+0.93); Age low (z=-0.77); Ever Married=Yes (31% vs 59%),1.7255,Cluster 0,0.527,Clear - automate,3.6484,1.7255,6.7536
459564,75,2.0,1.0,Low,Male,Yes,Yes,Lawyer,Cat_6,Cluster 0,0,Age high (z=+0.61); Work Experience low (z=-0.53); Ever Married=Yes (79% vs 59%),2.9794,Cluster 2,0.7183,Clear - automate,2.9794,13.4146,10.5774
459566,37,13.0,2.0,Low,Female,Yes,Yes,Artist,Cat_6,Cluster 2,2,Work Experience high (z=+1.58); Age low (z=-0.33); Family Size low (z=-0.27),2.1186,Cluster 0,0.8552,Clear - automate,14.6273,16.779,2.1186
459567,50,0.0,2.0,Average,Male,Yes,Yes,Doctor,Cat_6,Cluster 0,0,Age high (z=+0.61); Work Experience low (z=-0.53); Ever Married=Yes (79% vs 59%),1.1407,Cluster 1,0.801,Clear - automate,1.1407,5.7323,8.3045
459571,50,1.0,4.0,High,Female,Yes,Yes,Executive,Cat_6,Cluster 0,0,Age high (z=+0.61); Work Experience low (z=-0.53); Ever Married=Yes (79% vs 59%),2.9075,Cluster 1,0.2576,Moderate - standard outreach,2.9075,3.9164,7.2966
459576,88,,,Low,Female,Yes,No,Lawyer,,Cluster 0,0,Age high (z=+0.61); Work Experience low (z=-0.53); Ever Married=Yes (79% vs 59%),6.7301,Cluster 1,0.5478,Clear - automate,6.7301,14.8818,15.681
459579,35,3.0,5.0,Average,Female,Yes,Yes,Artist,Cat_4,Cluster 1,1,Family Size high (z=+0.93); Age low (z=-0.77); Ever Married=Yes (31% vs 59%),3.5685,Cluster 2,0.4303,Moderate - standard outreach,6.4569,3.5685,6.2638
459581,35,,,Low,Female,No,No,,Cat_7,Cluster 1,1,Family Size high (z=+0.93); Age low (z=-0.77); Ever Married=Yes (31% vs 59%),2.2653,Cluster 0,0.4355,Moderate - standard outreach,4.0129,2.2653,6.9167
459582,31,,3.0,Average,Male,Yes,No,Entertainment,Cat_6,Cluster 1,1,Family Size high (z=+0.93); Age low (z=-0.77); Ever Married=Yes (31% vs 59%),2.198,Cluster 0,0.3923,Moderate - standard outreach,3.6172,2.198,7.0647
459583,46,0.0,1.0,Low,Male,Yes,Yes,Artist,Cat_6,Cluster 0,0,Age high (z=+0.61); Work Experience low (z=-0.53); Ever Married=Yes (79% vs 59%),0.9128,Cluster 1,0.8713,Clear - automate,0.9128,7.095,7.8465
459585,50,1.0,4.0,Average,Female,Yes,Yes,Artist,Cat_6,Cluster 0,0,Age high (z=+0.61); Work Experience low (z=-0.53); Ever Married=Yes (79% vs 59%),2.4075,Cluster 1,0.3853,Moderate - standard outreach,2.4075,3.9164,6.7966
459587,33,7.0,3.0,Low,Female,No,Yes,Artist,Cat_6,Cluster 2,2,Work Experience high (z=+1.58); Age low (z=-0.33); Family Size low (z=-0.27),0.8541,Cluster 1,0.8351,Clear - automate,6.1119,5.1791,0.8541
459588,49,0.0,1.0,Low,Male,Yes,Yes,Artist,Cat_6,Cluster 0,0,Age high (z=+0.61); Work Experience low (z=-0.53); Ever Married=Yes (79% vs 59%),0.7828,Cluster 1,0.8952,Clear - automate,0.7828,7.4687,8.0588
459591,52,1.0,3.0,Average,Male,Yes,Yes,Artist,Cat_6,Cluster 0,0,Age high (z=+0.61); Work Experience low (z=-0.53); Ever Married=Yes (79% vs 59%),0.771,Cluster 1,0.8239,Clear - automate,0.771,4.3779,6.6144
459592,25,0.0,3.0,Low,Male,No,No,Healthcare,Cat_6,Cluster 1,1,Family Size high (z=+0.93); Age low (z=-0.77); Ever Married=Yes (31% vs 59%),0.9575,Cluster 0,0.8016,Clear - automate,4.8259,0.9575,8.911
459594,41,6.0,1.0,Low,Female,Yes,Yes,Artist,Cat_6,Cluster 2,2,Work Experience high (z=+1.58); Age low (z=-0.33); Family Size low (z=-0.27),1.4374,Cluster 0,0.6413,Clear - automate,4.0076,9.0009,1.4374
459597,68,0.0,2.0,High,Female,Yes,Yes,Artist,Cat_6,Cluster 0,0,Age high (z=+0.61); Work Experience low (z=-0.53); Ever Married=Yes (79% vs 59%),1.899,Cluster 1,0.8103,Clear - automate,1.899,10.013,10.1165
459603,79,2.0,2.0,High,Female,Yes,No,Lawyer,Cat_6,Cluster 0,0,Age high (z=+0.61); Work Experience low (z=-0.53); Ever Married=Yes (79% vs 59%),4.5694,Cluster 2,0.5991,Clear - automate,4.5694,12.9139,11.3974
459607,40,5.0,5.0,Average,Male,Yes,Yes,Entertainment,Cat_6,Cluster 1,1,Family Size high (z=+0.93); Age low (z=-0.77); Ever Married=Yes (31% vs 59%),3.8073,Cluster 2,0.2686,Moderate - standard outreach,6.4726,3.8073,5.2055
459608,62,,1.0,Low,Female,No,Yes,Doctor,Cat_6,Cluster 0,0,Age high (z=+0.61); Work Experience low (z=-0.53); Ever Married=Yes (79% vs 59%),2.413,Cluster 2,0.7273,Clear - automate,2.413,9.7235,8.85
459612,21,,2.0,Low,Male,No,No,Healthcare,Cat_6,Cluster 1,1,Family Size high (z=+0.93); Age low (z=-0.77); Ever Married=Yes (31% vs 59%),2.5679,Cluster 0,0.5248,Clear - automate,5.404,2.5679,7.9368
459616,20,,4.0,Low,Female,No,No,Healthcare,Cat_1,Cluster 1,1,Family Size high (z=+0.93); Age low (z=-0.77); Ever Married=Yes (31% vs 59%),1.4656,Cluster 0,0.8167,Clear - automate,7.994,1.4656,8.9602
459617,28,1.0,5.0,Low,Male,No,Yes,Entertainment,Cat_6,Cluster 1,1,Family Size high (z=+0.93); Age low (z=-0.77); Ever Married=Yes (31% vs 59%),1.2627,Cluster 0,0.8118,Clear - automate,6.71,1.2627,9.3627
459618,57,0.0,2.0,Average,Male,Yes,Yes,Doctor,Cat_4,Cluster 0,0,Age high (z=+0.61); Work Experience low (z=-0.53); Ever Married=Yes (79% vs 59%),1.6495,Cluster 1,0.7776,Clear - automate,1.6495,7.4165,9.612
459621,25,8.0,,Low,Female,No,No,Healthcare,,Cluster 2,2,Work Experience high (z=+1.58); Age low (z=-0.33); Family Size low (z=-0.27),2.7487,Cluster 1,0.5347,Clear - automate,10.2415,5.9072,2.7487
459625,63,8.0,1.0,Low,Female,Yes,No,Engineer,Cat_6,Cluster 2,2,Work Experience high (z=+1.58); Age low (z=-0.33); Family Size low (z=-0.27),4.2714,Cluster 0,0.3877,Moderate - standard outreach,6.9761,14.0469,4.2714
459626,26,1.0,3.0,Low,Female,Yes,No,Entertainment,Cat_6,Cluster 1,1,Family Size high (z=+0.93); Age low (z=-0.77); Ever Married=Yes (31% vs 59%),2.281,Cluster 0,0.4975,Clear - automate,4.5398,2.281,6.4168
459632,50,0.0,3.0,High,Female,Yes,No,Marketing,Cat_4,Cluster 0,0,Age high (z=+0.61); Work Experience low (z=-0.53); Ever Married=Yes (79% vs 59%),2.8849,Cluster 1,0.388,Moderate - standard outreach,2.8849,4.7142,8.8224
459644,30,9.0,4.0,Low,Female,No,No,Marketing,Cat_2,Cluster 2,2,Work Experience high (z=+1.58); Age low (z=-0.33); Family Size low (z=-0.27),3.2764,Cluster 1,0.5274,Clear - automate,11.7472,6.932,3.2764
459652,26,,4.0,Low,Female,No,No,Engineer,Cat_4,Cluster 1,1,Family Size high (z=+0.93); Age low (z=-0.77); Ever Married=Yes (31% vs 59%),1.6207,Cluster 0,0.756,Clear - automate,6.6417,1.6207,8.2924
459658,61,1.0,3.0,Average,Male,Yes,Yes,Artist,Cat_6,Cluster 0,0,Age high (z=+0.61); Work Experience low (z=-0.53); Ever Married=Yes (79% vs 59%),0.9829,Cluster 1,0.8389,Clear - automate,0.9829,6.101,7.8532
459664,42,3.0,1.0,Low,Male,No,Yes,Artist,Cat_6,Cluster 0,0,Age high (z=+0.61); Work Experience low (z=-0.53); Ever Married=Yes (79% vs 59%),1.9934,Cluster 2,0.5574,Clear - automate,1.9934,6.3292,4.5039
459665,88,4.0,2.0,Low,Male,Yes,Yes,Artist,Cat_6,Cluster 0,0,Age high (z=+0.61); Work Experience low (z=-0.53); Ever Married=Yes (79% vs 59%),5.3302,Cluster 2,0.5381,Clear - automate,5.3302,16.5694,11.5406
459672,45,3.0,3.0,Average,Male,Yes,No,Artist,Cat_6,Cluster 0,0,Age high (z=+0.61); Work Experience low (z=-0.53); Ever Married=Yes (79% vs 59%),1.9047,Cluster 1,0.4084,Moderate - standard outreach,1.9047,3.2199,4.3051
459673,86,1.0,1.0,Low,Female,Yes,Yes,Lawyer,Cat_6,Cluster 0,0,Age high (z=+0.61); Work Experience low (z=-0.53); Ever Married=Yes (79% vs 59%),5.5991,Cluster 2,0.621,Clear - automate,5.5991,17.9395,14.7744
459678,18,1.0,5.0,Low,Male,No,No,Healthcare,Cat_6,Cluster 1,1,Family Size high (z=+0.93); Age low (z=-0.77); Ever Married=Yes (31% vs 59%),0.8374,Cluster 0,0.9115,Clear - automate,9.4639,0.8374,10.9756
459680,37,,1.0,Low,Male,No,Yes,Entertainment,Cat_6,Cluster 0,0,Age high (z=+0.61); Work Experience low (z=-0.53); Ever Married=Yes (79% vs 59%),2.6248,Cluster 1,0.5425,Clear - automate,2.6248,5.7375,7.2093
459686,46,1.0,1.0,Low,Male,Yes,Yes,Artist,Cat_6,Cluster 0,0,Age high (z=+0.61); Work Experience low (z=-0.53); Ever Married=Yes (79% vs 59%),0.8335,Cluster 2,0.8707,Clear - automate,0.8335,6.9574,6.4449
459691,58,,2.0,Average,Male,Yes,No,Artist,Cat_6,Cluster 0,0,Age high (z=+0.61); Work Experience low (z=-0.53); Ever Married=Yes (79% vs 59%),1.1012,Cluster 1,0.83,Clear - automate,1.1012,6.4778,7.8555
459692,72,8.0,2.0,High,Female,Yes,Yes,Lawyer,Cat_6,Cluster 2,2,Work Experience high (z=+1.58); Age low (z=-0.33); Family Size low (z=-0.27),5.406,Cluster 0,0.2605,Moderate - standard outreach,7.31,15.1298,5.406
459693,50,0.0,3.0,High,Female,Yes,Yes,Artist,,Cluster 0,0,Age high (z=+0.61); Work Experience low (z=-0.53); Ever Married=Yes (79% vs 59%),1.8849,Cluster 1,0.6385,Clear - automate,1.8849,5.2142,7.8224
459699,56,8.0,3.0,Average,Female,,Yes,Engineer,Cat_6,Cluster 2,2,Work Experience high (z=+1.58); Age low (z=-0.33); Family Size low (z=-0.27),2.8299,Cluster 0,0.583,Clear - automate,6.7857,9.6567,2.8299
459701,46,3.0,3.0,Low,Male,No,No,Artist,Cat_5,Cluster 0,0,Age high (z=+0.61); Work Experience low (z=-0.53); Ever Married=Yes (79% vs 59%),2.3465,Cluster 1,0.1707,Borderline - blend or hold back,2.3465,2.8296,4.861
459710,57,,1.0,Low,Male,Yes,Yes,Artist,Cat_6,Cluster 0,0,Age high (z=+0.61); Work Experience low (z=-0.53); Ever Married=Yes (79% vs 59%),0.6838,Cluster 2,0.9094,Clear - automate,0.6838,8.6548,7.5503
459711,42,9.0,6.0,High,Male,Yes,No,Executive,Cat_6,Cluster 2,2,Work Experience high (z=+1.58); Age low (z=-0.33); Family Size low (z=-0.27),7.4247,Cluster 1,0.1421,Borderline - blend or hold back,13.9788,8.6542,7.4247
459712,20,,4.0,Low,Male,No,No,Healthcare,Cat_6,Cluster 1,1,Family Size high (z=+0.93); Age low (z=-0.77); Ever Married=Yes (31% vs 59%),0.4656,Cluster 0,0.9334,Clear - automate,6.994,0.4656,8.9602
459713,19,,3.0,Low,Male,No,No,Healthcare,Cat_6,Cluster 1,1,Family Size high (z=+0.93); Age low (z=-0.77); Ever Married=Yes (31% vs 59%),1.2094,Cluster 0,0.8031,Clear - automate,6.1435,1.2094,8.2218
459715,19,4.0,4.0,Low,Male,No,No,Healthcare,Cat_6,Cluster 1,1,Family Size high (z=+0.93); Age low (z=-0.77); Ever Married=Yes (31% vs 59%),1.2186,Cluster 2,0.796,Clear - automate,8.0897,1.2186,5.975
459718,68,1.0,1.0,Low,Male,Yes,Yes,Executive,Cat_6,Cluster 0,0,Age high (z=+0.61); Work Experience low (z=-0.53); Ever Married=Yes (79% vs 59%),1.9333,Cluster 2,0.8077,Clear - automate,1.9333,11.2513,10.0548
459725,40,0.0,2.0,Low,Female,Yes,Yes,Artist,Cat_6,Cluster 0,0,Age high (z=+0.61); Work Experience low (z=-0.53); Ever Married=Yes (79% vs 59%),1.2598,Cluster 1,0.7304,Clear - automate,1.2598,4.6723,6.2827
459727,82,,2.0,High,Male,Yes,No,Lawyer,Cat_6,Cluster 0,0,Age high (z=+0.61); Work Experience low (z=-0.53); Ever Married=Yes (79% vs 59%),4.574,Cluster 1,0.6607,Clear - automate,4.574,13.4804,14.0666
459740,23,1.0,3.0,Low,Female,No,No,Healthcare,Cat_6,Cluster 1,1,Family Size high (z=+0.93); Age low (z=-0.77); Ever Married=Yes (31% vs 59%),1.42,Cluster 0,0.7501,Clear - automate,5.6825,1.42,7.2172
459742,84,1.0,2.0,High,Female,Yes,No,Lawyer,Cat_6,Cluster 0,0,Age high (z=+0.61); Work Experience low (z=-0.53); Ever Married=Yes (79% vs 59%),5.5149,Cluster 2,0.6126,Clear - automate,5.5149,14.7572,14.2357
459745,51,0.0,4.0,Low,Male,Yes,No,Artist,Cat_1,Cluster 0,0,Age high (z=+0.61); Work Experience low (z=-0.53); Ever Married=Yes (79% vs 59%),2.4658,Cluster 1,0.2296,Moderate - standard outreach,2.4658,3.2008,9.2912
459746,59,1.0,2.0,Average,Male,,Yes,Artist,Cat_6,Cluster 0,0,Age high (z=+0.61); Work Experience low (z=-0.53); Ever Married=Yes (79% vs 59%),1.1396,Cluster 1,0.8414,Clear - automate,1.1396,7.1842,8.008
459747,41,1.0,5.0,Average,Female,Yes,Yes,Artist,Cat_6,Cluster 1,1,Family Size high (z=+0.93); Age low (z=-0.77); Ever Married=Yes (31% vs 59%),3.1264,Cluster 0,0.3608,Moderate - standard outreach,4.8909,3.1264,8.0269
459748,51,1.0,2.0,High,Male,Yes,No,Executive,Cat_6,Cluster 0,0,Age high (z=+0.61); Work Experience low (z=-0.53); Ever Married=Yes (79% vs 59%),1.5404,Cluster 1,0.7061,Clear - automate,1.5404,5.2417,7.4961
459755,62,,3.0,Average,Female,Yes,No,Artist,Cat_6,Cluster 0,0,Age high (z=+0.61); Work Experience low (z=-0.53); Ever Married=Yes (79% vs 59%),2.0436,Cluster 1,0.6771,Clear - automate,2.0436,6.3296,8.028
459756,62,1.0,4.0,High,Female,Yes,No,Lawyer,Cat_4,Cluster 0,0,Age high (z=+0.61); Work Experience low (z=-0.53); Ever Married=Yes (79% vs 59%),4.1455,Cluster 1,0.328,Moderate - standard outreach,4.1455,6.1693,9.9037
459760,38,8.0,1.0,Low,Female,Yes,Yes,Artist,Cat_6,Cluster 2,2,Work Experience high (z=+1.58); Age low (z=-0.33); Family Size low (z=-0.27),0.9449,Cluster 0,0.8547,Clear - automate,6.502,10.875,0.9449
459763,18,,4.0,Low,Male,No,No,Artist,Cat_4,Cluster 1,1,Family Size high (z=+0.93); Age low (z=-0.77); Ever Married=Yes (31% vs 59%),1.64,Cluster 0,0.7815,Clear - automate,7.5042,1.64,9.2422
459767,22,3.0,4.0,Low,Male,No,No,Healthcare,Cat_6,Cluster 1,1,Family Size high (z=+0.93); Age low (z=-0.77); Ever Married=Yes (31% vs 59%),0.5869,Cluster 2,0.9089,Clear - automate,6.896,0.5869,6.4459
459771,30,0.0,3.0,Low,Female,,Yes,Doctor,Cat_3,Cluster 1,1,Family Size high (z=+0.93); Age low (z=-0.77); Ever Married=Yes (31% vs 59%),3.3373,Cluster 0,0.2356,Moderate - standard outreach,4.3661,3.3373,8.0218
459779,62,1.0,1.0,Low,Female,Yes,Yes,Entertainment,Cat_6,Cluster 0,0,Age high (z=+0.61); Work Experience low (z=-0.53); Ever Married=Yes (79% vs 59%),1.913,Cluster 2,0.7709,Clear - automate,1.913,10.2235,8.35
459780,43,1.0,3.0,Low,Female,No,No,Entertainment,Cat_6,Cluster 1,1,Family Size high (z=+0.93); Age low (z=-0.77); Ever Married=Yes (31% vs 59%),2.2567,Cluster 0,0.1519,Borderline - blend or hold back,2.6609,2.2567,6.4776
459785,32,,1.0,Low,Female,No,Yes,Engineer,Cat_3,Cluster 0,0,Age high (z=+0.61); Work Experience low (z=-0.53); Ever Married=Yes (79% vs 59%),4.3244,Cluster 1,0.3445,Moderate - standard outreach,4.3244,6.5976,7.3385
459793,37,1.0,,High,Male,Yes,Yes,Artist,Cat_6,Cluster 0,0,Age high (z=+0.61); Work Experience low (z=-0.53); Ever Married=Yes (79% vs 59%),1.7553,Cluster 1,0.3827,Moderate - standard outreach,1.7553,2.8436,5.8874
459795,48,1.0,1.0,Low,Male,No,Yes,Artist,Cat_6,Cluster 0,0,Age high (z=+0.61); Work Experience low (z=-0.53); Ever Married=Yes (79% vs 59%),1.2394,Cluster 1,0.815,Clear - automate,1.2394,6.6992,7.079
459801,31,4.0,2.0,Low,Female,No,Yes,Engineer,Cat_6,Cluster 2,2,Work Experience high (z=+1.58); Age low (z=-0.33); Family Size low (z=-0.27),2.9243,Cluster 0,0.3066,Moderate - standard outreach,4.2173,4.3857,2.9243
459804,46,4.0,4.0,High,Male,Yes,No,Artist,Cat_6,Cluster 1,1,Family Size high (z=+0.93); Age low (z=-0.77); Ever Married=Yes (31% vs 59%),3.0728,Cluster 0,0.0989,Borderline - blend or hold back,3.4102,3.0728,4.3762
459806,49,1.0,4.0,Average,Female,Yes,No,Engineer,Cat_6,Cluster 1,1,Family Size high (z=+0.93); Age low (z=-0.77); Ever Married=Yes (31% vs 59%),3.277,Cluster 0,0.0463,Borderline - blend or hold back,3.436,3.277,7.7109
459808,43,,4.0,Average,Male,Yes,No,Doctor,Cat_6,Cluster 1,1,Family Size high (z=+0.93); Age low (z=-0.77); Ever Married=Yes (31% vs 59%),2.0964,Cluster 0,0.3575,Moderate - standard outreach,3.2628,2.0964,7.8532
459815,42,8.0,1.0,Low,Male,No,Yes,Artist,Cat_6,Cluster 2,2,Work Experience high (z=+1.58); Age low (z=-0.33); Family Size low (z=-0.27),2.0051,Cluster 0,0.6716,Clear - automate,6.1058,10.1504,2.0051
459816,37,,2.0,Low,Male,Yes,Yes,Doctor,Cat_6,Cluster 0,0,Age high (z=+0.61); Work Experience low (z=-0.53); Ever Married=Yes (79% vs 59%),1.5111,Cluster 1,0.6087,Clear - automate,1.5111,3.8617,5.8695
459819,72,,2.0,High,Male,Yes,Yes,Entertainment,Cat_6,Cluster 0,0,Age high (z=+0.61); Work Experience low (z=-0.53); Ever Married=Yes (79% vs 59%),2.3152,Cluster 1,0.7804,Clear - automate,2.3152,10.5425,10.6668
459821,71,,1.0,High,Male,,No,Executive,,Cluster 0,0,Age high (z=+0.61); Work Experience low (z=-0.53); Ever Married=Yes (79% vs 59%),4.2937,Cluster 1,0.6596,Clear - automate,4.2937,12.6154,12.7575
459822,39,1.0,1.0,Low,Female,No,Yes,Engineer,Cat_4,Cluster 0,0,Age high (z=+0.61); Work Experience low (z=-0.53); Ever Married=Yes (79% vs 59%),3.3969,Cluster 1,0.5038,Clear - automate,3.3969,6.8455,7.2097
459825,20,0.0,5.0,Low,Male,No,No,Healthcare,Cat_2,Cluster 1,1,Family Size high (z=+0.93); Age low (z=-0.77); Ever Married=Yes (31% vs 59%),1.3005,Cluster 0,0.8636,Clear - automate,9.533,1.3005,12.5951
459827,26,,1.0,Low,Female,No,No,,Cat_7,Cluster 0,0,Age high (z=+0.61); Work Experience low (z=-0.53); Ever Married=Yes (79% vs 59%),5.9092,Cluster 1,0.043,Borderline - blend or hold back,5.9092,6.1749,8.2387
459832,72,1.0,1.0,Low,Male,Yes,Yes,Executive,Cat_6,Cluster 0,0,Age high (z=+0.61); Work Experience low (z=-0.53); Ever Married=Yes (79% vs 59%),2.4288,Cluster 2,0.7793,Clear - automate,2.4288,12.4184,11.0067
459845,70,0.0,1.0,Low,Male,Yes,Yes,Healthcare,Cat_4,Cluster 0,0,Age high (z=+0.61); Work Experience low (z=-0.53); Ever Married=Yes (79% vs 59%),2.7455,Cluster 1,0.7704,Clear - automate,2.7455,11.9575,12.4174
459851,45,2.0,1.0,Low,Male,No,Yes,Artist,Cat_6,Cluster 0,0,Age high (z=+0.61); Work Experience low (z=-0.53); Ever Married=Yes (79% vs 59%),1.4928,Cluster 2,0.7366,Clear - automate,1.4928,6.3906,5.6678
459853,33,7.0,5.0,Low,Male,No,No,Executive,Cat_6,Cluster 1,1,Family Size high (z=+0.93); Age low (z=-0.77); Ever Married=Yes (31% vs 59%),3.7163,Cluster 2,0.2512,Moderate - standard outreach,9.6734,3.7163,4.9632
459856,50,0.0,3.0,Average,Male,Yes,No,Entertainment,Cat_6,Cluster 0,0,Age high (z=+0.61); Work Experience low (z=-0.53); Ever Married=Yes (79% vs 59%),1.8849,Cluster 1,0.4925,Clear - automate,1.8849,3.7142,8.8224
459857,31,6.0,1.0,Low,Male,No,Yes,Entertainment,Cat_6,Cluster 2,2,Work Experience high (z=+1.58); Age low (z=-0.33); Family Size low (z=-0.27),3.0843,Cluster 0,0.4678,Clear - automate,5.7955,7.6096,3.0843
459861,74,1.0,2.0,High,Female,Yes,No,Lawyer,Cat_6,Cluster 0,0,Age high (z=+0.61); Work Experience low (z=-0.53); Ever Married=Yes (79% vs 59%),3.6075,Cluster 1,0.6771,Clear - automate,3.6075,11.1707,11.1873
459864,68,,2.0,High,Female,Yes,No,Artist,Cat_6,Cluster 0,0,Age high (z=+0.61); Work Experience low (z=-0.53); Ever Married=Yes (79% vs 59%),2.3197,Cluster 2,0.7483,Clear - automate,2.3197,9.3754,9.215
459866,49,,1.0,Low,Female,No,Yes,Artist,Cat_6,Cluster 0,0,Age high (z=+0.61); Work Experience low (z=-0.53); Ever Married=Yes (79% vs 59%),1.7035,Cluster 2,0.7441,Clear - automate,1.7035,7.3312,6.6572
459867,49,0.0,2.0,High,Male,Yes,Yes,Marketing,Cat_6,Cluster 0,0,Age high (z=+0.61); Work Experience low (z=-0.53); Ever Married=Yes (79% vs 59%),1.1692,Cluster 1,0.7909,Clear - automate,1.1692,5.5929,8.2189
459869,18,1.0,3.0,Low,Female,No,No,Healthcare,Cat_6,Cluster 1,1,Family Size high (z=+0.93); Age low (z=-0.77); Ever Married=Yes (31% vs 59%),1.8003,Cluster 0,0.7392,Clear - automate,6.9023,1.8003,7.8666
459871,85,2.0,2.0,Average,Female,Yes,No,Entertainment,Cat_6,Cluster 0,0,Age high (z=+0.61); Work Experience low (z=-0.53); Ever Married=Yes (79% vs 59%),5.8476,Cluster 2,0.5623,Clear - automate,5.8476,15.1996,13.3602
459885,38,,4.0,Low,Female,No,Yes,Entertainment,Cat_6,Cluster 1,1,Family Size high (z=+0.93); Age low (z=-0.77); Ever Married=Yes (31% vs 59%),1.7335,Cluster 0,0.5364,Clear - automate,3.7396,1.7335,6.7595
459886,28,0.0,4.0,Low,Male,Yes,No,Artist,Cat_6,Cluster 1,1,Family Size high (z=+0.93); Age low (z=-0.77); Ever Married=Yes (31% vs 59%),1.2027,Cluster 0,0.7222,Clear - automate,4.3296,1.2027,8.5308
459887,46,3.0,2.0,Average,Male,Yes,No,Artist,,Cluster 0,0,Age high (z=+0.61); Work Experience low (z=-0.53); Ever Married=Yes (79% vs 59%),2.1024,Cluster 2,0.5659,Clear - automate,2.1024,5.3476,4.8431
459889,59,9.0,3.0,Average,Male,Yes,Yes,Homemaker,Cat_6,Cluster 2,2,Work Experience high (z=+1.58); Age low (z=-0.33); Family Size low (z=-0.27),3.3064,Cluster 0,0.5435,Clear - automate,7.2422,11.0587,3.3064
459897,56,0.0,2.0,Low,Female,Yes,Yes,Artist,Cat_6,Cluster 0,0,Age high (z=+0.61); Work Experience low (z=-0.53); Ever Married=Yes (79% vs 59%),0.626,Cluster 1,0.9069,Clear - automate,0.626,6.725,7.4743
459909,69,0.0,1.0,Low,Male,Yes,Yes,Artist,Cat_6,Cluster 0,0,Age high (z=+0.61); Work Experience low (z=-0.53); Ever Married=Yes (79% vs 59%),1.6253,Cluster 2,0.8547,Clear - automate,1.6253,11.6694,11.1832
459910,66,0.0,2.0,Low,Male,Yes,Yes,Artist,Cat_6,Cluster 0,0,Age high (z=+0.61); Work Experience low (z=-0.53); Ever Married=Yes (79% vs 59%),0.6958,Cluster 1,0.9179,Clear - automate,0.6958,8.474,9.6852
459911,18,4.0,6.0,Low,Male,No,No,Healthcare,Cat_2,Cluster 1,1,Family Size high (z=+0.93); Age low (z=-0.77); Ever Married=Yes (31% vs 59%),3.0622,Cluster 2,0.7202,Clear - automate,13.6256,3.0622,10.9443
459914,36,4.0,1.0,Low,Male,No,Yes,Artist,Cat_4,Cluster 0,0,Age high (z=+0.61); Work Experience low (z=-0.53); Ever Married=Yes (79% vs 59%),3.5941,Cluster 2,0.1229,Borderline - blend or hold back,3.5941,6.8642,4.0978
459923,31,1.0,2.0,Low,Male,No,Yes,Marketing,Cat_3,Cluster 0,0,Age high (z=+0.61); Work Experience low (z=-0.53); Ever Married=Yes (79% vs 59%),3.373,Cluster 1,0.0923,Borderline - blend or hold back,3.373,3.7161,7.0468
459925,67,1.0,2.0,High,Male,Yes,No,Executive,Cat_4,Cluster 0,0,Age high (z=+0.61); Work Experience low (z=-0.53); Ever Married=Yes (79% vs 59%),2.7144,Cluster 1,0.7018,Clear - automate,2.7144,9.1022,10.4956
459937,39,7.0,1.0,Low,Female,No,Yes,Artist,Cat_6,Cluster 2,2,Work Experience high (z=+1.58); Age low (z=-0.33); Family Size low (z=-0.27),1.5879,Cluster 0,0.7218,Clear - automate,5.7086,9.3078,1.5879
459943,42,4.0,3.0,Low,Male,No,Yes,Entertainment,Cat_6,Cluster 0,0,Age high (z=+0.61); Work Experience low (z=-0.53); Ever Married=Yes (79% vs 59%),2.5857,Cluster 1,0.0892,Borderline - blend or hold back,2.5857,2.8388,3.3215
459945,50,0.0,2.0,Low,Male,Yes,Yes,Artist,Cat_6,Cluster 0,0,Age high (z=+0.61); Work Experience low (z=-0.53); Ever Married=Yes (79% vs 59%),0.1407,Cluster 1,0.9731,Clear - automate,0.1407,5.2323,7.3045
459946,37,0.0,2.0,Average,Female,Yes,Yes,Artist,Cat_6,Cluster 0,0,Age high (z=+0.61); Work Experience low (z=-0.53); Ever Married=Yes (79% vs 59%),2.0904,Cluster 1,0.5818,Clear - automate,2.0904,4.9992,6.771
459949,59,0.0,1.0,Low,Female,No,Yes,Artist,Cat_6,Cluster 0,0,Age high (z=+0.61); Work Experience low (z=-0.53); Ever Married=Yes (79% vs 59%),1.8325,Cluster 1,0.8008,Clear - automate,1.8325,9.1975,9.2494
459953,50,8.0,2.0,Low,Male,Yes,Yes,Artist,Cat_6,Cluster 2,2,Work Experience high (z=+1.58); Age low (z=-0.33); Family Size low (z=-0.27),1.1422,Cluster 0,0.7493,Clear - automate,4.5563,9.1821,1.1422
459961,48,8.0,3.0,Low,Male,Yes,Yes,Artist,Cat_2,Cluster 2,2,Work Experience high (z=+1.58); Age low (z=-0.33); Family Size low (z=-0.27),1.4962,Cluster 0,0.7211,Clear - automate,5.3649,7.8926,1.4962
459962,55,9.0,1.0,Low,Male,Yes,Yes,Artist,Cat_6,Cluster 2,2,Work Experience high (z=+1.58); Age low (z=-0.33); Family Size low (z=-0.27),2.5629,Cluster 0,0.6059,Clear - automate,6.5026,13.6719,2.5629
459966,33,1.0,3.0,Low,Female,No,Yes,Doctor,Cat_6,Cluster 1,1,Family Size high (z=+0.93); Age low (z=-0.77); Ever Married=Yes (31% vs 59%),2.2168,Cluster 0,0.3283,Moderate - standard outreach,3.3002,2.2168,5.9758
459968,38,13.0,1.0,Low,Male,No,Yes,Artist,Cat_7,Cluster 2,2,Work Experience high (z=+1.58); Age low (z=-0.33); Family Size low (z=-0.27),4.4549,Cluster 0,0.7149,Clear - automate,15.6232,18.7051,4.4549
459970,43,0.0,2.0,Low,Male,No,Yes,Artist,Cat_6,Cluster 0,0,Age high (z=+0.61); Work Experience low (z=-0.53); Ever Married=Yes (79% vs 59%),0.9961,Cluster 1,0.7454,Clear - automate,0.9961,3.9123,7.3612
459973,53,0.0,2.0,Low,Female,No,Yes,Artist,Cat_6,Cluster 0,0,Age high (z=+0.61); Work Experience low (z=-0.53); Ever Married=Yes (79% vs 59%),1.0999,Cluster 1,0.8069,Clear - automate,1.0999,5.6952,7.606
459974,37,0.0,1.0,Low,Male,No,Yes,Entertainment,Cat_6,Cluster 0,0,Age high (z=+0.61); Work Experience low (z=-0.53); Ever Married=Yes (79% vs 59%),2.704,Cluster 1,0.5397,Clear - automate,2.704,5.875,8.6108
459975,36,5.0,1.0,Low,Female,No,Yes,Artist,Cat_6,Cluster 2,2,Work Experience high (z=+1.58); Age low (z=-0.33); Family Size low (z=-0.27),2.4177,Cluster 0,0.4293,Moderate - standard outreach,4.2362,7.4481,2.4177
459981,36,5.0,1.0,Low,Male,No,Yes,Artist,Cat_6,Cluster 2,2,Work Experience high (z=+1.58); Age low (z=-0.33); Family Size low (z=-0.27),2.9177,Cluster 0,0.2191,Moderate - standard outreach,3.7362,6.9481,2.9177
459986,62,1.0,1.0,Low,Male,Yes,Yes,Artist,Cat_6,Cluster 0,0,Age high (z=+0.61); Work Experience low (z=-0.53); Ever Married=Yes (79% vs 59%),0.913,Cluster 2,0.8907,Clear - automate,0.913,9.7235,8.35
459995,38,2.0,2.0,Low,Female,No,No,Artist,Cat_6,Cluster 0,0,Age high (z=+0.61); Work Experience low (z=-0.53); Ever Married=Yes (79% vs 59%),2.4946,Cluster 1,0.2779,Moderate - standard outreach,2.4946,3.4548,4.6447
459996,55,1.0,1.0,Low,Male,No,Yes,Entertainment,Cat_6,Cluster 0,0,Age high (z=+0.61); Work Experience low (z=-0.53); Ever Married=Yes (79% vs 59%),1.6442,Cluster 1,0.7886,Clear - automate,1.6442,7.7793,8.2824
459998,60,1.0,2.0,Average,Male,Yes,No,Entertainment,Cat_6,Cluster 0,0,Age high (z=+0.61); Work Experience low (z=-0.53); Ever Married=Yes (79% vs 59%),1.6855,Cluster 1,0.7557,Clear - automate,1.6855,6.8979,8.668
460004,36,7.0,2.0,Average,Female,Yes,Yes,Entertainment,Cat_5,Cluster 2,2,Work Experience high (z=+1.58); Age low (z=-0.33); Family Size low (z=-0.27),1.7587,Cluster 0,0.7273,Clear - automate,6.4479,8.2811,1.7587
460006,30,5.0,9.0,Low,Male,No,No,Entertainment,Cat_3,Cluster 1,1,Family Size high (z=+0.93); Age low (z=-0.77); Ever Married=Yes (31% vs 59%),11.8577,Cluster 2,0.4595,Clear - automate,25.2511,11.8577,21.938
460014,66,4.0,3.0,Low,Female,No,No,Entertainment,Cat_6,Cluster 0,0,Age high (z=+0.61); Work Experience low (z=-0.53); Ever Married=Yes (79% vs 59%),3.705,Cluster 2,0.4004,Moderate - standard outreach,3.705,6.988,6.1791
460023,45,1.0,1.0,Low,Male,Yes,Yes,Entertainment,Cat_6,Cluster 0,0,Age high (z=+0.61); Work Experience low (z=-0.53); Ever Married=Yes (79% vs 59%),1.3917,Cluster 1,0.7968,Clear - automate,1.3917,6.8477,6.889
460027,40,6.0,,Low,Female,No,Yes,Entertainment,Cat_6,Cluster 2,2,Work Experience high (z=+1.58); Age low (z=-0.33); Family Size low (z=-0.27),1.5967,Cluster 1,0.6479,Clear - automate,4.7335,4.5344,1.5967
460033,45,5.0,3.0,Low,Female,,Yes,Entertainment,Cat_6,Cluster 2,2,Work Experience high (z=+1.58); Age low (z=-0.33); Family Size low (z=-0.27),2.2645,Cluster 0,0.3546,Moderate - standard outreach,3.5086,4.7073,2.2645
460036,41,2.0,1.0,Low,Male,Yes,Yes,,Cat_6,Cluster 0,0,Age high (z=+0.61); Work Experience low (z=-0.53); Ever Married=Yes (79% vs 59%),1.7998,Cluster 2,0.6739,Clear - automate,1.7998,6.526,5.5185
460040,62,4.0,1.0,Low,Female,Yes,Yes,Homemaker,Cat_5,Cluster 0,0,Age high (z=+0.61); Work Experience low (z=-0.53); Ever Married=Yes (79% vs 59%),3.2573,Cluster 2,0.4313,Moderate - standard outreach,3.2573,11.3931,5.7275
460045,61,1.0,2.0,Low,Male,Yes,Yes,Artist,Cat_6,Cluster 0,0,Age high (z=+0.61); Work Experience low (z=-0.53); Ever Married=Yes (79% vs 59%),0.2387,Cluster 1,0.9665,Clear - automate,0.2387,7.1191,7.3353
460046,50,4.0,2.0,Low,Female,Yes,Yes,Artist,Cat_6,Cluster 0,0,Age high (z=+0.61); Work Experience low (z=-0.53); Ever Married=Yes (79% vs 59%),1.4057,Cluster 2,0.3836,Moderate - standard outreach,1.4057,6.2644,2.2805
460050,53,3.0,2.0,Low,Male,Yes,Yes,Entertainment,Cat_6,Cluster 0,0,Age high (z=+0.61); Work Experience low (z=-0.53); Ever Married=Yes (79% vs 59%),0.9031,Cluster 2,0.7967,Clear - automate,0.9031,5.8237,4.4425
460051,39,7.0,1.0,Low,Male,No,Yes,Artist,Cat_6,Cluster 2,2,Work Experience high (z=+1.58); Age low (z=-0.33); Family Size low (z=-0.27),2.0879,Cluster 0,0.5991,Clear - automate,5.2086,8.8078,2.0879
460052,86,0.0,1.0,Low,Female,No,Yes,Lawyer,Cat_3,Cluster 0,0,Age high (z=+0.61); Work Experience low (z=-0.53); Ever Married=Yes (79% vs 59%),6.6784,Cluster 2,0.6112,Clear - automate,6.6784,18.077,17.1759
460058,50,1.0,1.0,Low,Male,Yes,Yes,Artist,Cat_4,Cluster 0,0,Age high (z=+0.61); Work Experience low (z=-0.53); Ever Married=Yes (79% vs 59%),1.1751,Cluster 2,0.8378,Clear - automate,1.1751,7.9706,7.2429
460059,46,4.0,,Low,Female,No,No,Entertainment,Cat_4,Cluster 1,1,Family Size high (z=+0.93); Age low (z=-0.77); Ever Married=Yes (31% vs 59%),3.7331,Cluster 0,0.0197,Borderline - blend or hold back,3.8083,3.7331,4.0005
460061,52,0.0,1.0,Low,Male,No,Yes,Marketing,Cat_3,Cluster 0,0,Age high (z=+0.61); Work Experience low (z=-0.53); Ever Married=Yes (79% vs 59%),2.2197,Cluster 1,0.7194,Clear - automate,2.2197,7.9093,9.8379
460066,45,0.0,1.0,Low,Female,No,No,Marketing,Cat_6,Cluster 0,0,Age high (z=+0.61); Work Experience low (z=-0.53); Ever Married=Yes (79% vs 59%),2.971,Cluster 1,0.5419,Clear - automate,2.971,6.4852,8.7906
460068,37,9.0,1.0,Low,Female,No,Yes,Artist,Cat_6,Cluster 2,2,Work Experience high (z=+1.58); Age low (z=-0.33); Family Size low (z=-0.27),1.4898,Cluster 0,0.8244,Clear - automate,8.4832,11.6301,1.4898
460073,36,3.0,1.0,Low,Female,Yes,Yes,Engineer,Cat_6,Cluster 0,0,Age high (z=+0.61); Work Experience low (z=-0.53); Ever Married=Yes (79% vs 59%),3.1323,Cluster 2,0.2087,Moderate - standard outreach,3.1323,6.9607,3.9583
460075,25,,1.0,Low,Female,No,Yes,Artist,Cat_6,Cluster 0,0,Age high (z=+0.61); Work Experience low (z=-0.53); Ever Married=Yes (79% vs 59%),4.616,Cluster 1,0.2571,Moderate - standard outreach,4.616,6.2138,6.8314
460079,40,1.0,1.0,Low,Female,No,No,Doctor,Cat_6,Cluster 0,0,Age high (z=+0.61); Work Experience low (z=-0.53); Ever Married=Yes (79% vs 59%),3.2941,Cluster 1,0.4427,Moderate - standard outreach,3.2941,5.9106,7.221
460081,41,11.0,2.0,High,Male,Yes,Yes,Artist,Cat_6,Cluster 2,2,Work Experience high (z=+1.58); Age low (z=-0.33); Family Size low (z=-0.27),1.804,Cluster 0,0.8233,Clear - automate,10.2117,13.1516,1.804
460088,25,,2.0,High,Female,Yes,Yes,Homemaker,Cat_6,Cluster 0,0,Age high (z=+0.61); Work Experience low (z=-0.53); Ever Married=Yes (79% vs 59%),4.5024,Cluster 1,0.0694,Borderline - blend or hold back,4.5024,4.838,6.4916
460090,80,4.0,2.0,Average,Male,Yes,No,Lawyer,Cat_6,Cluster 0,0,Age high (z=+0.61); Work Experience low (z=-0.53); Ever Married=Yes (79% vs 59%),5.007,Cluster 2,0.5141,Clear - automate,5.007,13.403,10.3047
460093,46,3.0,1.0,Low,Female,No,Yes,Artist,Cat_3,Cluster 0,0,Age high (z=+0.61); Work Experience low (z=-0.53); Ever Married=Yes (79% vs 59%),2.716,Cluster 2,0.42,Moderate - standard outreach,2.716,7.7235,4.6829
460095,81,1.0,1.0,Low,Female,Yes,Yes,Lawyer,Cat_6,Cluster 0,0,Age high (z=+0.61); Work Experience low (z=-0.53); Ever Married=Yes (79% vs 59%),4.4782,Cluster 2,0.6577,Clear - automate,4.4782,15.979,13.083
460097,40,0.0,2.0,Low,Male,,Yes,Artist,Cat_3,Cluster 0,0,Age high (z=+0.61); Work Experience low (z=-0.53); Ever Married=Yes (79% vs 59%),1.7598,Cluster 1,0.6234,Clear - automate,1.7598,4.6723,7.7827
460099,49,1.0,1.0,Low,Male,No,Yes,,Cat_3,Cluster 0,0,Age high (z=+0.61); Work Experience low (z=-0.53); Ever Married=Yes (79% vs 59%),2.2035,Cluster 1,0.6994,Clear - automate,2.2035,7.3312,8.1572
460101,26,8.0,3.0,Low,Female,No,Yes,Healthcare,Cat_3,Cluster 2,2,Work Experience high (z=+1.58); Age low (z=-0.33); Family Size low (z=-0.27),2.1559,Cluster 1,0.6615,Clear - automate,9.5347,6.3683,2.1559
460103,26,1.0,1.0,Low,Male,No,Yes,Artist,Cat_4,Cluster 0,0,Age high (z=+0.61); Work Experience low (z=-0.53); Ever Married=Yes (79% vs 59%),4.4092,Cluster 1,0.2859,Moderate - standard outreach,4.4092,6.1749,7.7387
460105,47,0.0,1.0,Low,Female,No,Yes,Artist,Cat_4,Cluster 0,0,Age high (z=+0.61); Work Experience low (z=-0.53); Ever Married=Yes (79% vs 59%),2.362,Cluster 1,0.6937,Clear - automate,2.362,7.7121,8.4098
460106,71,0.0,,Low,Female,Yes,Yes,Entertainment,Cat_6,Cluster 0,0,Age high (z=+0.61); Work Experience low (z=-0.53); Ever Married=Yes (79% vs 59%),2.5036,Cluster 1,0.7174,Clear - automate,2.5036,8.8591,10.8371
460107,48,1.0,5.0,Average,Male,Yes,Yes,Engineer,Cat_6,Cluster 1,1,Family Size high (z=+0.93); Age low (z=-0.77); Ever Married=Yes (31% vs 59%),3.3424,Cluster 0,0.2458,Moderate - standard outreach,4.4315,3.3424,9.3662
460108,39,1.0,3.0,Average,Male,Yes,Yes,Artist,Cat_2,Cluster 0,0,Age high (z=+0.61); Work Experience low (z=-0.53); Ever Married=Yes (79% vs 59%),2.0275,Cluster 1,0.4126,Moderate - standard outreach,2.0275,3.4516,6.3877
460109,50,8.0,2.0,Average,Male,Yes,Yes,Artist,Cat_6,Cluster 2,2,Work Experience high (z=+1.58); Age low (z=-0.33); Family Size low (z=-0.27),1.6422,Cluster 0,0.6752,Clear - automate,5.0563,9.6821,1.6422
460110,46,1.0,2.0,Low,Female,No,Yes,Artist,,Cluster 0,0,Age high (z=+0.61); Work Experience low (z=-0.53); Ever Married=Yes (79% vs 59%),1.7199,Cluster 1,0.6615,Clear - automate,1.7199,5.0816,6.1051
460112,26,8.0,2.0,Average,Male,Yes,Yes,Engineer,Cat_3,Cluster 2,2,Work Experience high (z=+1.58); Age low (z=-0.33); Family Size low (z=-0.27),2.638,Cluster 0,0.6999,Clear - automate,8.7905,8.8864,2.638
460116,42,1.0,2.0,Low,Female,Yes,Yes,,Cat_6,Cluster 0,0,Age high (z=+0.61); Work Experience low (z=-0.53); Ever Married=Yes (79% vs 59%),1.4973,Cluster 1,0.6806,Clear - automate,1.4973,4.6873,5.426
460118,36,4.0,2.0,Low,Female,Yes,Yes,Artist,Cat_6,Cluster 2,2,Work Experience high (z=+1.58); Age low (z=-0.33); Family Size low (z=-0.27),1.758,Cluster 0,0.2913,Moderate - standard outreach,2.4805,4.9884,1.758
460119,29,1.0,4.0,Low,Male,No,Yes,Healthcare,Cat_6,Cluster 1,1,Family Size high (z=+0.93); Age low (z=-0.77); Ever Married=Yes (31% vs 59%),0.5486,Cluster 0,0.8798,Clear - automate,4.5658,0.5486,7.5589
460122,39,1.0,1.0,Low,Female,No,No,Artist,Cat_6,Cluster 0,0,Age high (z=+0.61); Work Experience low (z=-0.53); Ever Married=Yes (79% vs 59%),2.8969,Cluster 1,0.5044,Clear - automate,2.8969,5.8455,6.7097
460124,41,0.0,3.0,Low,Female,No,Yes,Artist,Cat_6,Cluster 0,0,Age high (z=+0.61); Work Experience low (z=-0.53); Ever Married=Yes (79% vs 59%),1.9086,Cluster 1,0.3,Moderate - standard outreach,1.9086,2.7268,6.8193
460126,48,8.0,,Low,Female,Yes,Yes,Marketing,Cat_6,Cluster 2,2,Work Experience high (z=+1.58); Age low (z=-0.33); Family Size low (z=-0.27),0.9962,Cluster 0,0.8301,Clear - automate,5.8649,7.8926,0.9962
460134,40,9.0,3.0,High,Male,Yes,Yes,Entertainment,Cat_6,Cluster 2,2,Work Experience high (z=+1.58); Age low (z=-0.33); Family Size low (z=-0.27),1.6795,Cluster 0,0.7842,Clear - automate,7.7831,8.4093,1.6795
460135,25,4.0,3.0,Low,Female,No,Yes,Healthcare,Cat_6,Cluster 1,1,Family Size high (z=+0.93); Age low (z=-0.77); Ever Married=Yes (31% vs 59%),2.4895,Cluster 2,0.265,Moderate - standard outreach,5.5908,2.4895,3.387
460140,41,7.0,2.0,Low,Female,Yes,Yes,Artist,Cat_6,Cluster 2,2,Work Experience high (z=+1.58); Age low (z=-0.33); Family Size low (z=-0.27),0.2781,Cluster 0,0.9368,Clear - automate,4.3969,7.5697,0.2781
460141,37,11.0,1.0,Low,Male,No,Yes,Artist,Cat_6,Cluster 2,2,Work Experience high (z=+1.58); Age low (z=-0.33); Family Size low (z=-0.27),2.6134,Cluster 0,0.7677,Clear - automate,11.2513,14.2818,2.6134
460144,53,0.0,,Low,Female,No,Yes,Doctor,Cat_3,Cluster 0,0,Age high (z=+0.61); Work Experience low (z=-0.53); Ever Married=Yes (79% vs 59%),2.3441,Cluster 1,0.4988,Clear - automate,2.3441,4.6772,8.6239
460146,51,0.0,3.0,Average,Female,Yes,Yes,Engineer,Cat_3,Cluster 0,0,Age high (z=+0.61); Work Experience low (z=-0.53); Ever Married=Yes (79% vs 59%),2.3639,Cluster 1,0.5591,Clear - automate,2.3639,5.3611,8.4155
460147,73,1.0,3.0,Average,Male,Yes,Yes,Entertainment,Cat_6,Cluster 0,0,Age high (z=+0.61); Work Experience low (z=-0.53); Ever Married=Yes (79% vs 59%),2.7017,Cluster 1,0.7106,Clear - automate,2.7017,9.3348,10.9412
460157,61,1.0,5.0,Low,Male,Yes,No,,Cat_4,Cluster 0,0,Age high (z=+0.61); Work Experience low (z=-0.53); Ever Married=Yes (79% vs 59%),5.0445,Cluster 1,0.0182,Borderline - blend or hold back,5.0445,5.1382,11.4623
460160,39,5.0,1.0,Low,Male,No,Yes,Entertainment,Cat_3,Cluster 2,2,Work Experience high (z=+1.58); Age low (z=-0.33); Family Size low (z=-0.27),3.9071,Cluster 0,0.1086,Borderline - blend or hold back,4.3833,7.5989,3.9071
460162,19,0.0,4.0,Low,Female,No,No,Healthcare,Cat_2,Cluster 1,1,Family Size high (z=+0.93); Age low (z=-0.77); Ever Married=Yes (31% vs 59%),1.6866,Cluster 0,0.7974,Clear - automate,8.3247,1.6866,10.499
460166,19,0.0,7.0,Low,Female,No,No,Healthcare,Cat_2,Cluster 1,1,Family Size high (z=+0.93); Age low (z=-0.77); Ever Married=Yes (31% vs 59%),4.8522,Cluster 0,0.7108,Clear - automate,16.777,4.8522,18.2726
460167,23,1.0,5.0,Low,Female,No,No,Entertainment,Cat_2,Cluster 1,1,Family Size high (z=+0.93); Age low (z=-0.77); Ever Married=Yes (31% vs 59%),1.9572,Cluster 0,0.7883,Clear - automate,9.2441,1.9572,10.3263
460168,83,0.0,2.0,High,Male,Yes,Yes,Executive,Cat_2,Cluster 0,0,Age high (z=+0.61); Work Experience low (z=-0.53); Ever Married=Yes (79% vs 59%),4.87,Cluster 1,0.6754,Clear - automate,4.87,15.0026,15.7989
460171,62,1.0,2.0,High,Female,Yes,Yes,Artist,Cat_6,Cluster 0,0,Age high (z=+0.61); Work Experience low (z=-0.53); Ever Married=Yes (79% vs 59%),1.2994,Cluster 2,0.827,Clear - automate,1.2994,8.3477,7.5101
460174,43,9.0,4.0,Low,Female,No,Yes,Artist,Cat_6,Cluster 2,2,Work Experience high (z=+1.58); Age low (z=-0.33); Family Size low (z=-0.27),1.6337,Cluster 1,0.7819,Clear - automate,8.6213,7.489,1.6337
460175,27,0.0,5.0,Low,Female,No,No,Artist,Cat_2,Cluster 1,1,Family Size high (z=+0.93); Age low (z=-0.77); Ever Married=Yes (31% vs 59%),1.9242,Cluster 0,0.7589,Clear - automate,7.9813,1.9242,10.8421
460177,50,0.0,1.0,Low,Male,No,Yes,Artist,Cat_6,Cluster 0,0,Age high (z=+0.61); Work Experience low (z=-0.53); Ever Married=Yes (79% vs 59%),1.2543,Cluster 1,0.8235,Clear - automate,1.2543,7.1081,8.6444
460179,23,0.0,6.0,Low,Female,No,No,Entertainment,Cat_2,Cluster 1,1,Family Size high (z=+0.93); Age low (z=-0.77); Ever Married=Yes (31% vs 59%),3.1499,Cluster 0,0.7406,Clear - automate,12.1408,3.1499,14.319
460183,35,9.0,2.0,Low,Male,No,No,Entertainment,Cat_6,Cluster 2,2,Work Experience high (z=+1.58); Age low (z=-0.33); Family Size low (z=-0.27),2.1793,Cluster 1,0.7335,Clear - automate,8.6271,8.176,2.1793
460185,32,9.0,3.0,Low,Male,No,No,Healthcare,Cat_6,Cluster 2,2,Work Experience high (z=+1.58); Age low (z=-0.33); Family Size low (z=-0.27),2.297,Cluster 1,0.6232,Clear - automate,9.3134,6.0963,2.297
460187,42,2.0,3.0,Low,Female,No,Yes,Doctor,Cat_6,Cluster 0,0,Age high (z=+0.61); Work Experience low (z=-0.53); Ever Married=Yes (79% vs 59%),2.3425,Cluster 1,0.1363,Borderline - blend or hold back,2.3425,2.7121,4.7228
460189,33,13.0,1.0,Low,Male,No,No,Entertainment,Cat_6,Cluster 2,2,Work Experience high (z=+1.58); Age low (z=-0.33); Family Size low (z=-0.27),5.047,Cluster 0,0.6993,Clear - automate,16.7857,17.5281,5.047
460190,28,9.0,3.0,Low,Female,No,Yes,Entertainment,Cat_6,Cluster 2,2,Work Experience high (z=+1.58); Age low (z=-0.33); Family Size low (z=-0.27),1.5341,Cluster 1,0.7986,Clear - automate,10.0069,7.6181,1.5341
460192,35,1.0,2.0,Low,Male,Yes,Yes,,Cat_7,Cluster 0,0,Age high (z=+0.61); Work Experience low (z=-0.53); Ever Married=Yes (79% vs 59%),2.2687,Cluster 1,0.4703,Clear - automate,2.2687,4.2834,6.3988
460196,35,9.0,2.0,Low,Female,No,Yes,Healthcare,Cat_6,Cluster 2,2,Work Experience high (z=+1.58); Age low (z=-0.33); Family Size low (z=-0.27),1.1793,Cluster 0,0.8633,Clear - automate,8.6271,8.676,1.1793
460206,39,0.0,2.0,Low,Female,Yes,Yes,Entertainment,Cat_6,Cluster 0,0,Age high (z=+0.61); Work Experience low (z=-0.53); Ever Married=Yes (79% vs 59%),1.8626,Cluster 1,0.5957,Clear - automate,1.8626,4.6072,6.7713
460211,28,6.0,1.0,Low,Male,Yes,,Artist,Cat_6,Cluster 2,2,Work Experience high (z=+1.58); Age low (z=-0.33); Family Size low (z=-0.27),2.7732,Cluster 0,0.5241,Clear - automate,5.8268,8.1372,2.7732
460212,35,11.0,6.0,Low,Male,Yes,Yes,Entertainment,Cat_6,Cluster 2,2,Work Experience high (z=+1.58); Age low (z=-0.33); Family Size low (z=-0.27),7.0211,Cluster 1,0.3842,Moderate - standard outreach,17.0184,11.402,7.0211
460214,45,0.0,2.0,Average,Female,Yes,Yes,Engineer,Cat_6,Cluster 0,0,Age high (z=+0.61); Work Experience low (z=-0.53); Ever Married=Yes (79% vs 59%),1.8574,Cluster 1,0.6689,Clear - automate,1.8574,5.6094,7.4507
460222,73,4.0,,High,Female,,Yes,Lawyer,Cat_6,Cluster 0,0,Age high (z=+0.61); Work Experience low (z=-0.53); Ever Married=Yes (79% vs 59%),4.546,Cluster 2,0.4186,Moderate - standard outreach,4.546,10.5044,7.8188
460223,52,1.0,1.0,Low,Male,No,No,Entertainment,Cat_6,Cluster 0,0,Age high (z=+0.61); Work Experience low (z=-0.53); Ever Married=Yes (79% vs 59%),2.1404,Cluster 1,0.6839,Clear - automate,2.1404,6.7718,8.4364
460227,28,0.0,3.0,Low,Male,No,No,Healthcare,Cat_6,Cluster 1,1,Family Size high (z=+0.93); Age low (z=-0.77); Ever Married=Yes (31% vs 59%),0.8631,Cluster 0,0.7959,Clear - automate,4.2277,0.8631,8.6552
460242,38,9.0,3.0,Low,Male,Yes,Yes,Healthcare,Cat_6,Cluster 2,2,Work Experience high (z=+1.58); Age low (z=-0.33); Family Size low (z=-0.27),1.1643,Cluster 1,0.8402,Clear - automate,7.4961,7.2865,1.1643
460243,42,8.0,1.0,Low,Female,No,Yes,Entertainment,Cat_6,Cluster 2,2,Work Experience high (z=+1.58); Age low (z=-0.33); Family Size low (z=-0.27),2.0051,Cluster 0,0.7178,Clear - automate,7.1058,10.6504,2.0051
460247,26,9.0,,Low,Female,No,No,Doctor,Cat_6,Cluster 2,2,Work Experience high (z=+1.58); Age low (z=-0.33); Family Size low (z=-0.27),2.1972,Cluster 1,0.6937,Clear - automate,10.8982,7.1736,2.1972
460248,27,7.0,2.0,Low,Female,No,Yes,Healthcare,Cat_6,Cluster 2,2,Work Experience high (z=+1.58); Age low (z=-0.33); Family Size low (z=-0.27),1.6918,Cluster 1,0.7284,Clear - automate,7.4079,6.23,1.6918
460252,41,0.0,2.0,Low,Male,Yes,Yes,Artist,Cat_6,Cluster 0,0,Age high (z=+0.61); Work Experience low (z=-0.53); Ever Married=Yes (79% vs 59%),0.6645,Cluster 1,0.8435,Clear - automate,0.6645,4.2448,6.8014
460263,41,1.0,2.0,Low,Male,Yes,Yes,Artist,Cat_6,Cluster 0,0,Age high (z=+0.61); Work Experience low (z=-0.53); Ever Married=Yes (79% vs 59%),0.5852,Cluster 1,0.8575,Clear - automate,0.5852,4.1073,5.3999
460265,47,0.0,4.0,High,Male,Yes,Yes,Executive,Cat_6,Cluster 0,0,Age high (z=+0.61); Work Experience low (z=-0.53); Ever Married=Yes (79% vs 59%),2.5945,Cluster 1,0.1784,Borderline - blend or hold back,2.5945,3.1579,8.9635
460270,35,8.0,1.0,Low,Male,No,Yes,Doctor,Cat_6,Cluster 2,2,Work Experience high (z=+1.58); Age low (z=-0.33); Family Size low (z=-0.27),2.4779,Cluster 0,0.6641,Clear - automate,7.3772,9.7465,2.4779
460272,88,0.0,1.0,Low,Female,No,Yes,Lawyer,Cat_6,Cluster 0,0,Age high (z=+0.61); Work Experience low (z=-0.53); Ever Married=Yes (79% vs 59%),6.6788,Cluster 2,0.6163,Clear - automate,6.6788,18.4132,17.4045
460275,46,6.0,1.0,Low,Female,No,Yes,Artist,Cat_6,Cluster 2,2,Work Experience high (z=+1.58); Age low (z=-0.33); Family Size low (z=-0.27),2.1426,Cluster 0,0.4828,Clear - automate,4.1424,8.9752,2.1426
460276,41,3.0,2.0,Low,Female,Yes,Yes,Artist,Cat_6,Cluster 0,0,Age high (z=+0.61); Work Experience low (z=-0.53); Ever Married=Yes (79% vs 59%),1.4677,Cluster 2,0.4436,Moderate - standard outreach,1.4677,4.8734,2.6379
460281,30,10.0,5.0,Low,Female,No,Yes,Doctor,Cat_6,Cluster 2,2,Work Experience high (z=+1.58); Age low (z=-0.33); Family Size low (z=-0.27),4.2314,Cluster 1,0.5088,Clear - automate,14.2507,8.6151,4.2314
460283,43,12.0,2.0,Low,Male,Yes,Yes,Doctor,Cat_6,Cluster 2,2,Work Experience high (z=+1.58); Age low (z=-0.33); Family Size low (z=-0.27),2.4461,Cluster 0,0.7953,Clear - automate,11.9479,14.6654,2.4461
460284,29,9.0,2.0,Low,Female,No,Yes,Entertainment,Cat_6,Cluster 2,2,Work Experience high (z=+1.58); Age low (z=-0.33); Family Size low (z=-0.27),1.4458,Cluster 1,0.8415,Clear - automate,9.5782,9.1196,1.4458
460287,48,1.0,1.0,Low,Male,Yes,Yes,Artist,Cat_6,Cluster 0,0,Age high (z=+0.61); Work Experience low (z=-0.53); Ever Married=Yes (79% vs 59%),0.7394,Cluster 2,0.8876,Clear - automate,0.7394,7.1992,6.579
460289,61,4.0,6.0,Average,Female,Yes,Yes,Artist,Cat_4,Cluster 1,1,Family Size high (z=+0.93); Age low (z=-0.77); Ever Married=Yes (31% vs 59%),8.3629,Cluster 0,0.0394,Borderline - blend or hold back,8.7062,8.3629,9.931
460298,51,2.0,1.0,Low,Female,No,Yes,Lawyer,Cat_6,Cluster 0,0,Age high (z=+0.61); Work Experience low (z=-0.53); Ever Married=Yes (79% vs 59%),2.2551,Cluster 2,0.6312,Clear - automate,2.2551,7.6603,6.1147
460303,38,2.0,1.0,Low,Female,No,Yes,Artist,,Cluster 0,0,Age high (z=+0.61); Work Experience low (z=-0.53); Ever Married=Yes (79% vs 59%),3.1082,Cluster 2,0.4333,Moderate - standard outreach,3.1082,6.8306,5.4846
460305,49,0.0,1.0,High,Female,,Yes,Entertainment,Cat_6,Cluster 0,0,Age high (z=+0.61); Work Experience low (z=-0.53); Ever Married=Yes (79% vs 59%),2.7828,Cluster 1,0.6714,Clear - automate,2.7828,8.4687,9.0588
460306,43,9.0,1.0,Low,Female,No,Yes,Healthcare,Cat_6,Cluster 2,2,Work Experience high (z=+1.58); Age low (z=-0.33); Family Size low (z=-0.27),2.08,Cluster 0,0.7521,Clear - automate,8.3888,11.5432,2.08
460310,27,14.0,4.0,Low,Male,No,No,Healthcare,Cat_6,Cluster 2,2,Work Experience high (z=+1.58); Age low (z=-0.33); Family Size low (z=-0.27),6.3994,Cluster 1,0.5651,Clear - automate,20.8237,14.7137,6.3994
460315,35,14.0,6.0,Low,Female,No,No,Doctor,Cat_7,Cluster 2,2,Work Experience high (z=+1.58); Age low (z=-0.33); Family Size low (z=-0.27),10.3092,Cluster 1,0.4103,Moderate - standard outreach,25.2733,17.4821,10.3092
460319,39,4.0,2.0,Average,Female,Yes,No,Doctor,Cat_7,Cluster 2,2,Work Experience high (z=+1.58); Age low (z=-0.33); Family Size low (z=-0.27),3.7473,Cluster 0,0.0921,Borderline - blend or hold back,4.1276,5.6392,3.7473
460322,52,9.0,,Low,Female,Yes,No,Engineer,Cat_6,Cluster 2,2,Work Experience high (z=+1.58); Age low (z=-0.33); Family Size low (z=-0.27),1.8949,Cluster 0,0.7516,Clear - automate,7.6294,9.2705,1.8949
460323,38,10.0,1.0,Low,Female,No,Yes,Engineer,Cat_6,Cluster 2,2,Work Experience high (z=+1.58); Age low (z=-0.33); Family Size low (z=-0.27),2.2079,Cluster 0,0.7879,Clear - automate,10.4094,13.166,2.2079
460324,30,12.0,2.0,Low,Female,No,Yes,Entertainment,Cat_6,Cluster 2,2,Work Experience high (z=+1.58); Age low (z=-0.33); Family Size low (z=-0.27),2.5888,Cluster 1,0.8165,Clear - automate,14.5739,14.1085,2.5888
460327,43,10.0,1.0,Low,Female,No,Yes,Artist,Cat_6,Cluster 2,2,Work Experience high (z=+1.58); Age low (z=-0.33); Family Size low (z=-0.27),1.8016,Cluster 0,0.809,Clear - automate,9.4327,13.5288,1.8016
460333,42,10.0,4.0,Low,Female,No,No,Entertainment,Cat_6,Cluster 2,2,Work Experience high (z=+1.58); Age low (z=-0.33); Family Size low (z=-0.27),2.8217,Cluster 1,0.6636,Clear - automate,11.2456,8.3872,2.8217
460336,46,2.0,1.0,Low,Female,No,Yes,Artist,Cat_7,Cluster 0,0,Age high (z=+0.61); Work Experience low (z=-0.53); Ever Married=Yes (79% vs 59%),2.4346,Cluster 2,0.5747,Clear - automate,2.4346,7.5003,5.7238
460340,47,11.0,2.0,Low,Female,No,Yes,Artist,Cat_6,Cluster 2,2,Work Experience high (z=+1.58); Age low (z=-0.33); Family Size low (z=-0.27),1.5725,Cluster 0,0.8473,Clear - automate,10.2957,13.243,1.5725
460341,32,13.0,5.0,Low,Female,No,No,Entertainment,Cat_7,Cluster 2,2,Work Experience high (z=+1.58); Age low (z=-0.33); Family Size low (z=-0.27),6.8748,Cluster 1,0.5144,Clear - automate,20.6327,14.1582,6.8748
460344,53,11.0,2.0,Average,Female,Yes,Yes,Artist,Cat_6,Cluster 2,2,Work Experience high (z=+1.58); Age low (z=-0.33); Family Size low (z=-0.27),2.1086,Cluster 0,0.7922,Clear - automate,10.1472,15.102,2.1086
460346,43,12.0,,Average,Female,Yes,Yes,Artist,Cat_6,Cluster 2,2,Work Experience high (z=+1.58); Age low (z=-0.33); Family Size low (z=-0.27),1.964,Cluster 0,0.8453,Clear - automate,12.6921,14.1473,1.964
460348,39,0.0,2.0,Low,Female,No,Yes,Artist,Cat_6,Cluster 0,0,Age high (z=+0.61); Work Experience low (z=-0.53); Ever Married=Yes (79% vs 59%),1.8626,Cluster 1,0.5465,Clear - automate,1.8626,4.1072,6.7713
460349,42,3.0,2.0,Average,Male,,Yes,Artist,Cat_6,Cluster 0,0,Age high (z=+0.61); Work Experience low (z=-0.53); Ever Married=Yes (79% vs 59%),1.8797,Cluster 2,0.5486,Clear - automate,1.8797,4.9534,4.164
460354,37,3.0,1.0,Low,Female,No,Yes,Artist,Cat_3,Cluster 0,0,Age high (z=+0.61); Work Experience low (z=-0.53); Ever Married=Yes (79% vs 59%),3.5072,Cluster 2,0.2114,Moderate - standard outreach,3.5072,7.0035,4.4473
460356,19,0.0,4.0,Low,Male,No,No,Healthcare,Cat_6,Cluster 1,1,Family Size high (z=+0.93); Age low (z=-0.77); Ever Married=Yes (31% vs 59%),0.6866,Cluster 0,0.9063,Clear - automate,7.3247,0.6866,10.499
460358,30,1.0,1.0,Low,Male,No,No,Marketing,Cat_3,Cluster 0,0,Age high (z=+0.61); Work Experience low (z=-0.53); Ever Married=Yes (79% vs 59%),4.6563,Cluster 1,0.1676,Borderline - blend or hold back,4.6563,5.5937,8.4422
460361,49,0.0,1.0,Low,Female,Yes,Yes,Artist,Cat_4,Cluster 0,0,Age high (z=+0.61); Work Experience low (z=-0.53); Ever Married=Yes (79% vs 59%),1.7828,Cluster 2,0.7788,Clear - automate,1.7828,8.4687,8.0588
460362,55,0.0,3.0,Low,Male,Yes,Yes,Healthcare,Cat_4,Cluster 0,0,Age high (z=+0.61); Work Experience low (z=-0.53); Ever Married=Yes (79% vs 59%),1.354,Cluster 1,0.7006,Clear - automate,1.354,4.5229,8.862
460365,59,1.0,2.0,Low,Female,Yes,Yes,Doctor,Cat_4,Cluster 0,0,Age high (z=+0.61); Work Experience low (z=-0.53); Ever Married=Yes (79% vs 59%),1.6396,Cluster 2,0.7816,Clear - automate,1.6396,7.6842,7.508
460369,46,,2.0,Low,Female,Yes,Yes,Artist,Cat_6,Cluster 0,0,Age high (z=+0.61); Work Experience low (z=-0.53); Ever Married=Yes (79% vs 59%),0.7199,Cluster 1,0.8583,Clear - automate,0.7199,5.0816,5.1051
460370,27,9.0,2.0,High,Female,Yes,Yes,Executive,Cat_6,Cluster 2,2,Work Experience high (z=+1.58); Age low (z=-0.33); Family Size low (z=-0.27),1.5941,Cluster 0,0.8399,Clear - automate,9.9547,10.1602,1.5941
460371,25,1.0,2.0,Low,Female,No,Yes,Artist,Cat_6,Cluster 1,1,Family Size high (z=+0.93); Age low (z=-0.77); Ever Married=Yes (31% vs 59%),3.838,Cluster 0,0.0411,Borderline - blend or hold back,4.0024,3.838,5.9916
460378,37,1.0,1.0,Low,Female,No,Yes,Doctor,Cat_6,Cluster 0,0,Age high (z=+0.61); Work Experience low (z=-0.53); Ever Married=Yes (79% vs 59%),3.1248,Cluster 1,0.499,Clear - automate,3.1248,6.2375,6.7093
460379,38,9.0,3.0,Low,Male,No,Yes,Artist,Cat_6,Cluster 2,2,Work Experience high (z=+1.58); Age low (z=-0.33); Family Size low (z=-0.27),1.1643,Cluster 1,0.8402,Clear - automate,7.4961,7.2865,1.1643
460380,29,9.0,3.0,Low,Male,No,Yes,Entertainment,Cat_6,Cluster 2,2,Work Experience high (z=+1.58); Age low (z=-0.33); Family Size low (z=-0.27),1.9637,Cluster 1,0.7235,Clear - automate,9.3223,7.1015,1.9637
460381,28,11.0,2.0,Low,Male,No,Yes,Artist,Cat_6,Cluster 2,2,Work Experience high (z=+1.58); Age low (z=-0.33); Family Size low (z=-0.27),2.1399,Cluster 1,0.8185,Clear - automate,12.0309,11.7879,2.1399
460384,27,8.0,2.0,Low,Female,Yes,Yes,Marketing,Cat_6,Cluster 2,2,Work Experience high (z=+1.58); Age low (z=-0.33); Family Size low (z=-0.27),1.0528,Cluster 0,0.8699,Clear - automate,8.0911,8.3549,1.0528
460387,42,3.0,2.0,Low,Female,No,No,Entertainment,Cat_6,Cluster 0,0,Age high (z=+0.61); Work Experience low (z=-0.53); Ever Married=Yes (79% vs 59%),2.8797,Cluster 1,0.2716,Moderate - standard outreach,2.8797,3.9534,4.164
460388,43,14.0,2.0,Low,Female,No,Yes,Artist,Cat_6,Cluster 2,2,Work Experience high (z=+1.58); Age low (z=-0.33); Family Size low (z=-0.27),3.6519,Cluster 0,0.7826,Clear - automate,16.7982,18.8992,3.6519
460389,40,8.0,2.0,Average,Female,Yes,Yes,Healthcare,Cat_6,Cluster 2,2,Work Experience high (z=+1.58); Age low (z=-0.33); Family Size low (z=-0.27),1.1203,Cluster 0,0.8322,Clear - automate,6.6754,8.6221,1.1203
460390,41,9.0,3.0,Low,Male,No,Yes,Artist,Cat_6,Cluster 2,2,Work Experience high (z=+1.58); Age low (z=-0.33); Family Size low (z=-0.27),1.1982,Cluster 0,0.8333,Clear - automate,7.1878,7.4819,1.1982
460392,46,8.0,1.0,Low,Male,Yes,No,Entertainment,Cat_1,Cluster 2,2,Work Experience high (z=+1.58); Age low (z=-0.33); Family Size low (z=-0.27),3.1841,Cluster 0,0.5337,Clear - automate,6.8284,11.0447,3.1841
460394,32,9.0,3.0,Low,Female,No,Yes,Healthcare,Cat_6,Cluster 2,2,Work Experience high (z=+1.58); Age low (z=-0.33); Family Size low (z=-0.27),1.297,Cluster 1,0.8172,Clear - automate,9.3134,7.0963,1.297
460397,56,1.0,1.0,Low,Female,No,Yes,Entertainment,Cat_6,Cluster 0,0,Age high (z=+0.61); Work Experience low (z=-0.53); Ever Married=Yes (79% vs 59%),2.1603,Cluster 2,0.727,Clear - automate,2.1603,8.4633,7.9127
460399,28,12.0,1.0,Low,Male,No,Yes,Marketing,Cat_6,Cluster 2,2,Work Experience high (z=+1.58); Age low (z=-0.33); Family Size low (z=-0.27),4.0621,Cluster 0,0.7301,Clear - automate,15.0491,16.0101,4.0621
460401,25,0.0,3.0,Low,Female,No,Yes,Artist,Cat_7,Cluster 1,1,Family Size high (z=+0.93); Age low (z=-0.77); Ever Married=Yes (31% vs 59%),2.9575,Cluster 0,0.3872,Moderate - standard outreach,4.8259,2.9575,7.911
460404,42,6.0,7.0,Low,Male,Yes,Yes,Artist,Cat_6,Cluster 1,1,Family Size high (z=+0.93); Age low (z=-0.77); Ever Married=Yes (31% vs 59%),7.1923,Cluster 2,0.2654,Moderate - standard outreach,12.6045,7.1923,9.7908
460405,41,5.0,2.0,Low,Female,No,Yes,Entertainment,Cat_6,Cluster 2,2,Work Experience high (z=+1.58); Age low (z=-0.33); Family Size low (z=-0.27),2.0973,Cluster 0,0.4128,Moderate - standard outreach,3.5716,5.3608,2.0973
460406,36,3.0,2.0,Low,Male,Yes,Yes,Healthcare,Cat_6,Cluster 0,0,Age high (z=+0.61); Work Experience low (z=-0.53); Ever Married=Yes (79% vs 59%),2.0187,Cluster 1,0.4369,Moderate - standard outreach,2.0187,3.5848,3.6184
460408,42,2.0,1.0,Low,Female,No,Yes,Artist,Cat_6,Cluster 0,0,Age high (z=+0.61); Work Experience low (z=-0.53); Ever Married=Yes (79% vs 59%),2.2119,Cluster 2,0.5615,Clear - automate,2.2119,6.606,5.0447
460409,42,8.0,4.0,Low,Female,No,Yes,Artist,Cat_6,Cluster 2,2,Work Experience high (z=+1.58); Age low (z=-0.33); Family Size low (z=-0.27),1.5588,Cluster 1,0.7443,Clear - automate,7.3382,6.0962,1.5588
460415,55,1.0,2.0,Low,Female,No,Yes,Entertainment,Cat_6,Cluster 0,0,Age high (z=+0.61); Work Experience low (z=-0.53); Ever Married=Yes (79% vs 59%),1.5306,Cluster 1,0.7407,Clear - automate,1.5306,5.9035,6.9426
460422,52,1.0,,High,Male,Yes,Yes,Entertainment,Cat_6,Cluster 0,0,Age high (z=+0.61); Work Experience low (z=-0.53); Ever Married=Yes (79% vs 59%),1.271,Cluster 1,0.7097,Clear - automate,1.271,4.3779,7.1144
460431,47,1.0,1.0,Low,Female,No,Yes,Engineer,Cat_6,Cluster 0,0,Age high (z=+0.61); Work Experience low (z=-0.53); Ever Married=Yes (79% vs 59%),2.2828,Cluster 2,0.6743,Clear - automate,2.2828,7.0746,7.0083
460434,57,2.0,3.0,High,Male,,Yes,Artist,Cat_6,Cluster 0,0,Age high (z=+0.61); Work Experience low (z=-0.53); Ever Married=Yes (79% vs 59%),1.4155,Cluster 1,0.7331,Clear - automate,1.4155,5.3037,6.5072
460437,26,8.0,1.0,Low,Female,No,Yes,Artist,Cat_6,Cluster 2,2,Work Experience high (z=+1.58); Age low (z=-0.33); Family Size low (z=-0.27),1.9779,Cluster 0,0.7779,Clear - automate,8.9041,10.2622,1.9779
460440,28,5.0,2.0,Low,Female,No,No,Artist,Cat_6,Cluster 2,2,Work Experience high (z=+1.58); Age low (z=-0.33); Family Size low (z=-0.27),2.4331,Cluster 1,0.4589,Clear - automate,5.3907,4.4971,2.4331
460443,37,0.0,1.0,Low,Female,No,Yes,Doctor,Cat_6,Cluster 0,0,Age high (z=+0.61); Work Experience low (z=-0.53); Ever Married=Yes (79% vs 59%),3.204,Cluster 1,0.4974,Clear - automate,3.204,6.375,8.1108
460447,89,0.0,1.0,Low,Male,,No,Lawyer,Cat_3,Cluster 0,0,Age high (z=+0.61); Work Experience low (z=-0.53); Ever Married=Yes (79% vs 59%),7.4402,Cluster 1,0.6051,Clear - automate,7.4402,18.8425,19.2799
460449,25,2.0,1.0,Low,Male,No,No,Marketing,Cat_3,Cluster 0,0,Age high (z=+0.61); Work Experience low (z=-0.53); Ever Married=Yes (79% vs 59%),5.7171,Cluster 1,0.0069,Borderline - blend or hold back,5.7171,5.7567,7.6103
460450,50,1.0,4.0,High,Male,Yes,Yes,Executive,Cat_4,Cluster 0,0,Age high (z=+0.61); Work Experience low (z=-0.53); Ever Married=Yes (79% vs 59%),2.9075,Cluster 1,0.2576,Moderate - standard outreach,2.9075,3.9164,8.2966
460453,42,5.0,1.0,Low,Female,No,Yes,Doctor,Cat_6,Cluster 2,2,Work Experience high (z=+1.58); Age low (z=-0.33); Family Size low (z=-0.27),2.9633,Cluster 0,0.2768,Moderate - standard outreach,4.0973,7.8166,2.9633
460454,48,,1.0,Low,Male,No,Yes,Artist,Cat_6,Cluster 0,0,Age high (z=+0.61); Work Experience low (z=-0.53); Ever Married=Yes (79% vs 59%),1.2394,Cluster 1,0.815,Clear - automate,1.2394,6.6992,7.079
460457,37,9.0,,Low,Female,No,Yes,Entertainment,Cat_3,Cluster 2,2,Work Experience high (z=+1.58); Age low (z=-0.33); Family Size low (z=-0.27),1.6678,Cluster 1,0.7975,Clear - automate,9.1137,8.2362,1.6678
460459,30,1.0,5.0,Low,Female,No,No,Engineer,Cat_3,Cluster 1,1,Family Size high (z=+0.93); Age low (z=-0.77); Ever Married=Yes (31% vs 59%),1.7369,Cluster 0,0.7787,Clear - automate,7.8484,1.7369,9.7293
460460,26,2.0,4.0,Low,Male,Yes,No,Entertainment,Cat_3,Cluster 1,1,Family Size high (z=+0.93); Age low (z=-0.77); Ever Married=Yes (31% vs 59%),1.6636,Cluster 0,0.7103,Clear - automate,5.7427,1.6636,7.0713
460467,47,,2.0,Average,Female,Yes,Yes,Artist,Cat_6,Cluster 0,0,Age high (z=+0.61); Work Experience low (z=-0.53); Ever Married=Yes (79% vs 59%),1.1691,Cluster 2,0.7937,Clear - automate,1.1691,5.6988,5.6684
460470,36,,4.0,Low,Male,No,No,Healthcare,Cat_4,Cluster 1,1,Family Size high (z=+0.93); Age low (z=-0.77); Ever Married=Yes (31% vs 59%),0.6404,Cluster 0,0.8571,Clear - automate,4.4823,0.6404,8.274
460476,53,,4.0,Average,Male,Yes,No,Doctor,Cat_3,Cluster 0,0,Age high (z=+0.61); Work Experience low (z=-0.53); Ever Married=Yes (79% vs 59%),3.3667,Cluster 1,0.1321,Borderline - blend or hold back,3.3667,3.8793,9.098
460477,30,1.0,6.0,Low,Male,No,No,Entertainment,Cat_3,Cluster 1,1,Family Size high (z=+0.93); Age low (z=-0.77); Ever Married=Yes (31% vs 59%),2.2921,Cluster 0,0.7745,Clear - automate,10.1658,2.2921,12.8205
460484,20,4.0,7.0,Low,Female,No,No,Healthcare,Cat_3,Cluster 1,1,Family Size high (z=+0.93); Age low (z=-0.77); Ever Married=Yes (31% vs 59%),5.3008,Cluster 2,0.6106,Clear - automate,17.2905,5.3008,13.6112
460485,19,8.0,5.0,Low,Female,No,No,Marketing,Cat_3,Cluster 2,2,Work Experience high (z=+1.58); Age low (z=-0.33); Family Size low (z=-0.27),6.0701,Cluster 1,0.0416,Borderline - blend or hold back,14.6999,6.3338,6.0701
460489,19,9.0,6.0,Low,Male,No,No,Healthcare,Cat_3,Cluster 1,1,Family Size high (z=+0.93); Age low (z=-0.77); Ever Married=Yes (31% vs 59%),7.6943,Cluster 2,0.1639,Borderline - blend or hold back,18.3809,7.6943,9.2026
460492,37,12.0,,Low,Female,No,No,Marketing,Cat_3,Cluster 2,2,Work Experience high (z=+1.58); Age low (z=-0.33); Family Size low (z=-0.27),3.3738,Cluster 1,0.7351,Clear - automate,14.7865,12.7342,3.3738
460495,20,0.0,6.0,Low,Male,No,No,Healthcare,Cat_3,Cluster 1,1,Family Size high (z=+0.93); Age low (z=-0.77); Ever Married=Yes (31% vs 59%),2.3557,Cluster 0,0.8093,Clear - automate,12.3504,2.3557,15.1863
460504,39,,3.0,Average,Male,,No,Executive,Cat_3,Cluster 1,1,Family Size high (z=+0.93); Age low (z=-0.77); Ever Married=Yes (31% vs 59%),2.9516,Cluster 0,0.1633,Borderline - blend or hold back,3.5275,2.9516,7.8877
460505,26,1.0,3.0,Low,Female,No,Yes,Engineer,Cat_3,Cluster 1,1,Family Size high (z=+0.93); Age low (z=-0.77); Ever Married=Yes (31% vs 59%),2.781,Cluster 0,0.4482,Moderate - standard outreach,5.0398,2.781,6.9168
460507,31,0.0,4.0,Low,Male,No,No,Doctor,Cat_3,Cluster 1,1,Family Size high (z=+0.93); Age low (z=-0.77); Ever Married=Yes (31% vs 59%),1.1752,Cluster 0,0.7782,Clear - automate,5.2984,1.1752,9.8419
460508,31,2.0,3.0,High,Male,Yes,Yes,Healthcare,Cat_3,Cluster 1,1,Family Size high (z=+0.93); Age low (z=-0.77); Ever Married=Yes (31% vs 59%),2.7408,Cluster 0,0.2629,Moderate - standard outreach,3.7182,2.7408,5.8435
460518,41,9.0,3.0,Average,Female,Yes,Yes,Engineer,Cat_3,Cluster 2,2,Work Experience high (z=+1.58); Age low (z=-0.33); Family Size low (z=-0.27),1.6982,Cluster 0,0.8045,Clear - automate,8.6878,9.4819,1.6982
460522,32,,2.0,Average,Female,Yes,No,Homemaker,Cat_4,Cluster 0,0,Age high (z=+0.61); Work Experience low (z=-0.53); Ever Married=Yes (79% vs 59%),4.2108,Cluster 1,0.1082,Borderline - blend or hold back,4.2108,4.7218,6.9986
460541,42,0.0,3.0,Average,Female,Yes,Yes,Homemaker,Cat_3,Cluster 0,0,Age high (z=+0.61); Work Experience low (z=-0.53); Ever Married=Yes (79% vs 59%),2.8207,Cluster 1,0.3451,Moderate - standard outreach,2.8207,4.3068,7.8455
460542,89,1.0,,Low,Female,Yes,No,Lawyer,Cat_3,Cluster 0,0,Age high (z=+0.61); Work Experience low (z=-0.53); Ever Married=Yes (79% vs 59%),6.9914,Cluster 1,0.5434,Clear - automate,6.9914,15.3111,16.0564
460545,78,1.0,3.0,High,Male,Yes,No,Lawyer,Cat_3,Cluster 0,0,Age high (z=+0.61); Work Experience low (z=-0.53); Ever Married=Yes (79% vs 59%),4.5254,Cluster 1,0.5885,Clear - automate,4.5254,10.998,13.3354
460546,65,1.0,2.0,Low,Female,Yes,Yes,Lawyer,Cat_3,Cluster 0,0,Age high (z=+0.61); Work Experience low (z=-0.53); Ever Married=Yes (79% vs 59%),2.0261,Cluster 2,0.7638,Clear - automate,2.0261,9.0781,8.5791
460547,48,0.0,,Average,Female,Yes,Yes,Homemaker,Cat_3,Cluster 0,0,Age high (z=+0.61); Work Experience low (z=-0.53); Ever Married=Yes (79% vs 59%),2.4493,Cluster 1,0.5045,Clear - automate,2.4493,4.9428,8.1586
460549,36,8.0,2.0,Low,Male,No,Yes,Artist,Cat_3,Cluster 2,2,Work Experience high (z=+1.58); Age low (z=-0.33); Family Size low (z=-0.27),1.6196,Cluster 0,0.7558,Clear - automate,6.6311,7.9061,1.6196
460550,55,0.0,4.0,Average,Female,Yes,Yes,Artist,Cat_3,Cluster 0,0,Age high (z=+0.61); Work Experience low (z=-0.53); Ever Married=Yes (79% vs 59%),2.9559,Cluster 1,0.4488,Moderate - standard outreach,2.9559,5.3626,9.2377
460551,52,0.0,2.0,Average,Male,Yes,Yes,Engineer,Cat_3,Cluster 0,0,Age high (z=+0.61); Work Experience low (z=-0.53); Ever Married=Yes (79% vs 59%),1.6061,Cluster 1,0.7542,Clear - automate,1.6061,6.5335,8.9981
460555,52,7.0,3.0,Average,Male,Yes,Yes,Homemaker,Cat_3,Cluster 2,2,Work Experience high (z=+1.58); Age low (z=-0.33); Family Size low (z=-0.27),2.9927,Cluster 0,0.4112,Moderate - standard outreach,5.0827,7.8402,2.9927
460556,41,1.0,1.0,Low,Female,Yes,Yes,,Cat_3,Cluster 0,0,Age high (z=+0.61); Work Experience low (z=-0.53); Ever Married=Yes (79% vs 59%),2.6988,Cluster 2,0.5996,Clear - automate,2.6988,7.4832,6.7397
460558,36,,1.0,Low,Female,Yes,Yes,Engineer,Cat_3,Cluster 0,0,Age high (z=+0.61); Work Experience low (z=-0.53); Ever Married=Yes (79% vs 59%),3.2498,Cluster 2,0.5164,Clear - automate,3.2498,7.1946,6.7203
460561,37,7.0,1.0,Low,Female,No,No,Engineer,Cat_3,Cluster 2,2,Work Experience high (z=+1.58); Age low (z=-0.33); Family Size low (z=-0.27),3.0875,Cluster 0,0.5848,Clear - automate,7.4364,9.1998,3.0875
460563,40,1.0,2.0,Low,Female,No,No,Healthcare,Cat_1,Cluster 0,0,Age high (z=+0.61); Work Experience low (z=-0.53); Ever Married=Yes (79% vs 59%),3.1805,Cluster 1,0.1002,Borderline - blend or hold back,3.1805,3.5348,6.8811
460566,38,,2.0,Average,Male,Yes,Yes,Homemaker,Cat_3,Cluster 0,0,Age high (z=+0.61); Work Experience low (z=-0.53); Ever Married=Yes (79% vs 59%),2.3935,Cluster 1,0.5127,Clear - automate,2.3935,4.9119,6.8659
460571,25,0.0,3.0,Low,Male,No,No,Doctor,Cat_3,Cluster 1,1,Family Size high (z=+0.93); Age low (z=-0.77); Ever Married=Yes (31% vs 59%),1.9575,Cluster 0,0.6325,Clear - automate,5.3259,1.9575,9.411
460572,33,1.0,4.0,Low,Female,No,Yes,Engineer,Cat_3,Cluster 1,1,Family Size high (z=+0.93); Age low (z=-0.77); Ever Married=Yes (31% vs 59%),2.0565,Cluster 0,0.5805,Clear - automate,4.9021,2.0565,7.3515
460574,26,1.0,1.0,Low,Male,No,Yes,Artist,Cat_3,Cluster 0,0,Age high (z=+0.61); Work Experience low (z=-0.53); Ever Married=Yes (79% vs 59%),4.4092,Cluster 1,0.2859,Moderate - standard outreach,4.4092,6.1749,7.7387
460582,28,0.0,1.0,Low,Female,No,No,Entertainment,Cat_3,Cluster 0,0,Age high (z=+0.61); Work Experience low (z=-0.53); Ever Married=Yes (79% vs 59%),5.5972,Cluster 1,0.1054,Borderline - blend or hold back,5.5972,6.257,9.4771
460583,18,0.0,6.0,Low,Male,No,No,Marketing,Cat_3,Cluster 1,1,Family Size high (z=+0.93); Age low (z=-0.77); Ever Married=Yes (31% vs 59%),3.0301,Cluster 0,0.7644,Clear - automate,12.8606,3.0301,15.4684
460585,52,0.0,3.0,Low,Male,No,No,Entertainment,Cat_3,Cluster 0,0,Age high (z=+0.61); Work Experience low (z=-0.53); Ever Married=Yes (79% vs 59%),2.3502,Cluster 1,0.3314,Moderate - standard outreach,2.3502,3.5154,9.516
460586,26,0.0,2.0,Low,Male,No,Yes,Healthcare,Cat_3,Cluster 1,1,Family Size high (z=+0.93); Age low (z=-0.77); Ever Married=Yes (31% vs 59%),3.4366,Cluster 0,0.2145,Moderate - standard outreach,4.3749,3.4366,8.8004
460588,18,0.0,4.0,Low,Male,No,No,Healthcare,Cat_3,Cluster 1,1,Family Size high (z=+0.93); Age low (z=-0.77); Ever Married=Yes (31% vs 59%),1.2775,Cluster 0,0.842,Clear - automate,8.0835,1.2775,11.1438
460597,20,1.0,2.0,Low,Female,No,No,Marketing,Cat_3,Cluster 1,1,Family Size high (z=+0.93); Age low (z=-0.77); Ever Married=Yes (31% vs 59%),4.144,Cluster 0,0.3767,Moderate - standard outreach,6.6479,4.144,8.0666
460598,36,0.0,3.0,Average,Female,Yes,Yes,Doctor,Cat_3,Cluster 0,0,Age high (z=+0.61); Work Experience low (z=-0.53); Ever Married=Yes (79% vs 59%),3.4597,Cluster 1,0.1215,Borderline - blend or hold back,3.4597,3.9383,7.7999
460605,27,8.0,2.0,Average,Male,Yes,Yes,Doctor,Cat_4,Cluster 2,2,Work Experience high (z=+1.58); Age low (z=-0.33); Family Size low (z=-0.27),2.5528,Cluster 0,0.7029,Clear - automate,8.5911,8.8549,2.5528
460606,21,,5.0,Low,Male,No,No,Healthcare,Cat_7,Cluster 1,1,Family Size high (z=+0.93); Age low (z=-0.77); Ever Married=Yes (31% vs 59%),1.087,Cluster 0,0.882,Clear - automate,9.2097,1.087,11.0637
460612,27,8.0,4.0,Low,Male,No,Yes,Entertainment,Cat_3,Cluster 2,2,Work Experience high (z=+1.58); Age low (z=-0.33); Family Size low (z=-0.27),3.4463,Cluster 1,0.3929,Moderate - standard outreach,9.9372,5.6765,3.4463
460615,28,,,Low,Female,No,Yes,Healthcare,Cat_3,Cluster 1,1,Family Size high (z=+0.93); Age low (z=-0.77); Ever Married=Yes (31% vs 59%),2.2255,Cluster 0,0.5212,Clear - automate,4.6484,2.2255,6.7536
460618,63,,4.0,Low,Male,Yes,Yes,Lawyer,Cat_3,Cluster 0,0,Age high (z=+0.61); Work Experience low (z=-0.53); Ever Married=Yes (79% vs 59%),2.7136,Cluster 1,0.5405,Clear - automate,2.7136,5.9054,9.5859
460619,48,,,Low,Male,No,Yes,Entertainment,Cat_3,Cluster 0,0,Age high (z=+0.61); Work Experience low (z=-0.53); Ever Married=Yes (79% vs 59%),1.87,Cluster 1,0.4342,Moderate - standard outreach,1.87,3.3053,7.2571
460621,80,1.0,2.0,Low,Male,Yes,Yes,Lawyer,Cat_3,Cluster 0,0,Age high (z=+0.61); Work Experience low (z=-0.53); Ever Married=Yes (79% vs 59%),3.6627,Cluster 2,0.7167,Clear - automate,3.6627,13.2334,12.9272
460622,71,7.0,3.0,High,Female,Yes,Yes,Lawyer,Cat_3,Cluster 2,2,Work Experience high (z=+1.58); Age low (z=-0.33); Family Size low (z=-0.27),5.8138,Cluster 0,0.1369,Borderline - blend or hold back,6.736,12.6839,5.8138
460626,47,8.0,4.0,High,Male,Yes,No,Doctor,Cat_6,Cluster 2,2,Work Experience high (z=+1.58); Age low (z=-0.33); Family Size low (z=-0.27),3.3011,Cluster 1,0.5004,Clear - automate,7.5101,6.6077,3.3011
460627,22,1.0,4.0,Low,Female,No,No,,Cat_3,Cluster 1,1,Family Size high (z=+0.93); Age low (z=-0.77); Ever Married=Yes (31% vs 59%),1.8209,Cluster 0,0.7576,Clear - automate,7.5135,1.8209,8.7079
460633,35,,2.0,High,Male,Yes,Yes,,Cat_3,Cluster 0,0,Age high (z=+0.61); Work Experience low (z=-0.53); Ever Married=Yes (79% vs 59%),2.7687,Cluster 1,0.4212,Moderate - standard outreach,2.7687,4.7834,6.8988
460634,40,,6.0,Low,Female,No,No,Entertainment,Cat_3,Cluster 1,1,Family Size high (z=+0.93); Age low (z=-0.77); Ever Married=Yes (31% vs 59%),3.109,Cluster 0,0.6658,Clear - automate,9.3037,3.109,12.0993
460637,18,,,Low,Female,No,No,Healthcare,Cat_3,Cluster 1,1,Family Size high (z=+0.93); Age low (z=-0.77); Ever Married=Yes (31% vs 59%),2.3003,Cluster 0,0.6892,Clear - automate,7.4023,2.3003,8.3666
460638,26,0.0,4.0,Low,Female,No,Yes,Artist,Cat_3,Cluster 1,1,Family Size high (z=+0.93); Age low (z=-0.77); Ever Married=Yes (31% vs 59%),2.2582,Cluster 0,0.6053,Clear - automate,5.721,2.2582,8.694
460639,73,,5.0,Low,Female,Yes,Yes,Lawyer,Cat_1,Cluster 0,0,Age high (z=+0.61); Work Experience low (z=-0.53); Ever Married=Yes (79% vs 59%),6.2633,Cluster 1,0.3317,Moderate - standard outreach,6.2633,9.372,13.0503
460640,86,,1.0,Low,Male,Yes,,Lawyer,Cat_3,Cluster 0,0,Age high (z=+0.61); Work Experience low (z=-0.53); Ever Married=Yes (79% vs 59%),6.0991,Cluster 2,0.6252,Clear - automate,6.0991,17.9395,16.2744
460645,37,1.0,2.0,Low,Female,No,No,Doctor,Cat_3,Cluster 0,0,Age high (z=+0.61); Work Experience low (z=-0.53); Ever Married=Yes (79% vs 59%),3.5111,Cluster 1,0.0908,Borderline - blend or hold back,3.5111,3.8617,6.8695
460646,59,,,Low,Male,Yes,Yes,Entertainment,Cat_3,Cluster 0,0,Age high (z=+0.61); Work Experience low (z=-0.53); Ever Married=Yes (79% vs 59%),1.3838,Cluster 1,0.7558,Clear - automate,1.3838,5.6661,8.0259
460653,28,8.0,1.0,Low,Female,No,No,Homemaker,Cat_4,Cluster 2,2,Work Experience high (z=+1.58); Age low (z=-0.33); Family Size low (z=-0.27),3.3148,Cluster 0,0.6689,Clear - automate,10.0128,10.2067,3.3148
460656,29,9.0,3.0,Low,Female,Yes,Yes,Artist,Cat_6,Cluster 2,2,Work Experience high (z=+1.58); Age low (z=-0.33); Family Size low (z=-0.27),0.4637,Cluster 1,0.9428,Clear - automate,8.8223,8.1015,0.4637
460658,37,7.0,3.0,Average,Female,Yes,Yes,Marketing,Cat_6,Cluster 2,2,Work Experience high (z=+1.58); Age low (z=-0.33); Family Size low (z=-0.27),1.2656,Cluster 0,0.7914,Clear - automate,6.067,6.3059,1.2656
460659,46,,3.0,Average,Female,Yes,Yes,Marketing,Cat_6,Cluster 0,0,Age high (z=+0.61); Work Experience low (z=-0.53); Ever Married=Yes (79% vs 59%),1.9641,Cluster 1,0.5167,Clear - automate,1.9641,4.0635,6.123
460660,39,6.0,1.0,Low,Male,No,,Entertainment,Cat_6,Cluster 2,2,Work Experience high (z=+1.58); Age low (z=-0.33); Family Size low (z=-0.27),3.4073,Cluster 0,0.3455,Moderate - standard outreach,5.2058,7.8632,3.4073
460661,33,8.0,1.0,Low,Female,No,No,Homemaker,Cat_6,Cluster 2,2,Work Experience high (z=+1.58); Age low (z=-0.33); Family Size low (z=-0.27),2.537,Cluster 0,0.7072,Clear - automate,8.6645,9.698,2.537
460668,32,,2.0,Low,Female,No,Yes,Doctor,Cat_3,Cluster 0,0,Age high (z=+0.61); Work Experience low (z=-0.53); Ever Married=Yes (79% vs 59%),3.7108,Cluster 1,0.121,Borderline - blend or hold back,3.7108,4.2218,6.4986
460678,32,6.0,2.0,Low,Female,No,No,Doctor,Cat_3,Cluster 2,2,Work Experience high (z=+1.58); Age low (z=-0.33); Family Size low (z=-0.27),2.6963,Cluster 1,0.5302,Clear - automate,6.5197,5.7395,2.6963
460686,25,8.0,1.0,Low,Female,,No,Homemaker,Cat_3,Cluster 2,2,Work Experience high (z=+1.58); Age low (z=-0.33); Family Size low (z=-0.27),3.5706,Cluster 0,0.6635,Clear - automate,10.6109,10.8011,3.5706
460687,48,9.0,2.0,Average,Female,Yes,Yes,Homemaker,Cat_3,Cluster 2,2,Work Experience high (z=+1.58); Age low (z=-0.33); Family Size low (z=-0.27),2.0196,Cluster 0,0.747,Clear - automate,7.9842,11.7159,2.0196
460691,27,8.0,1.0,Low,Female,No,No,Homemaker,Cat_3,Cluster 2,2,Work Experience high (z=+1.58); Age low (z=-0.33); Family Size low (z=-0.27),3.3926,Cluster 0,0.6675,Clear - automate,10.2047,10.2308,3.3926
460702,49,1.0,1.0,Low,Female,No,Yes,Artist,Cat_6,Cluster 0,0,Age high (z=+0.61); Work Experience low (z=-0.53); Ever Married=Yes (79% vs 59%),1.7035,Cluster 2,0.7441,Clear - automate,1.7035,7.3312,6.6572
460703,33,8.0,5.0,Average,Female,Yes,Yes,Engineer,Cat_4,Cluster 2,2,Work Experience high (z=+1.58); Age low (z=-0.33); Family Size low (z=-0.27),4.3241,Cluster 1,0.411,Moderate - standard outreach,11.3566,7.3412,4.3241
460706,33,7.0,6.0,Low,Female,No,No,Engineer,Cat_4,Cluster 1,1,Family Size high (z=+0.93); Age low (z=-0.77); Ever Married=Yes (31% vs 59%),5.7715,Cluster 2,0.236,Moderate - standard outreach,13.4909,5.7715,7.5543
460708,39,0.0,3.0,Low,Male,Yes,Yes,Artist,Cat_6,Cluster 0,0,Age high (z=+0.61); Work Experience low (z=-0.53); Ever Married=Yes (79% vs 59%),1.1067,Cluster 1,0.5725,Clear - automate,1.1067,2.5891,6.7892
460716,50,0.0,4.0,Average,Male,Yes,Yes,Entertainment,Cat_6,Cluster 0,0,Age high (z=+0.61); Work Experience low (z=-0.53); Ever Married=Yes (79% vs 59%),2.4868,Cluster 1,0.3003,Moderate - standard outreach,2.4868,3.5539,9.1981
460719,84,0.0,,Low,Female,Yes,Yes,Lawyer,Cat_3,Cluster 0,0,Age high (z=+0.61); Work Experience low (z=-0.53); Ever Married=Yes (79% vs 59%),5.3383,Cluster 1,0.6153,Clear - automate,5.3383,13.8766,15.1551
460720,46,0.0,2.0,Average,Female,Yes,Yes,Artist,Cat_6,Cluster 0,0,Age high (z=+0.61); Work Experience low (z=-0.53); Ever Married=Yes (79% vs 59%),1.2992,Cluster 1,0.7728,Clear - automate,1.2992,5.7191,7.0066
460722,31,0.0,3.0,Average,Male,Yes,No,Entertainment,Cat_3,Cluster 1,1,Family Size high (z=+0.93); Age low (z=-0.77); Ever Married=Yes (31% vs 59%),2.8355,Cluster 0,0.3243,Moderate - standard outreach,4.1965,2.8355,8.9662
460726,57,3.0,2.0,Average,Male,Yes,Yes,Artist,Cat_6,Cluster 0,0,Age high (z=+0.61); Work Experience low (z=-0.53); Ever Married=Yes (79% vs 59%),0.9527,Cluster 2,0.8075,Clear - automate,0.9527,7.045,4.9484
460727,73,1.0,4.0,High,Male,Yes,No,Executive,Cat_3,Cluster 0,0,Age high (z=+0.61); Work Experience low (z=-0.53); Ever Married=Yes (79% vs 59%),4.8037,Cluster 1,0.4462,Moderate - standard outreach,4.8037,8.6745,12.8169
460729,36,9.0,4.0,Low,Male,Yes,Yes,Entertainment,Cat_6,Cluster 2,2,Work Experience high (z=+1.58); Age low (z=-0.33); Family Size low (z=-0.27),2.0545,Cluster 1,0.7079,Clear - automate,8.8407,7.033,2.0545
460733,53,2.0,4.0,Low,Male,No,Yes,Marketing,Cat_6,Cluster 0,0,Age high (z=+0.61); Work Experience low (z=-0.53); Ever Married=Yes (79% vs 59%),2.4678,Cluster 1,0.1555,Borderline - blend or hold back,2.4678,2.9222,6.8769
460734,41,9.0,,Average,Male,Yes,Yes,Entertainment,Cat_2,Cluster 2,2,Work Experience high (z=+1.58); Age low (z=-0.33); Family Size low (z=-0.27),2.1982,Cluster 0,0.7315,Clear - automate,8.1878,8.9819,2.1982
460738,53,0.0,,Low,Female,No,No,Engineer,Cat_7,Cluster 0,0,Age high (z=+0.61); Work Experience low (z=-0.53); Ever Married=Yes (79% vs 59%),2.8441,Cluster 1,0.3191,Moderate - standard outreach,2.8441,4.1772,9.1239
460740,35,2.0,3.0,Average,Male,Yes,Yes,Artist,Cat_6,Cluster 0,0,Age high (z=+0.61); Work Experience low (z=-0.53); Ever Married=Yes (79% vs 59%),2.1139,Cluster 1,0.2472,Moderate - standard outreach,2.1139,2.8082,4.6956
460743,62,0.0,3.0,Average,Male,Yes,Yes,Artist,Cat_6,Cluster 0,0,Age high (z=+0.61); Work Experience low (z=-0.53); Ever Married=Yes (79% vs 59%),1.1229,Cluster 1,0.8264,Clear - automate,1.1229,6.4672,9.4296
460746,23,0.0,3.0,Low,Male,No,No,Marketing,Cat_6,Cluster 1,1,Family Size high (z=+0.93); Age low (z=-0.77); Ever Married=Yes (31% vs 59%),1.5575,Cluster 0,0.704,Clear - automate,5.2618,1.5575,9.1187
460763,51,1.0,2.0,Low,Male,No,Yes,Artist,Cat_6,Cluster 0,0,Age high (z=+0.61); Work Experience low (z=-0.53); Ever Married=Yes (79% vs 59%),0.5404,Cluster 1,0.886,Clear - automate,0.5404,4.7417,6.4961
460769,83,1.0,2.0,High,Female,Yes,No,Lawyer,Cat_6,Cluster 0,0,Age high (z=+0.61); Work Experience low (z=-0.53); Ever Married=Yes (79% vs 59%),5.2907,Cluster 2,0.6193,Clear - automate,5.2907,14.3651,13.8974
460780,26,0.0,2.0,Low,Female,No,Yes,Healthcare,Cat_3,Cluster 1,1,Family Size high (z=+0.93); Age low (z=-0.77); Ever Married=Yes (31% vs 59%),3.9366,Cluster 0,0.1925,Borderline - blend or hold back,4.8749,3.9366,8.3004
460783,86,1.0,1.0,Low,Male,Yes,Yes,Lawyer,Cat_6,Cluster 0,0,Age high (z=+0.61); Work Experience low (z=-0.53); Ever Married=Yes (79% vs 59%),5.0991,Cluster 2,0.6662,Clear - automate,5.0991,17.4395,15.2744
460785,26,0.0,4.0,Low,Male,No,Yes,Healthcare,Cat_7,Cluster 1,1,Family Size high (z=+0.93); Age low (z=-0.77); Ever Married=Yes (31% vs 59%),1.2582,Cluster 0,0.7801,Clear - automate,5.721,1.2582,9.694
460789,42,0.0,3.0,Low,Male,Yes,Yes,Executive,Cat_6,Cluster 0,0,Age high (z=+0.61); Work Experience low (z=-0.53); Ever Married=Yes (79% vs 59%),1.3207,Cluster 1,0.5295,Clear - automate,1.3207,2.8068,7.3455
460794,41,9.0,1.0,Low,Female,Yes,Yes,Homemaker,Cat_6,Cluster 2,2,Work Experience high (z=+1.58); Age low (z=-0.33); Family Size low (z=-0.27),1.5202,Cluster 0,0.8113,Clear - automate,8.0572,12.3758,1.5202
460796,67,0.0,3.0,Low,Male,Yes,No,Lawyer,Cat_6,Cluster 0,0,Age high (z=+0.61); Work Experience low (z=-0.53); Ever Married=Yes (79% vs 59%),2.0378,Cluster 1,0.6968,Clear - automate,2.0378,6.7217,10.915
460802,68,1.0,2.0,High,Male,Yes,Yes,Lawyer,Cat_6,Cluster 0,0,Age high (z=+0.61); Work Experience low (z=-0.53); Ever Married=Yes (79% vs 59%),1.8197,Cluster 1,0.8059,Clear - automate,1.8197,9.3754,9.715
460811,45,0.0,2.0,High,Female,Yes,No,Engineer,Cat_6,Cluster 0,0,Age high (z=+0.61); Work Experience low (z=-0.53); Ever Married=Yes (79% vs 59%),2.3574,Cluster 1,0.5386,Clear - automate,2.3574,5.1094,7.9507
460813,86,0.0,2.0,High,Female,Yes,No,Lawyer,Cat_6,Cluster 0,0,Age high (z=+0.61); Work Experience low (z=-0.53); Ever Married=Yes (79% vs 59%),6.0648,Cluster 1,0.6137,Clear - automate,6.0648,15.7012,16.3361
460815,62,0.0,2.0,High,Male,Yes,Yes,Artist,Cat_3,Cluster 0,0,Age high (z=+0.61); Work Experience low (z=-0.53); Ever Married=Yes (79% vs 59%),1.3787,Cluster 1,0.8375,Clear - automate,1.3787,8.4852,9.9117
460822,42,1.0,2.0,Low,Male,Yes,Yes,Artist,Cat_6,Cluster 0,0,Age high (z=+0.61); Work Experience low (z=-0.53); Ever Married=Yes (79% vs 59%),0.4973,Cluster 1,0.8812,Clear - automate,0.4973,4.1873,5.426
460825,26,0.0,3.0,Low,Male,No,Yes,Doctor,Cat_4,Cluster 1,1,Family Size high (z=+0.93); Age low (z=-0.77); Ever Married=Yes (31% vs 59%),2.4186,Cluster 0,0.4764,Clear - automate,4.6191,2.4186,8.8183
460828,48,1.0,1.0,Low,Male,No,No,Entertainment,Cat_6,Cluster 0,0,Age high (z=+0.61); Work Experience low (z=-0.53); Ever Married=Yes (79% vs 59%),2.2394,Cluster 1,0.6388,Clear - automate,2.2394,6.1992,8.079
460830,40,3.0,5.0,Average,Male,Yes,No,Entertainment,Cat_2,Cluster 1,1,Family Size high (z=+0.93); Age low (z=-0.77); Ever Married=Yes (31% vs 59%),2.8199,Cluster 0,0.5572,Clear - automate,6.3687,2.8199,7.7461
460831,20,0.0,4.0,Low,Male,No,No,Healthcare,Cat_6,Cluster 1,1,Family Size high (z=+0.93); Age low (z=-0.77); Ever Married=Yes (31% vs 59%),0.6031,Cluster 0,0.9147,Clear - automate,7.0733,0.6031,10.3617
460837,25,1.0,1.0,Low,Female,No,Yes,Artist,Cat_5,Cluster 0,0,Age high (z=+0.61); Work Experience low (z=-0.53); Ever Married=Yes (79% vs 59%),5.116,Cluster 1,0.238,Moderate - standard outreach,5.116,6.7138,7.3314
460838,37,1.0,,Low,Male,No,Yes,Artist,Cat_6,Cluster 0,0,Age high (z=+0.61); Work Experience low (z=-0.53); Ever Married=Yes (79% vs 59%),1.7553,Cluster 1,0.0479,Borderline - blend or hold back,1.7553,1.8436,5.8874
460840,77,1.0,1.0,Low,Male,Yes,Yes,Lawyer,Cat_6,Cluster 0,0,Age high (z=+0.61); Work Experience low (z=-0.53); Ever Married=Yes (79% vs 59%),3.2153,Cluster 2,0.7399,Clear - automate,3.2153,14.0444,12.3636
460844,50,,2.0,Low,Male,Yes,Yes,Healthcare,Cat_6,Cluster 0,0,Age high (z=+0.61); Work Experience low (z=-0.53); Ever Married=Yes (79% vs 59%),0.5614,Cluster 1,0.8778,Clear - automate,0.5614,4.5948,6.403
460846,22,0.0,4.0,Low,Female,No,No,Marketing,Cat_6,Cluster 1,1,Family Size high (z=+0.93); Age low (z=-0.77); Ever Married=Yes (31% vs 59%),1.4584,Cluster 0,0.7944,Clear - automate,7.0928,1.4584,9.6094
460847,26,1.0,3.0,Low,Male,No,Yes,Artist,Cat_6,Cluster 1,1,Family Size high (z=+0.93); Age low (z=-0.77); Ever Married=Yes (31% vs 59%),1.781,Cluster 0,0.4968,Clear - automate,3.5398,1.781,6.4168
460851,71,0.0,3.0,Average,Male,Yes,No,Doctor,Cat_6,Cluster 0,0,Age high (z=+0.61); Work Experience low (z=-0.53); Ever Married=Yes (79% vs 59%),3.0036,Cluster 1,0.6407,Clear - automate,3.0036,8.3591,12.3371
460855,50,,2.0,Low,Male,Yes,Yes,Artist,Cat_6,Cluster 0,0,Age high (z=+0.61); Work Experience low (z=-0.53); Ever Married=Yes (79% vs 59%),0.0614,Cluster 1,0.9879,Clear - automate,0.0614,5.0948,5.903
460857,29,1.0,1.0,Low,Male,No,No,Entertainment,Cat_4,Cluster 0,0,Age high (z=+0.61); Work Experience low (z=-0.53); Ever Married=Yes (79% vs 59%),4.8334,Cluster 1,0.1373,Borderline - blend or hold back,4.8334,5.6028,8.5052
460859,51,,4.0,Low,Male,Yes,Yes,Entertainment,Cat_6,Cluster 0,0,Age high (z=+0.61); Work Experience low (z=-0.53); Ever Married=Yes (79% vs 59%),1.8865,Cluster 1,0.3842,Moderate - standard outreach,1.8865,3.0633,7.3896
460860,52,6.0,4.0,Average,Male,Yes,Yes,Artist,Cat_6,Cluster 2,2,Work Experience high (z=+1.58); Age low (z=-0.33); Family Size low (z=-0.27),3.1877,Cluster 0,0.2377,Moderate - standard outreach,4.1817,5.7353,3.1877
460861,20,1.0,3.0,Low,Male,No,No,Healthcare,Cat_3,Cluster 1,1,Family Size high (z=+0.93); Age low (z=-0.77); Ever Married=Yes (31% vs 59%),1.6259,Cluster 0,0.7456,Clear - automate,6.3921,1.6259,8.5845
460866,26,0.0,9.0,Low,Male,No,Yes,Doctor,Cat_4,Cluster 1,1,Family Size high (z=+0.93); Age low (z=-0.77); Ever Married=Yes (31% vs 59%),11.3231,Cluster 0,0.5301,Clear - automate,24.0969,11.3231,26.9387
460870,37,,,Low,Male,No,Yes,Healthcare,Cat_4,Cluster 1,1,Family Size high (z=+0.93); Age low (z=-0.77); Ever Married=Yes (31% vs 59%),1.8436,Cluster 0,0.3309,Moderate - standard outreach,2.7553,1.8436,6.8874
460871,33,,,Low,Female,No,Yes,Healthcare,Cat_6,Cluster 1,1,Family Size high (z=+0.93); Age low (z=-0.77); Ever Married=Yes (31% vs 59%),1.7168,Cluster 0,0.4798,Clear - automate,3.3002,1.7168,5.9758
460872,39,0.0,2.0,Low,Female,Yes,Yes,Artist,Cat_4,Cluster 0,0,Age high (z=+0.61); Work Experience low (z=-0.53); Ever Married=Yes (79% vs 59%),1.8626,Cluster 1,0.6353,Clear - automate,1.8626,5.1072,6.7713
460877,53,1.0,5.0,Average,Female,Yes,No,Artist,Cat_6,Cluster 1,1,Family Size high (z=+0.93); Age low (z=-0.77); Ever Married=Yes (31% vs 59%),4.0768,Cluster 0,0.1553,Borderline - blend or hold back,4.8264,4.0768,9.3315
460878,49,0.0,4.0,Average,Male,Yes,No,Entertainment,Cat_6,Cluster 1,1,Family Size high (z=+0.93); Age low (z=-0.77); Ever Married=Yes (31% vs 59%),2.9145,Cluster 0,0.0334,Borderline - blend or hold back,3.0153,2.9145,9.6125
460882,21,0.0,2.0,Low,Male,No,No,Healthcare,Cat_3,Cluster 1,1,Family Size high (z=+0.93); Age low (z=-0.77); Ever Married=Yes (31% vs 59%),3.2054,Cluster 0,0.4643,Clear - automate,5.9833,3.2054,9.8383
460888,39,8.0,1.0,Low,Male,Yes,No,Homemaker,Cat_6,Cluster 2,2,Work Experience high (z=+1.58); Age low (z=-0.33); Family Size low (z=-0.27),2.4488,Cluster 0,0.6447,Clear - automate,6.8918,9.9327,2.4488
460891,38,2.0,4.0,Average,Female,Yes,No,Artist,Cat_3,Cluster 1,1,Family Size high (z=+0.93); Age low (z=-0.77); Ever Married=Yes (31% vs 59%),2.7764,Cluster 0,0.3604,Moderate - standard outreach,4.3406,2.7764,6.0383
460897,22,4.0,4.0,Low,Male,No,No,Healthcare,Cat_6,Cluster 1,1,Family Size high (z=+0.93); Age low (z=-0.77); Ever Married=Yes (31% vs 59%),0.9905,Cluster 2,0.8227,Clear - automate,7.3578,0.9905,5.5854
460898,52,2.0,4.0,Average,Male,Yes,No,Artist,Cat_6,Cluster 0,0,Age high (z=+0.61); Work Experience low (z=-0.53); Ever Married=Yes (79% vs 59%),2.4739,Cluster 1,0.2412,Moderate - standard outreach,2.4739,3.2604,6.7689
460899,40,,3.0,Low,Male,No,Yes,Entertainment,Cat_6,Cluster 0,0,Age high (z=+0.61); Work Experience low (z=-0.53); Ever Married=Yes (79% vs 59%),1.9247,Cluster 1,0.0456,Borderline - blend or hold back,1.9247,2.0167,6.399
460901,20,8.0,3.0,Low,Male,No,No,Doctor,Cat_6,Cluster 2,2,Work Experience high (z=+1.58); Age low (z=-0.33); Family Size low (z=-0.27),3.3237,Cluster 1,0.4182,Moderate - standard outreach,10.387,5.7132,3.3237
460902,41,1.0,3.0,Low,Male,No,Yes,Executive,Cat_6,Cluster 0,0,Age high (z=+0.61); Work Experience low (z=-0.53); Ever Married=Yes (79% vs 59%),1.8293,Cluster 1,0.1244,Borderline - blend or hold back,1.8293,2.0893,6.4178
460905,30,1.0,1.0,Low,Male,No,Yes,Artist,Cat_3,Cluster 0,0,Age high (z=+0.61); Work Experience low (z=-0.53); Ever Married=Yes (79% vs 59%),3.6563,Cluster 1,0.4,Moderate - standard outreach,3.6563,6.0937,7.4422
460906,89,1.0,3.0,High,Female,Yes,Yes,Lawyer,Cat_6,Cluster 0,0,Age high (z=+0.61); Work Experience low (z=-0.53); Ever Married=Yes (79% vs 59%),6.4914,Cluster 2,0.5827,Clear - automate,6.4914,15.8111,15.5564
460907,83,1.0,3.0,High,Male,Yes,No,Lawyer,Cat_6,Cluster 0,0,Age high (z=+0.61); Work Experience low (z=-0.53); Ever Married=Yes (79% vs 59%),5.0349,Cluster 1,0.5922,Clear - automate,5.0349,12.347,14.4153
460923,53,0.0,3.0,Average,Male,Yes,Yes,Artist,Cat_6,Cluster 0,0,Age high (z=+0.61); Work Experience low (z=-0.53); Ever Married=Yes (79% vs 59%),0.8441,Cluster 1,0.8195,Clear - automate,0.8441,4.6772,8.1239
460924,31,1.0,5.0,Low,Male,No,No,Doctor,Cat_2,Cluster 1,1,Family Size high (z=+0.93); Age low (z=-0.77); Ever Married=Yes (31% vs 59%),1.2351,Cluster 0,0.8279,Clear - automate,7.1788,1.2351,10.1738
460928,48,1.0,4.0,Average,Male,Yes,Yes,Artist,Cat_6,Cluster 0,0,Age high (z=+0.61); Work Experience low (z=-0.53); Ever Married=Yes (79% vs 59%),1.9719,Cluster 1,0.373,Moderate - standard outreach,1.9719,3.145,7.1327
460934,29,0.0,2.0,Low,Female,No,No,Doctor,Cat_6,Cluster 1,1,Family Size high (z=+0.93); Age low (z=-0.77); Ever Married=Yes (31% vs 59%),3.3645,Cluster 0,0.2174,Moderate - standard outreach,4.2991,3.3645,8.0669
460935,87,0.0,1.0,Low,Male,Yes,Yes,Lawyer,Cat_6,Cluster 0,0,Age high (z=+0.61); Work Experience low (z=-0.53); Ever Married=Yes (79% vs 59%),5.4249,Cluster 2,0.6816,Clear - automate,5.4249,17.9914,17.0365
460945,19,4.0,7.0,Low,Male,No,No,Engineer,Cat_6,Cluster 1,1,Family Size high (z=+0.93); Age low (z=-0.77); Ever Married=Yes (31% vs 59%),4.8843,Cluster 2,0.6447,Clear - automate,16.5419,4.8843,13.7485
460953,60,1.0,2.0,Low,Male,Yes,No,Entertainment,Cat_6,Cluster 0,0,Age high (z=+0.61); Work Experience low (z=-0.53); Ever Married=Yes (79% vs 59%),1.1855,Cluster 1,0.8147,Clear - automate,1.1855,6.3979,8.168
460961,23,1.0,2.0,Low,Male,No,No,Healthcare,Cat_3,Cluster 1,1,Family Size high (z=+0.93); Age low (z=-0.77); Ever Married=Yes (31% vs 59%),2.9381,Cluster 0,0.4597,Clear - automate,5.4383,2.9381,8.1993
460962,61,9.0,4.0,High,Male,Yes,Yes,Executive,Cat_6,Cluster 2,2,Work Experience high (z=+1.58); Age low (z=-0.33); Family Size low (z=-0.27),4.5094,Cluster 0,0.4659,Clear - automate,8.4432,10.8333,4.5094
460963,27,1.0,3.0,Low,Female,No,Yes,Artist,Cat_6,Cluster 1,1,Family Size high (z=+0.93); Age low (z=-0.77); Ever Married=Yes (31% vs 59%),2.2496,Cluster 0,0.4142,Moderate - standard outreach,3.8404,2.2496,5.8315
460968,32,14.0,2.0,Average,Male,Yes,No,Doctor,Cat_3,Cluster 2,2,Work Experience high (z=+1.58); Age low (z=-0.33); Family Size low (z=-0.27),5.6909,Cluster 1,0.698,Clear - automate,19.0922,18.8462,5.6909
460975,79,0.0,2.0,High,Male,Yes,,Lawyer,Cat_6,Cluster 0,0,Age high (z=+0.61); Work Experience low (z=-0.53); Ever Married=Yes (79% vs 59%),4.0476,Cluster 1,0.6889,Clear - automate,4.0476,13.0086,14.5201
460976,19,1.0,4.0,Low,Male,No,No,Healthcare,Cat_6,Cluster 1,1,Family Size high (z=+0.93); Age low (z=-0.77); Ever Married=Yes (31% vs 59%),0.5491,Cluster 0,0.9242,Clear - automate,7.2454,0.5491,9.0975
460977,42,0.0,3.0,High,Male,Yes,Yes,Executive,Cat_4,Cluster 0,0,Age high (z=+0.61); Work Experience low (z=-0.53); Ever Married=Yes (79% vs 59%),2.3207,Cluster 1,0.3904,Moderate - standard outreach,2.3207,3.8068,8.3455
460979,76,1.0,1.0,Low,Male,Yes,No,Lawyer,Cat_6,Cluster 0,0,Age high (z=+0.61); Work Experience low (z=-0.53); Ever Married=Yes (79% vs 59%),3.5431,Cluster 2,0.7183,Clear - automate,3.5431,13.2044,12.5774
460981,41,1.0,2.0,Average,Female,Yes,No,Marketing,Cat_6,Cluster 0,0,Age high (z=+0.61); Work Experience low (z=-0.53); Ever Married=Yes (79% vs 59%),2.5852,Cluster 1,0.4389,Moderate - standard outreach,2.5852,4.6073,6.3999
460984,38,0.0,4.0,Average,Male,Yes,Yes,Entertainment,Cat_6,Cluster 1,1,Family Size high (z=+0.93); Age low (z=-0.77); Ever Married=Yes (31% vs 59%),2.3711,Cluster 0,0.2856,Moderate - standard outreach,3.3189,2.3711,8.661
460988,43,0.0,3.0,Average,Male,Yes,Yes,Entertainment,Cat_4,Cluster 0,0,Age high (z=+0.61); Work Experience low (z=-0.53); Ever Married=Yes (79% vs 59%),2.2402,Cluster 1,0.4247,Moderate - standard outreach,2.2402,3.8942,8.3791
460989,19,1.0,3.0,Low,Male,No,No,Healthcare,Cat_1,Cluster 1,1,Family Size high (z=+0.93); Age low (z=-0.77); Ever Married=Yes (31% vs 59%),1.7094,Cluster 0,0.7427,Clear - automate,6.6435,1.7094,8.7218
460991,28,1.0,3.0,Low,Female,No,Yes,Healthcare,Cat_7,Cluster 1,1,Family Size high (z=+0.93); Age low (z=-0.77); Ever Married=Yes (31% vs 59%),2.2255,Cluster 0,0.5212,Clear - automate,4.6484,2.2255,6.7536
460993,56,0.0,4.0,Average,Male,Yes,Yes,Artist,Cat_6,Cluster 0,0,Age high (z=+0.61); Work Experience low (z=-0.53); Ever Married=Yes (79% vs 59%),1.972,Cluster 1,0.5663,Clear - automate,1.972,4.5466,9.3679
460999,28,0.0,3.0,Low,Male,No,Yes,Engineer,Cat_3,Cluster 1,1,Family Size high (z=+0.93); Age low (z=-0.77); Ever Married=Yes (31% vs 59%),2.3631,Cluster 0,0.4411,Moderate - standard outreach,4.2277,2.3631,8.6552
461000,60,1.0,2.0,High,Male,Yes,No,Marketing,Cat_3,Cluster 0,0,Age high (z=+0.61); Work Experience low (z=-0.53); Ever Married=Yes (79% vs 59%),2.1855,Cluster 1,0.7046,Clear - automate,2.1855,7.3979,9.168
461001,55,0.0,,Low,Female,No,Yes,Artist,Cat_3,Cluster 0,0,Age high (z=+0.61); Work Experience low (z=-0.53); Ever Married=Yes (79% vs 59%),1.854,Cluster 1,0.6309,Clear - automate,1.854,5.0229,8.362
461015,35,1.0,2.0,Average,Male,Yes,Yes,Entertainment,Cat_3,Cluster 0,0,Age high (z=+0.61); Work Experience low (z=-0.53); Ever Married=Yes (79% vs 59%),2.7687,Cluster 1,0.4212,Moderate - standard outreach,2.7687,4.7834,6.8988
461016,25,5.0,5.0,Low,Male,No,No,Healthcare,Cat_3,Cluster 1,1,Family Size high (z=+0.93); Age low (z=-0.77); Ever Married=Yes (31% vs 59%),2.1105,Cluster 2,0.6904,Clear - automate,9.7945,2.1105,6.816
461022,71,1.0,1.0,Low,Male,Yes,Yes,Artist,Cat_3,Cluster 0,0,Age high (z=+0.61); Work Experience low (z=-0.53); Ever Married=Yes (79% vs 59%),2.2937,Cluster 2,0.7868,Clear - automate,2.2937,12.6154,10.7575
461023,65,,2.0,High,Male,Yes,No,Lawyer,Cat_3,Cluster 0,0,Age high (z=+0.61); Work Experience low (z=-0.53); Ever Married=Yes (79% vs 59%),2.5261,Cluster 1,0.7055,Clear - automate,2.5261,8.5781,10.0791
461024,74,1.0,1.0,Low,Male,Yes,Yes,Lawyer,Cat_6,Cluster 0,0,Age high (z=+0.61); Work Experience low (z=-0.53); Ever Married=Yes (79% vs 59%),2.7211,Cluster 2,0.7639,Clear - automate,2.7211,13.0465,11.5272
461028,20,5.0,4.0,Low,Female,No,No,Healthcare,Cat_4,Cluster 1,1,Family Size high (z=+0.93); Age low (z=-0.77); Ever Married=Yes (31% vs 59%),2.7191,Cluster 2,0.4728,Clear - automate,9.4804,2.7191,5.1576
461029,43,9.0,2.0,Low,Male,Yes,No,Entertainment,Cat_4,Cluster 2,2,Work Experience high (z=+1.58); Age low (z=-0.33); Family Size low (z=-0.27),2.2401,Cluster 0,0.7119,Clear - automate,7.7752,9.6673,2.2401
461034,20,3.0,6.0,Low,Female,No,No,Marketing,Cat_3,Cluster 1,1,Family Size high (z=+0.93); Age low (z=-0.77); Ever Married=Yes (31% vs 59%),3.4843,Cluster 2,0.6839,Clear - automate,13.1536,3.4843,11.0228
461037,40,,5.0,High,Male,Yes,Yes,Healthcare,Cat_3,Cluster 1,1,Family Size high (z=+0.93); Age low (z=-0.77); Ever Married=Yes (31% vs 59%),2.5538,Cluster 0,0.5345,Clear - automate,5.4863,2.5538,9.5081
461038,46,0.0,5.0,High,Female,Yes,Yes,Engineer,Cat_3,Cluster 1,1,Family Size high (z=+0.93); Age low (z=-0.77); Ever Married=Yes (31% vs 59%),4.2382,Cluster 0,0.2438,Moderate - standard outreach,5.6049,4.2382,10.6336
461041,65,1.0,7.0,High,Female,Yes,No,Lawyer,Cat_3,Cluster 1,1,Family Size high (z=+0.93); Age low (z=-0.77); Ever Married=Yes (31% vs 59%),10.0654,Cluster 0,0.2151,Moderate - standard outreach,12.8245,10.0654,18.2462
461042,21,0.0,,Low,Male,No,No,Healthcare,Cat_4,Cluster 1,1,Family Size high (z=+0.93); Age low (z=-0.77); Ever Married=Yes (31% vs 59%),1.6874,Cluster 0,0.729,Clear - automate,6.2274,1.6874,9.8562
461043,50,1.0,7.0,Low,Male,Yes,No,Healthcare,Cat_4,Cluster 1,1,Family Size high (z=+0.93); Age low (z=-0.77); Ever Married=Yes (31% vs 59%),5.582,Cluster 0,0.5086,Clear - automate,11.3598,5.582,16.0701
461044,18,0.0,5.0,Low,Male,No,No,Healthcare,Cat_4,Cluster 1,1,Family Size high (z=+0.93); Age low (z=-0.77); Ever Married=Yes (31% vs 59%),1.4749,Cluster 0,0.8531,Clear - automate,10.0432,1.4749,12.8772
461049,61,1.0,7.0,Low,Female,Yes,Yes,Doctor,Cat_7,Cluster 1,1,Family Size high (z=+0.93); Age low (z=-0.77); Ever Married=Yes (31% vs 59%),9.1063,Cluster 0,0.2107,Moderate - standard outreach,11.5371,9.1063,16.5024
461050,49,1.0,3.0,High,Male,Yes,Yes,,Cat_6,Cluster 0,0,Age high (z=+0.61); Work Experience low (z=-0.53); Ever Married=Yes (79% vs 59%),1.3341,Cluster 1,0.6612,Clear - automate,1.3341,3.9373,6.8353
461053,39,,4.0,High,Male,Yes,No,Executive,Cat_3,Cluster 1,1,Family Size high (z=+0.93); Age low (z=-0.77); Ever Married=Yes (31% vs 59%),2.2913,Cluster 0,0.4451,Moderate - standard outreach,4.1294,2.2913,8.2634
461059,52,1.0,2.0,High,Female,Yes,No,Lawyer,Cat_6,Cluster 0,0,Age high (z=+0.61); Work Experience low (z=-0.53); Ever Married=Yes (79% vs 59%),2.0268,Cluster 1,0.6562,Clear - automate,2.0268,5.896,7.0965
461060,56,0.0,5.0,High,Male,Yes,Yes,Executive,Cat_6,Cluster 0,0,Age high (z=+0.61); Work Experience low (z=-0.53); Ever Married=Yes (79% vs 59%),4.4317,Cluster 1,0.0658,Borderline - blend or hold back,4.4317,4.7441,11.6013
461065,55,,6.0,Low,Male,Yes,Yes,Executive,Cat_3,Cluster 1,1,Family Size high (z=+0.93); Age low (z=-0.77); Ever Married=Yes (31% vs 59%),5.4777,Cluster 0,0.2343,Moderate - standard outreach,7.1537,5.4777,12.6608
461071,42,1.0,5.0,Average,Male,Yes,No,Engineer,Cat_3,Cluster 1,1,Family Size high (z=+0.93); Age low (z=-0.77); Ever Married=Yes (31% vs 59%),2.7064,Cluster 0,0.5336,Clear - automate,5.803,2.7064,10.053
461078,33,0.0,6.0,Low,Female,No,No,Homemaker,Cat_3,Cluster 1,1,Family Size high (z=+0.93); Age low (z=-0.77); Ever Married=Yes (31% vs 59%),2.9467,Cluster 0,0.7128,Clear - automate,10.2585,2.9467,13.5776
461082,19,8.0,4.0,Low,Male,No,No,Healthcare,Cat_1,Cluster 2,2,Work Experience high (z=+1.58); Age low (z=-0.33); Family Size low (z=-0.27),4.8367,Cluster 1,0.0583,Borderline - blend or hold back,12.2403,5.1363,4.8367
461085,27,1.0,1.0,Low,Female,No,No,Engineer,Cat_3,Cluster 0,0,Age high (z=+0.61); Work Experience low (z=-0.53); Ever Married=Yes (79% vs 59%),5.7098,Cluster 1,0.0706,Borderline - blend or hold back,5.7098,6.1435,8.1534
461093,38,1.0,4.0,Average,Female,Yes,Yes,Artist,Cat_3,Cluster 1,1,Family Size high (z=+0.93); Age low (z=-0.77); Ever Married=Yes (31% vs 59%),3.2335,Cluster 0,0.1353,Borderline - blend or hold back,3.7396,3.2335,6.7595
461099,38,1.0,4.0,Low,Female,No,No,Artist,Cat_3,Cluster 1,1,Family Size high (z=+0.93); Age low (z=-0.77); Ever Married=Yes (31% vs 59%),1.7335,Cluster 0,0.5911,Clear - automate,4.2396,1.7335,7.2595
461111,43,8.0,1.0,Low,Female,Yes,Yes,Doctor,Cat_6,Cluster 2,2,Work Experience high (z=+1.58); Age low (z=-0.33); Family Size low (z=-0.27),1.5387,Cluster 0,0.7642,Clear - automate,6.5253,11.2379,1.5387
461114,53,1.0,4.0,Average,Male,Yes,Yes,Artist,Cat_3,Cluster 0,0,Age high (z=+0.61); Work Experience low (z=-0.53); Ever Married=Yes (79% vs 59%),2.3667,Cluster 1,0.4596,Clear - automate,2.3667,4.3793,8.098
461116,33,4.0,4.0,High,Male,Yes,No,Executive,Cat_3,Cluster 1,1,Family Size high (z=+0.93); Age low (z=-0.77); Ever Married=Yes (31% vs 59%),2.7261,Cluster 2,0.4787,Clear - automate,5.7463,2.7261,5.229
461118,30,7.0,,Low,Female,No,Yes,Healthcare,Cat_3,Cluster 2,2,Work Experience high (z=+1.58); Age low (z=-0.33); Family Size low (z=-0.27),1.9985,Cluster 1,0.6129,Clear - automate,7.5985,5.1621,1.9985
461119,22,6.0,3.0,Low,Female,No,No,Healthcare,Cat_3,Cluster 2,2,Work Experience high (z=+1.58); Age low (z=-0.33); Family Size low (z=-0.27),3.5299,Cluster 1,0.1173,Borderline - blend or hold back,8.7205,3.9989,3.5299
461121,33,0.0,4.0,Low,Male,No,No,Doctor,Cat_3,Cluster 1,1,Family Size high (z=+0.93); Age low (z=-0.77); Ever Married=Yes (31% vs 59%),1.194,Cluster 0,0.7603,Clear - automate,4.9814,1.194,9.753
461124,21,1.0,8.0,Low,Male,No,No,Healthcare,Cat_4,Cluster 1,1,Family Size high (z=+0.93); Age low (z=-0.77); Ever Married=Yes (31% vs 59%),6.8259,Cluster 0,0.6627,Clear - automate,20.2353,6.8259,21.4106
461127,20,1.0,5.0,Low,Male,No,No,Healthcare,Cat_4,Cluster 1,1,Family Size high (z=+0.93); Age low (z=-0.77); Ever Married=Yes (31% vs 59%),1.163,Cluster 0,0.877,Clear - automate,9.4537,1.163,11.1936
461128,19,7.0,3.0,Low,Male,No,No,Healthcare,Cat_6,Cluster 2,2,Work Experience high (z=+1.58); Age low (z=-0.33); Family Size low (z=-0.27),3.6001,Cluster 1,0.137,Borderline - blend or hold back,9.4552,4.1717,3.6001
461129,58,1.0,4.0,Average,Female,Yes,Yes,Entertainment,Cat_6,Cluster 0,0,Age high (z=+0.61); Work Experience low (z=-0.53); Ever Married=Yes (79% vs 59%),2.9473,Cluster 1,0.4439,Moderate - standard outreach,2.9473,5.2995,8.2491
461131,67,1.0,,High,Male,Yes,Yes,Artist,Cat_6,Cluster 0,0,Age high (z=+0.61); Work Experience low (z=-0.53); Ever Married=Yes (79% vs 59%),1.4586,Cluster 1,0.8077,Clear - automate,1.4586,7.5842,9.0135
461145,36,1.0,2.0,Low,Female,Yes,Yes,Entertainment,Cat_3,Cluster 0,0,Age high (z=+0.61); Work Experience low (z=-0.53); Ever Married=Yes (79% vs 59%),2.6362,Cluster 1,0.4529,Clear - automate,2.6362,4.8188,5.8804
461152,30,8.0,,Low,Female,No,No,Homemaker,Cat_3,Cluster 2,2,Work Experience high (z=+1.58); Age low (z=-0.33); Family Size low (z=-0.27),2.3594,Cluster 1,0.6247,Clear - automate,9.2817,6.287,2.3594
461154,23,1.0,4.0,Low,Male,No,No,Homemaker,Cat_3,Cluster 1,1,Family Size high (z=+0.93); Age low (z=-0.77); Ever Married=Yes (31% vs 59%),1.2597,Cluster 0,0.8143,Clear - automate,6.7844,1.2597,9.0929
461158,42,1.0,,Low,Female,No,Yes,Entertainment,Cat_3,Cluster 0,0,Age high (z=+0.61); Work Experience low (z=-0.53); Ever Married=Yes (79% vs 59%),2.7414,Cluster 1,0.135,Borderline - blend or hold back,2.7414,3.1693,6.444
461162,37,8.0,3.0,Low,Female,No,No,Marketing,Cat_3,Cluster 2,2,Work Experience high (z=+1.58); Age low (z=-0.33); Family Size low (z=-0.27),2.1265,Cluster 1,0.6693,Clear - automate,8.2502,6.4309,2.1265
461163,58,9.0,4.0,Low,Female,Yes,No,Entertainment,Cat_3,Cluster 2,2,Work Experience high (z=+1.58); Age low (z=-0.33); Family Size low (z=-0.27),4.0296,Cluster 0,0.567,Clear - automate,9.3057,10.1921,4.0296
461168,26,7.0,2.0,Average,Female,Yes,No,Engineer,Cat_3,Cluster 2,2,Work Experience high (z=+1.58); Age low (z=-0.33); Family Size low (z=-0.27),2.7771,Cluster 1,0.6422,Clear - automate,8.6073,7.7614,2.7771
461169,39,9.0,2.0,Low,Male,No,Yes,Entertainment,Cat_3,Cluster 2,2,Work Experience high (z=+1.58); Age low (z=-0.33); Family Size low (z=-0.27),2.1503,Cluster 0,0.7359,Clear - automate,8.1417,9.3622,2.1503
461174,23,,4.0,Low,Female,No,No,Marketing,Cat_3,Cluster 1,1,Family Size high (z=+0.93); Age low (z=-0.77); Ever Married=Yes (31% vs 59%),1.7597,Cluster 0,0.7584,Clear - automate,7.2844,1.7597,8.5929
461177,41,8.0,4.0,Average,Male,Yes,No,Executive,Cat_1,Cluster 2,2,Work Experience high (z=+1.58); Age low (z=-0.33); Family Size low (z=-0.27),3.5326,Cluster 1,0.4579,Clear - automate,8.4261,6.5162,3.5326
461178,26,0.0,3.0,Low,Male,Yes,No,Entertainment,Cat_3,Cluster 1,1,Family Size high (z=+0.93); Age low (z=-0.77); Ever Married=Yes (31% vs 59%),2.4186,Cluster 0,0.4764,Clear - automate,4.6191,2.4186,8.8183
461179,25,3.0,3.0,Low,Female,Yes,No,Engineer,Cat_3,Cluster 1,1,Family Size high (z=+0.93); Age low (z=-0.77); Ever Married=Yes (31% vs 59%),3.086,Cluster 2,0.35,Moderate - standard outreach,5.6291,3.086,4.7475
461181,19,,4.0,Low,Male,No,No,Healthcare,Cat_3,Cluster 1,1,Family Size high (z=+0.93); Age low (z=-0.77); Ever Married=Yes (31% vs 59%),1.0491,Cluster 0,0.8646,Clear - automate,7.7454,1.0491,9.5975
461183,36,0.0,5.0,Low,Male,No,No,Executive,Cat_3,Cluster 1,1,Family Size high (z=+0.93); Age low (z=-0.77); Ever Married=Yes (31% vs 59%),1.4754,Cluster 0,0.7738,Clear - automate,6.5212,1.4754,11.409
461187,29,9.0,4.0,Low,Male,No,No,Healthcare,Cat_3,Cluster 2,2,Work Experience high (z=+1.58); Age low (z=-0.33); Family Size low (z=-0.27),3.8393,Cluster 1,0.3538,Moderate - standard outreach,11.4243,5.9412,3.8393
461197,26,1.0,1.0,Low,Male,No,No,Marketing,Cat_3,Cluster 0,0,Age high (z=+0.61); Work Experience low (z=-0.53); Ever Married=Yes (79% vs 59%),5.4092,Cluster 1,0.0468,Borderline - blend or hold back,5.4092,5.6749,8.7387
461198,78,,1.0,Low,Female,No,Yes,Lawyer,Cat_6,Cluster 0,0,Age high (z=+0.61); Work Experience low (z=-0.53); Ever Married=Yes (79% vs 59%),4.3949,Cluster 2,0.6528,Clear - automate,4.3949,14.3919,12.6573
461201,55,,1.0,Low,Female,No,Yes,Artist,Cat_6,Cluster 0,0,Age high (z=+0.61); Work Experience low (z=-0.53); Ever Married=Yes (79% vs 59%),1.6442,Cluster 2,0.7742,Clear - automate,1.6442,8.2793,7.2824
461205,26,,3.0,Low,Male,No,Yes,Healthcare,Cat_2,Cluster 1,1,Family Size high (z=+0.93); Age low (z=-0.77); Ever Married=Yes (31% vs 59%),1.781,Cluster 0,0.6077,Clear - automate,4.5398,1.781,7.4168
461211,46,0.0,1.0,Low,Female,No,Yes,Entertainment,Cat_6,Cluster 0,0,Age high (z=+0.61); Work Experience low (z=-0.53); Ever Married=Yes (79% vs 59%),2.4128,Cluster 1,0.6599,Clear - automate,2.4128,7.095,8.3465
461214,29,0.0,4.0,Low,Male,No,No,Healthcare,Cat_6,Cluster 1,1,Family Size high (z=+0.93); Age low (z=-0.77); Ever Married=Yes (31% vs 59%),0.1861,Cluster 0,0.9638,Clear - automate,5.1451,0.1861,9.4604
461215,36,10.0,1.0,Low,Female,No,Yes,Artist,Cat_6,Cluster 2,2,Work Experience high (z=+1.58); Age low (z=-0.33); Family Size low (z=-0.27),1.7224,Cluster 0,0.8303,Clear - automate,10.1521,13.0729,1.7224
461218,27,1.0,6.0,Low,Male,Yes,No,Executive,Cat_6,Cluster 1,1,Family Size high (z=+0.93); Age low (z=-0.77); Ever Married=Yes (31% vs 59%),2.3419,Cluster 0,0.759,Clear - automate,9.7194,2.3419,12.0318
461220,29,8.0,3.0,Low,Female,No,No,Executive,Cat_6,Cluster 2,2,Work Experience high (z=+1.58); Age low (z=-0.33); Family Size low (z=-0.27),1.9224,Cluster 1,0.6683,Clear - automate,8.9588,5.7962,1.9224
461221,25,1.0,4.0,Low,Female,No,No,Marketing,Cat_6,Cluster 1,1,Family Size high (z=+0.93); Age low (z=-0.77); Ever Married=Yes (31% vs 59%),1.1596,Cluster 0,0.8173,Clear - automate,6.3485,1.1596,7.8852
461225,30,10.0,6.0,Low,Female,No,No,Marketing,Cat_6,Cluster 2,2,Work Experience high (z=+1.58); Age low (z=-0.33); Family Size low (z=-0.27),7.3226,Cluster 1,0.2015,Moderate - standard outreach,17.5682,9.1703,7.3226
461226,45,1.0,2.0,Low,Male,Yes,Yes,,Cat_6,Cluster 0,0,Age high (z=+0.61); Work Experience low (z=-0.53); Ever Married=Yes (79% vs 59%),0.7781,Cluster 1,0.826,Clear - automate,0.7781,4.4719,6.0492
461230,21,0.0,,Low,Female,No,No,Executive,Cat_3,Cluster 1,1,Family Size high (z=+0.93); Age low (z=-0.77); Ever Married=Yes (31% vs 59%),2.6874,Cluster 0,0.6005,Clear - automate,6.7274,2.6874,9.3562
461232,41,,,High,Female,Yes,Yes,Executive,Cat_3,Cluster 0,0,Age high (z=+0.61); Work Experience low (z=-0.53); Ever Married=Yes (79% vs 59%),2.8293,Cluster 1,0.3081,Moderate - standard outreach,2.8293,4.0893,6.4178
461233,38,,,Low,Male,Yes,Yes,Entertainment,Cat_3,Cluster 0,0,Age high (z=+0.61); Work Experience low (z=-0.53); Ever Married=Yes (79% vs 59%),2.1377,Cluster 1,0.2613,Moderate - standard outreach,2.1377,2.8939,6.3838
461236,28,9.0,1.0,Low,Female,No,Yes,Healthcare,Cat_6,Cluster 2,2,Work Experience high (z=+1.58); Age low (z=-0.33); Family Size low (z=-0.27),2.3561,Cluster 0,0.7729,Clear - automate,10.3763,11.012,2.3561
461237,33,1.0,5.0,Low,Male,No,Yes,Doctor,Cat_2,Cluster 1,1,Family Size high (z=+0.93); Age low (z=-0.77); Ever Married=Yes (31% vs 59%),1.7539,Cluster 0,0.7243,Clear - automate,6.3617,1.7539,9.5849
461241,31,7.0,2.0,Low,Male,Yes,Yes,Healthcare,Cat_6,Cluster 2,2,Work Experience high (z=+1.58); Age low (z=-0.33); Family Size low (z=-0.27),1.425,Cluster 0,0.7493,Clear - automate,5.6847,6.1784,1.425
461242,45,0.0,2.0,Low,Male,Yes,Yes,Healthcare,Cat_6,Cluster 0,0,Age high (z=+0.61); Work Experience low (z=-0.53); Ever Married=Yes (79% vs 59%),0.8574,Cluster 1,0.7914,Clear - automate,0.8574,4.1094,7.4507
461243,47,0.0,5.0,Low,Male,Yes,Yes,Marketing,Cat_6,Cluster 1,1,Family Size high (z=+0.93); Age low (z=-0.77); Ever Married=Yes (31% vs 59%),2.8553,Cluster 0,0.2957,Moderate - standard outreach,4.0542,2.8553,10.1969
461248,39,0.0,1.0,Low,Female,No,No,Healthcare,Cat_6,Cluster 0,0,Age high (z=+0.61); Work Experience low (z=-0.53); Ever Married=Yes (79% vs 59%),3.4762,Cluster 1,0.366,Moderate - standard outreach,3.4762,5.483,8.6112
461251,47,1.0,,Low,Female,No,Yes,Marketing,Cat_6,Cluster 0,0,Age high (z=+0.61); Work Experience low (z=-0.53); Ever Married=Yes (79% vs 59%),1.9133,Cluster 1,0.3985,Moderate - standard outreach,1.9133,3.1807,6.1863
461252,53,0.0,1.0,Low,Female,Yes,Yes,Doctor,Cat_3,Cluster 0,0,Age high (z=+0.61); Work Experience low (z=-0.53); Ever Married=Yes (79% vs 59%),2.2135,Cluster 2,0.7526,Clear - automate,2.2135,9.0711,8.9459
461256,27,1.0,4.0,Low,Male,No,No,Doctor,Cat_4,Cluster 1,1,Family Size high (z=+0.93); Age low (z=-0.77); Ever Married=Yes (31% vs 59%),1.0893,Cluster 0,0.8167,Clear - automate,5.9423,1.0893,8.7072
461257,37,1.0,2.0,Average,Male,Yes,Yes,Engineer,Cat_4,Cluster 0,0,Age high (z=+0.61); Work Experience low (z=-0.53); Ever Married=Yes (79% vs 59%),2.5111,Cluster 1,0.4835,Clear - automate,2.5111,4.8617,6.8695
461258,62,1.0,3.0,Average,Female,Yes,Yes,Artist,Cat_4,Cluster 0,0,Age high (z=+0.61); Work Experience low (z=-0.53); Ever Married=Yes (79% vs 59%),2.0436,Cluster 1,0.7212,Clear - automate,2.0436,7.3296,8.028
461262,29,0.0,7.0,Low,Female,No,No,Engineer,Cat_4,Cluster 1,1,Family Size high (z=+0.93); Age low (z=-0.77); Ever Married=Yes (31% vs 59%),4.8517,Cluster 0,0.6676,Clear - automate,14.5974,4.8517,17.234
461263,51,0.0,1.0,Low,Female,Yes,Yes,Artist,Cat_4,Cluster 0,0,Age high (z=+0.61); Work Experience low (z=-0.53); Ever Married=Yes (79% vs 59%),1.7333,Cluster 2,0.7896,Clear - automate,1.7333,8.755,8.2374
461265,30,1.0,6.0,Low,Male,No,No,Marketing,Cat_4,Cluster 1,1,Family Size high (z=+0.93); Age low (z=-0.77); Ever Married=Yes (31% vs 59%),2.2921,Cluster 0,0.7745,Clear - automate,10.1658,2.2921,12.8205
461269,18,0.0,4.0,Low,Male,No,No,Entertainment,Cat_4,Cluster 1,1,Family Size high (z=+0.93); Age low (z=-0.77); Ever Married=Yes (31% vs 59%),1.7775,Cluster 0,0.7801,Clear - automate,8.0835,1.7775,11.1438
461274,87,,2.0,High,Female,Yes,Yes,Lawyer,Cat_6,Cluster 0,0,Age high (z=+0.61); Work Experience low (z=-0.53); Ever Married=Yes (79% vs 59%),5.732,Cluster 2,0.6126,Clear - automate,5.732,16.4781,14.7951
461276,68,0.0,2.0,Low,Male,Yes,Yes,Marketing,Cat_7,Cluster 0,0,Age high (z=+0.61); Work Experience low (z=-0.53); Ever Married=Yes (79% vs 59%),1.899,Cluster 1,0.8004,Clear - automate,1.899,9.513,11.1165
461277,84,5.0,1.0,Low,Male,Yes,Yes,Lawyer,Cat_6,Cluster 0,0,Age high (z=+0.61); Work Experience low (z=-0.53); Ever Married=Yes (79% vs 59%),6.1149,Cluster 2,0.4324,Moderate - standard outreach,6.1149,17.8865,10.7729
461281,22,2.0,9.0,Low,Male,No,No,Healthcare,Cat_2,Cluster 1,1,Family Size high (z=+0.93); Age low (z=-0.77); Ever Married=Yes (31% vs 59%),10.4286,Cluster 2,0.5867,Clear - automate,25.4905,10.4286,25.2314
461286,22,2.0,4.0,Low,Female,No,No,Doctor,Cat_6,Cluster 1,1,Family Size high (z=+0.93); Age low (z=-0.77); Ever Married=Yes (31% vs 59%),1.3637,Cluster 2,0.8048,Clear - automate,7.1146,1.3637,6.9867
461289,21,1.0,3.0,Low,Male,No,No,Healthcare,Cat_6,Cluster 1,1,Family Size high (z=+0.93); Age low (z=-0.77); Ever Married=Yes (31% vs 59%),1.0498,Cluster 0,0.8141,Clear - automate,5.6481,1.0498,7.9547
461292,89,,2.0,High,Female,Yes,No,Lawyer,Cat_3,Cluster 0,0,Age high (z=+0.61); Work Experience low (z=-0.53); Ever Married=Yes (79% vs 59%),7.2473,Cluster 2,0.5618,Clear - automate,7.2473,17.3291,16.5385
461297,73,0.0,2.0,High,Male,Yes,No,Lawyer,Cat_6,Cluster 0,0,Age high (z=+0.61); Work Experience low (z=-0.53); Ever Married=Yes (79% vs 59%),3.0369,Cluster 1,0.7105,Clear - automate,3.0369,10.4904,12.8249
461299,75,0.0,2.0,High,Female,Yes,Yes,Lawyer,Cat_6,Cluster 0,0,Age high (z=+0.61); Work Experience low (z=-0.53); Ever Married=Yes (79% vs 59%),3.3441,Cluster 1,0.7244,Clear - automate,3.3441,12.1334,12.3602
461303,20,6.0,4.0,Low,Female,No,No,Doctor,Cat_2,Cluster 1,1,Family Size high (z=+0.93); Age low (z=-0.77); Ever Married=Yes (31% vs 59%),3.9833,Cluster 2,0.1448,Borderline - blend or hold back,10.3029,3.9833,4.6578
461308,22,1.0,2.0,Low,Male,No,No,Healthcare,Cat_6,Cluster 1,1,Family Size high (z=+0.93); Age low (z=-0.77); Ever Married=Yes (31% vs 59%),2.4993,Cluster 0,0.5163,Clear - automate,5.1674,2.4993,7.8143
461309,22,0.0,4.0,Low,Female,No,No,Healthcare,Cat_6,Cluster 1,1,Family Size high (z=+0.93); Age low (z=-0.77); Ever Married=Yes (31% vs 59%),0.9584,Cluster 0,0.8649,Clear - automate,7.0928,0.9584,9.6094
461313,63,0.0,,Average,Male,Yes,Yes,Artist,Cat_6,Cluster 0,0,Age high (z=+0.61); Work Experience low (z=-0.53); Ever Married=Yes (79% vs 59%),1.191,Cluster 1,0.8223,Clear - automate,1.191,6.7032,9.6118
461314,46,1.0,3.0,Average,Male,Yes,Yes,Artist,Cat_6,Cluster 0,0,Age high (z=+0.61); Work Experience low (z=-0.53); Ever Married=Yes (79% vs 59%),0.9641,Cluster 1,0.7295,Clear - automate,0.9641,3.5635,6.123
461319,58,0.0,2.0,Average,Male,Yes,No,Artist,Cat_6,Cluster 0,0,Age high (z=+0.61); Work Experience low (z=-0.53); Ever Married=Yes (79% vs 59%),1.1805,Cluster 1,0.8216,Clear - automate,1.1805,6.6154,9.2571
461320,41,1.0,3.0,Low,Female,No,Yes,Artist,Cat_6,Cluster 0,0,Age high (z=+0.61); Work Experience low (z=-0.53); Ever Married=Yes (79% vs 59%),1.8293,Cluster 1,0.2935,Moderate - standard outreach,1.8293,2.5893,5.4178
461322,42,0.0,2.0,Average,Male,Yes,Yes,Artist,Cat_6,Cluster 0,0,Age high (z=+0.61); Work Experience low (z=-0.53); Ever Married=Yes (79% vs 59%),1.0765,Cluster 1,0.7769,Clear - automate,1.0765,4.8248,7.3276
461323,43,6.0,2.0,Average,Female,Yes,Yes,Healthcare,Cat_6,Cluster 2,2,Work Experience high (z=+1.58); Age low (z=-0.33); Family Size low (z=-0.27),1.6573,Cluster 0,0.6078,Clear - automate,4.2256,6.7925,1.6573
461324,49,3.0,1.0,Low,Female,No,Yes,Artist,Cat_6,Cluster 0,0,Age high (z=+0.61); Work Experience low (z=-0.53); Ever Married=Yes (79% vs 59%),2.086,Cluster 2,0.5254,Clear - automate,2.086,7.5972,4.3952
461326,40,0.0,1.0,Low,Female,No,Yes,Artist,Cat_6,Cluster 0,0,Age high (z=+0.61); Work Experience low (z=-0.53); Ever Married=Yes (79% vs 59%),2.3734,Cluster 1,0.6375,Clear - automate,2.3734,6.5481,7.6225
461335,53,8.0,2.0,High,Male,Yes,No,Executive,Cat_6,Cluster 2,2,Work Experience high (z=+1.58); Age low (z=-0.33); Family Size low (z=-0.27),2.9436,Cluster 0,0.5107,Clear - automate,6.0155,9.645,2.9436
461340,36,4.0,2.0,Average,Male,Yes,Yes,Artist,Cat_7,Cluster 0,0,Age high (z=+0.61); Work Experience low (z=-0.53); Ever Married=Yes (79% vs 59%),2.9805,Cluster 2,0.0852,Borderline - blend or hold back,2.9805,5.4884,3.258
461346,50,8.0,2.0,Low,Male,Yes,Yes,Artist,Cat_6,Cluster 2,2,Work Experience high (z=+1.58); Age low (z=-0.33); Family Size low (z=-0.27),1.1422,Cluster 0,0.7493,Clear - automate,4.5563,9.1821,1.1422
461348,42,1.0,1.0,Low,Male,Yes,Yes,Healthcare,Cat_6,Cluster 0,0,Age high (z=+0.61); Work Experience low (z=-0.53); Ever Married=Yes (79% vs 59%),1.6109,Cluster 1,0.7343,Clear - automate,1.6109,6.0632,6.7659
461350,30,0.0,4.0,Low,Male,No,No,Healthcare,Cat_2,Cluster 1,1,Family Size high (z=+0.93); Age low (z=-0.77); Ever Married=Yes (31% vs 59%),0.677,Cluster 0,0.8762,Clear - automate,5.468,0.677,9.8974
461352,29,2.0,5.0,Low,Male,No,No,Healthcare,Cat_2,Cluster 1,1,Family Size high (z=+0.93); Age low (z=-0.77); Ever Married=Yes (31% vs 59%),0.7889,Cluster 0,0.8966,Clear - automate,7.6266,0.7889,9.0711
461356,28,1.0,2.0,Low,Male,No,Yes,Entertainment,Cat_6,Cluster 1,1,Family Size high (z=+0.93); Age low (z=-0.77); Ever Married=Yes (31% vs 59%),3.2436,Cluster 0,0.0472,Borderline - blend or hold back,3.4043,3.2436,6.7357
461357,27,1.0,4.0,Low,Male,No,Yes,Healthcare,Cat_6,Cluster 1,1,Family Size high (z=+0.93); Age low (z=-0.77); Ever Married=Yes (31% vs 59%),0.5893,Cluster 0,0.8808,Clear - automate,4.9423,0.5893,7.7072
461363,49,0.0,1.0,Low,Male,No,Yes,Artist,Cat_6,Cluster 0,0,Age high (z=+0.61); Work Experience low (z=-0.53); Ever Married=Yes (79% vs 59%),1.2828,Cluster 1,0.8159,Clear - automate,1.2828,6.9687,8.5588
461366,32,1.0,1.0,Low,Male,No,Yes,Healthcare,Cat_6,Cluster 0,0,Age high (z=+0.61); Work Experience low (z=-0.53); Ever Married=Yes (79% vs 59%),3.3244,Cluster 1,0.3478,Moderate - standard outreach,3.3244,5.0976,7.3385
461370,25,1.0,3.0,Low,Male,No,Yes,Doctor,Cat_6,Cluster 1,1,Family Size high (z=+0.93); Age low (z=-0.77); Ever Married=Yes (31% vs 59%),1.8199,Cluster 0,0.5714,Clear - automate,4.2466,1.8199,7.0095
461377,63,,1.0,Low,Female,Yes,Yes,Artist,Cat_6,Cluster 0,0,Age high (z=+0.61); Work Experience low (z=-0.53); Ever Married=Yes (79% vs 59%),1.4812,Cluster 2,0.8156,Clear - automate,1.4812,10.4596,8.0322
461378,42,8.0,1.0,Low,Female,No,Yes,Artist,Cat_6,Cluster 2,2,Work Experience high (z=+1.58); Age low (z=-0.33); Family Size low (z=-0.27),1.5051,Cluster 0,0.7722,Clear - automate,6.6058,10.6504,1.5051
461379,31,1.0,,Low,Male,No,Yes,Healthcare,Cat_5,Cluster 1,1,Family Size high (z=+0.93); Age low (z=-0.77); Ever Married=Yes (31% vs 59%),1.698,Cluster 0,0.5306,Clear - automate,3.6172,1.698,7.0647
461383,71,0.0,2.0,High,Male,Yes,Yes,Artist,Cat_6,Cluster 0,0,Age high (z=+0.61); Work Experience low (z=-0.53); Ever Married=Yes (79% vs 59%),1.7594,Cluster 1,0.8305,Clear - automate,1.7594,10.3771,11.3192
461388,20,,5.0,Low,Male,No,No,Healthcare,Cat_2,Cluster 1,1,Family Size high (z=+0.93); Age low (z=-0.77); Ever Married=Yes (31% vs 59%),1.163,Cluster 0,0.877,Clear - automate,9.4537,1.163,11.1936
461397,22,1.0,4.0,Low,Male,No,No,Healthcare,Cat_6,Cluster 1,1,Family Size high (z=+0.93); Age low (z=-0.77); Ever Married=Yes (31% vs 59%),0.3209,Cluster 0,0.9507,Clear - automate,6.5135,0.3209,8.7079
461402,29,1.0,5.0,Low,Female,No,Yes,Entertainment,Cat_6,Cluster 1,1,Family Size high (z=+0.93); Age low (z=-0.77); Ever Married=Yes (31% vs 59%),1.7461,Cluster 0,0.7515,Clear - automate,7.0255,1.7461,8.7923
461408,47,0.0,3.0,Low,Male,Yes,Yes,Marketing,Cat_6,Cluster 0,0,Age high (z=+0.61); Work Experience low (z=-0.53); Ever Married=Yes (79% vs 59%),0.9926,Cluster 1,0.7009,Clear - automate,0.9926,3.3182,7.5878
461421,43,,3.0,Average,Male,Yes,Yes,Artist,Cat_6,Cluster 0,0,Age high (z=+0.61); Work Experience low (z=-0.53); Ever Married=Yes (79% vs 59%),1.1609,Cluster 1,0.6435,Clear - automate,1.1609,3.2567,5.9776
461423,32,1.0,3.0,Low,Male,No,Yes,Artist,Cat_4,Cluster 1,1,Family Size high (z=+0.93); Age low (z=-0.77); Ever Married=Yes (31% vs 59%),2.2037,Cluster 0,0.2542,Moderate - standard outreach,2.955,2.2037,6.5165
461426,47,7.0,2.0,Average,Male,Yes,Yes,Artist,Cat_6,Cluster 2,2,Work Experience high (z=+1.58); Age low (z=-0.33); Family Size low (z=-0.27),1.5466,Cluster 0,0.6115,Clear - automate,3.9808,8.1611,1.5466
461428,46,0.0,1.0,Low,Male,No,Yes,Artist,Cat_6,Cluster 0,0,Age high (z=+0.61); Work Experience low (z=-0.53); Ever Married=Yes (79% vs 59%),1.4128,Cluster 1,0.7858,Clear - automate,1.4128,6.595,8.3465
461432,41,1.0,2.0,Average,Female,Yes,Yes,Artist,Cat_6,Cluster 0,0,Age high (z=+0.61); Work Experience low (z=-0.53); Ever Married=Yes (79% vs 59%),1.5852,Cluster 1,0.6896,Clear - automate,1.5852,5.1073,5.3999
461437,37,0.0,2.0,Average,Male,Yes,Yes,Entertainment,Cat_6,Cluster 0,0,Age high (z=+0.61); Work Experience low (z=-0.53); Ever Married=Yes (79% vs 59%),2.0904,Cluster 1,0.5354,Clear - automate,2.0904,4.4992,7.771
461439,40,0.0,2.0,Average,Male,Yes,Yes,Artist,Cat_6,Cluster 0,0,Age high (z=+0.61); Work Experience low (z=-0.53); Ever Married=Yes (79% vs 59%),1.2598,Cluster 1,0.7304,Clear - automate,1.2598,4.6723,7.2827
461441,60,0.0,4.0,Average,Male,Yes,Yes,Artist,Cat_6,Cluster 0,0,Age high (z=+0.61); Work Experience low (z=-0.53); Ever Married=Yes (79% vs 59%),2.1108,Cluster 1,0.606,Clear - automate,2.1108,5.3571,9.9631
461442,46,0.0,6.0,Average,Male,Yes,Yes,Artist,Cat_2,Cluster 1,1,Family Size high (z=+0.93); Age low (z=-0.77); Ever Married=Yes (31% vs 59%),4.7934,Cluster 0,0.3542,Moderate - standard outreach,7.4224,4.7934,13.2248
461454,36,6.0,4.0,High,Female,Yes,Yes,Artist,Cat_7,Cluster 2,2,Work Experience high (z=+1.58); Age low (z=-0.33); Family Size low (z=-0.27),2.4716,Cluster 1,0.5208,Clear - automate,6.2911,5.1582,2.4716
461456,38,0.0,1.0,Low,Female,No,No,Marketing,Cat_6,Cluster 0,0,Age high (z=+0.61); Work Experience low (z=-0.53); Ever Married=Yes (79% vs 59%),3.5864,Cluster 1,0.3947,Moderate - standard outreach,3.5864,5.9253,8.6073
461457,32,0.0,5.0,Low,Female,Yes,No,Doctor,Cat_6,Cluster 1,1,Family Size high (z=+0.93); Age low (z=-0.77); Ever Married=Yes (31% vs 59%),1.8783,Cluster 0,0.7152,Clear - automate,6.5958,1.8783,10.0272
461458,41,5.0,1.0,Low,Female,No,Yes,Artist,Cat_6,Cluster 2,2,Work Experience high (z=+1.58); Age low (z=-0.33); Family Size low (z=-0.27),2.4371,Cluster 0,0.3387,Moderate - standard outreach,3.6852,7.7366,2.4371
461462,56,0.0,3.0,Low,Male,Yes,Yes,Marketing,Cat_6,Cluster 0,0,Age high (z=+0.61); Work Experience low (z=-0.53); Ever Married=Yes (79% vs 59%),0.8701,Cluster 1,0.8151,Clear - automate,0.8701,4.7069,8.4922
461465,31,8.0,2.0,Average,Male,Yes,Yes,Artist,Cat_6,Cluster 2,2,Work Experience high (z=+1.58); Age low (z=-0.33); Family Size low (z=-0.27),1.2859,Cluster 0,0.8128,Clear - automate,6.8679,8.3034,1.2859
461466,45,0.0,2.0,Low,Male,Yes,No,Artist,Cat_7,Cluster 0,0,Age high (z=+0.61); Work Experience low (z=-0.53); Ever Married=Yes (79% vs 59%),1.3574,Cluster 1,0.7055,Clear - automate,1.3574,4.6094,7.9507
461468,69,,3.0,Average,Male,Yes,Yes,Entertainment,Cat_6,Cluster 0,0,Age high (z=+0.61); Work Experience low (z=-0.53); Ever Married=Yes (79% vs 59%),2.1766,Cluster 1,0.7325,Clear - automate,2.1766,8.138,9.9597
461469,37,0.0,2.0,Low,Male,Yes,Yes,Artist,Cat_6,Cluster 0,0,Age high (z=+0.61); Work Experience low (z=-0.53); Ever Married=Yes (79% vs 59%),1.0904,Cluster 1,0.7273,Clear - automate,1.0904,3.9992,6.771
461476,47,1.0,4.0,Average,Male,Yes,Yes,Artist,Cat_2,Cluster 0,0,Age high (z=+0.61); Work Experience low (z=-0.53); Ever Married=Yes (79% vs 59%),2.5152,Cluster 1,0.2855,Moderate - standard outreach,2.5152,3.5204,7.562
461479,52,1.0,3.0,Average,Female,Yes,Yes,Artist,Cat_6,Cluster 0,0,Age high (z=+0.61); Work Experience low (z=-0.53); Ever Married=Yes (79% vs 59%),1.271,Cluster 1,0.7394,Clear - automate,1.271,4.8779,6.1144
461480,57,1.0,3.0,High,Female,Yes,Yes,Artist,Cat_6,Cluster 0,0,Age high (z=+0.61); Work Experience low (z=-0.53); Ever Married=Yes (79% vs 59%),1.3144,Cluster 1,0.7718,Clear - automate,1.3144,5.7609,6.7284
461482,50,9.0,1.0,Low,Female,No,Yes,Artist,Cat_6,Cluster 2,2,Work Experience high (z=+1.58); Age low (z=-0.33); Family Size low (z=-0.27),2.0233,Cluster 0,0.7314,Clear - automate,7.5335,12.8632,2.0233
461494,27,0.0,2.0,Average,Male,Yes,No,Engineer,Cat_6,Cluster 1,1,Family Size high (z=+0.93); Age low (z=-0.77); Ever Married=Yes (31% vs 59%),3.9052,Cluster 0,0.0647,Borderline - blend or hold back,4.1755,3.9052,8.7151
461501,45,1.0,3.0,High,Female,Yes,Yes,Engineer,Cat_6,Cluster 0,0,Age high (z=+0.61); Work Experience low (z=-0.53); Ever Married=Yes (79% vs 59%),2.0223,Cluster 1,0.4885,Clear - automate,2.0223,3.9538,6.0671
461503,30,8.0,2.0,Low,Female,No,Yes,Artist,Cat_6,Cluster 2,2,Work Experience high (z=+1.58); Age low (z=-0.33); Family Size low (z=-0.27),0.8415,Cluster 0,0.8884,Clear - automate,7.5376,7.8051,0.8415
461510,45,0.0,2.0,Low,Male,Yes,Yes,Artist,Cat_6,Cluster 0,0,Age high (z=+0.61); Work Experience low (z=-0.53); Ever Married=Yes (79% vs 59%),0.3574,Cluster 1,0.9225,Clear - automate,0.3574,4.6094,6.9507
461514,30,1.0,4.0,Low,Male,No,No,Healthcare,Cat_6,Cluster 1,1,Family Size high (z=+0.93); Age low (z=-0.77); Ever Married=Yes (31% vs 59%),0.0394,Cluster 0,0.9919,Clear - automate,4.8887,0.0394,7.9959
461516,31,1.0,3.0,Average,Male,Yes,Yes,Entertainment,Cat_6,Cluster 1,1,Family Size high (z=+0.93); Age low (z=-0.77); Ever Married=Yes (31% vs 59%),2.698,Cluster 0,0.1345,Borderline - blend or hold back,3.1172,2.698,6.5647
461518,45,1.0,4.0,Average,Female,Yes,Yes,Artist,Cat_3,Cluster 0,0,Age high (z=+0.61); Work Experience low (z=-0.53); Ever Married=Yes (79% vs 59%),3.1242,Cluster 1,0.1764,Borderline - blend or hold back,3.1242,3.7935,6.9427
461521,67,0.0,2.0,High,Male,Yes,Yes,Artist,Cat_6,Cluster 0,0,Age high (z=+0.61); Work Experience low (z=-0.53); Ever Married=Yes (79% vs 59%),1.2937,Cluster 1,0.86,Clear - automate,1.2937,9.2398,10.3971
461522,76,1.0,2.0,High,Male,Yes,No,Executive,Cat_6,Cluster 0,0,Age high (z=+0.61); Work Experience low (z=-0.53); Ever Married=Yes (79% vs 59%),3.4295,Cluster 1,0.6973,Clear - automate,3.4295,11.3285,12.2375
461525,69,0.0,2.0,Low,Male,Yes,Yes,Entertainment,Cat_6,Cluster 0,0,Age high (z=+0.61); Work Experience low (z=-0.53); Ever Married=Yes (79% vs 59%),1.5117,Cluster 1,0.8373,Clear - automate,1.5117,9.2936,10.8433
461526,83,0.0,2.0,Low,Male,Yes,No,Entertainment,Cat_6,Cluster 0,0,Age high (z=+0.61); Work Experience low (z=-0.53); Ever Married=Yes (79% vs 59%),4.37,Cluster 1,0.6764,Clear - automate,4.37,13.5026,15.2989
461530,38,0.0,2.0,Low,Male,Yes,Yes,Engineer,Cat_6,Cluster 0,0,Age high (z=+0.61); Work Experience low (z=-0.53); Ever Married=Yes (79% vs 59%),1.4728,Cluster 1,0.6363,Clear - automate,1.4728,4.0494,7.2674
461534,36,0.0,1.0,Low,Male,Yes,Yes,Artist,Cat_6,Cluster 0,0,Age high (z=+0.61); Work Experience low (z=-0.53); Ever Married=Yes (79% vs 59%),1.8291,Cluster 1,0.7111,Clear - automate,1.8291,6.3322,7.6218
461540,41,2.0,2.0,Low,Male,No,Yes,,Cat_2,Cluster 0,0,Age high (z=+0.61); Work Experience low (z=-0.53); Ever Married=Yes (79% vs 59%),2.1862,Cluster 1,0.4732,Clear - automate,2.1862,4.1502,5.6787
461546,69,0.0,3.0,Low,Female,Yes,No,Lawyer,Cat_6,Cluster 0,0,Age high (z=+0.61); Work Experience low (z=-0.53); Ever Married=Yes (79% vs 59%),2.7559,Cluster 1,0.6456,Clear - automate,2.7559,7.7755,10.8612
461548,33,0.0,3.0,Low,Female,No,Yes,Engineer,Cat_6,Cluster 1,1,Family Size high (z=+0.93); Age low (z=-0.77); Ever Married=Yes (31% vs 59%),2.3543,Cluster 0,0.3033,Moderate - standard outreach,3.3795,2.3543,7.3774
461553,38,1.0,3.0,Low,Male,No,Yes,Artist,Cat_7,Cluster 0,0,Age high (z=+0.61); Work Experience low (z=-0.53); Ever Married=Yes (79% vs 59%),2.1377,Cluster 1,0.107,Borderline - blend or hold back,2.1377,2.3939,6.3838
461556,48,1.0,2.0,Average,Female,Yes,Yes,Engineer,Cat_6,Cluster 0,0,Age high (z=+0.61); Work Experience low (z=-0.53); Ever Married=Yes (79% vs 59%),1.6258,Cluster 1,0.7208,Clear - automate,1.6258,5.8233,6.2392
461558,51,2.0,2.0,Average,Male,Yes,Yes,Engineer,Cat_6,Cluster 0,0,Age high (z=+0.61); Work Experience low (z=-0.53); Ever Married=Yes (79% vs 59%),1.1415,Cluster 2,0.8023,Clear - automate,1.1415,5.7845,5.7749
461564,56,1.0,2.0,High,Male,Yes,Yes,Executive,Cat_6,Cluster 0,0,Age high (z=+0.61); Work Experience low (z=-0.53); Ever Married=Yes (79% vs 59%),1.0467,Cluster 1,0.8411,Clear - automate,1.0467,6.5875,7.5728
461570,57,0.0,3.0,Average,Male,Yes,Yes,Artist,Cat_6,Cluster 0,0,Age high (z=+0.61); Work Experience low (z=-0.53); Ever Married=Yes (79% vs 59%),0.8937,Cluster 1,0.8345,Clear - automate,0.8937,5.3984,8.6299
461574,49,1.0,3.0,Average,Female,Yes,Yes,Artist,Cat_6,Cluster 0,0,Age high (z=+0.61); Work Experience low (z=-0.53); Ever Married=Yes (79% vs 59%),1.3341,Cluster 1,0.6994,Clear - automate,1.3341,4.4373,5.8353
461587,30,0.0,3.0,Low,Male,No,Yes,Healthcare,Cat_6,Cluster 1,1,Family Size high (z=+0.93); Age low (z=-0.77); Ever Married=Yes (31% vs 59%),1.3373,Cluster 0,0.6027,Clear - automate,3.3661,1.3373,8.0218
461593,40,8.0,2.0,Average,Female,Yes,Yes,Doctor,Cat_6,Cluster 2,2,Work Experience high (z=+1.58); Age low (z=-0.33); Family Size low (z=-0.27),1.1203,Cluster 0,0.8322,Clear - automate,6.6754,9.1221,1.1203
461602,30,0.0,,Low,Female,No,Yes,Artist,Cat_6,Cluster 1,1,Family Size high (z=+0.93); Age low (z=-0.77); Ever Married=Yes (31% vs 59%),2.3373,Cluster 0,0.3056,Moderate - standard outreach,3.3661,2.3373,7.0218
461604,38,0.0,2.0,Average,Male,Yes,No,Entertainment,Cat_6,Cluster 0,0,Age high (z=+0.61); Work Experience low (z=-0.53); Ever Married=Yes (79% vs 59%),2.4728,Cluster 1,0.3894,Moderate - standard outreach,2.4728,4.0494,8.2674
461612,31,8.0,5.0,Low,Female,No,Yes,Healthcare,Cat_6,Cluster 2,2,Work Experience high (z=+1.58); Age low (z=-0.33); Family Size low (z=-0.27),3.9129,Cluster 1,0.2648,Moderate - standard outreach,11.1736,5.3224,3.9129
461615,33,0.0,2.0,Low,Male,No,Yes,Doctor,Cat_6,Cluster 0,0,Age high (z=+0.61); Work Experience low (z=-0.53); Ever Married=Yes (79% vs 59%),2.6353,Cluster 1,0.2186,Moderate - standard outreach,2.6353,3.3724,7.8595
461617,50,0.0,2.0,Low,Male,No,Yes,Artist,Cat_6,Cluster 0,0,Age high (z=+0.61); Work Experience low (z=-0.53); Ever Married=Yes (79% vs 59%),0.6407,Cluster 1,0.8646,Clear - automate,0.6407,4.7323,7.8045
461619,52,,3.0,High,Male,Yes,Yes,Executive,Cat_6,Cluster 0,0,Age high (z=+0.61); Work Experience low (z=-0.53); Ever Married=Yes (79% vs 59%),1.271,Cluster 1,0.7097,Clear - automate,1.271,4.3779,7.1144
461624,39,0.0,,Average,Female,Yes,Yes,Artist,Cat_2,Cluster 0,0,Age high (z=+0.61); Work Experience low (z=-0.53); Ever Married=Yes (79% vs 59%),2.6067,Cluster 1,0.3625,Moderate - standard outreach,2.6067,4.0891,7.2892
461626,73,0.0,2.0,High,Male,Yes,Yes,Executive,Cat_6,Cluster 0,0,Age high (z=+0.61); Work Experience low (z=-0.53); Ever Married=Yes (79% vs 59%),2.5369,Cluster 1,0.7692,Clear - automate,2.5369,10.9904,12.3249
461630,46,0.0,3.0,Average,Male,Yes,Yes,Artist,Cat_6,Cluster 0,0,Age high (z=+0.61); Work Experience low (z=-0.53); Ever Married=Yes (79% vs 59%),1.0433,Cluster 1,0.7181,Clear - automate,1.0433,3.7011,7.5245
461637,50,0.0,2.0,Low,Male,Yes,Yes,Artist,Cat_7,Cluster 0,0,Age high (z=+0.61); Work Experience low (z=-0.53); Ever Married=Yes (79% vs 59%),0.6407,Cluster 1,0.8882,Clear - automate,0.6407,5.7323,7.8045
461644,30,0.0,6.0,Low,Male,No,No,Healthcare,Cat_6,Cluster 1,1,Family Size high (z=+0.93); Age low (z=-0.77); Ever Married=Yes (31% vs 59%),1.4296,Cluster 0,0.8533,Clear - automate,9.7451,1.4296,13.722
461653,60,0.0,2.0,Average,Female,Yes,Yes,Doctor,Cat_6,Cluster 0,0,Age high (z=+0.61); Work Experience low (z=-0.53); Ever Married=Yes (79% vs 59%),1.7647,Cluster 1,0.7804,Clear - automate,1.7647,8.0354,9.0695
461655,39,9.0,2.0,Average,Female,Yes,Yes,Homemaker,Cat_6,Cluster 2,2,Work Experience high (z=+1.58); Age low (z=-0.33); Family Size low (z=-0.27),1.1503,Cluster 0,0.8587,Clear - automate,8.1417,10.3622,1.1503
461658,59,1.0,2.0,Average,Female,Yes,Yes,Artist,Cat_5,Cluster 0,0,Age high (z=+0.61); Work Experience low (z=-0.53); Ever Married=Yes (79% vs 59%),1.6396,Cluster 2,0.7816,Clear - automate,1.6396,8.1842,7.508
461659,51,0.0,2.0,Average,Female,Yes,Yes,Artist,Cat_6,Cluster 0,0,Age high (z=+0.61); Work Experience low (z=-0.53); Ever Married=Yes (79% vs 59%),1.1197,Cluster 1,0.8245,Clear - automate,1.1197,6.3792,7.3976
461661,40,5.0,2.0,Average,Female,Yes,Yes,Artist,Cat_2,Cluster 2,2,Work Experience high (z=+1.58); Age low (z=-0.33); Family Size low (z=-0.27),2.0785,Cluster 0,0.4332,Moderate - standard outreach,3.6669,6.7882,2.0785
461663,23,1.0,3.0,Low,Male,No,No,Healthcare,Cat_6,Cluster 1,1,Family Size high (z=+0.93); Age low (z=-0.77); Ever Married=Yes (31% vs 59%),0.92,Cluster 0,0.8225,Clear - automate,5.1825,0.92,7.7172
461668,53,4.0,4.0,Average,Male,Yes,Yes,Artist,Cat_2,Cluster 0,0,Age high (z=+0.61); Work Experience low (z=-0.53); Ever Married=Yes (79% vs 59%),3.211,Cluster 2,0.3547,Moderate - standard outreach,3.211,5.0489,4.9756
461671,32,7.0,5.0,Low,Male,No,No,Healthcare,Cat_6,Cluster 1,1,Family Size high (z=+0.93); Age low (z=-0.77); Ever Married=Yes (31% vs 59%),3.2032,Cluster 2,0.3599,Moderate - standard outreach,9.8282,3.2032,5.0039
461674,52,0.0,4.0,High,Male,Yes,Yes,Executive,Cat_6,Cluster 0,0,Age high (z=+0.61); Work Experience low (z=-0.53); Ever Married=Yes (79% vs 59%),2.4522,Cluster 1,0.3639,Moderate - standard outreach,2.4522,3.8551,9.3916
461676,31,0.0,1.0,Low,Female,No,Yes,Engineer,Cat_6,Cluster 0,0,Age high (z=+0.61); Work Experience low (z=-0.53); Ever Married=Yes (79% vs 59%),4.0659,Cluster 1,0.3473,Moderate - standard outreach,4.0659,6.2294,8.2882
461679,30,3.0,4.0,Low,Male,No,Yes,Healthcare,Cat_6,Cluster 1,1,Family Size high (z=+0.93); Age low (z=-0.77); Ever Married=Yes (31% vs 59%),0.8055,Cluster 0,0.8312,Clear - automate,4.7712,0.8055,5.2339
461681,25,8.0,3.0,Low,Male,No,Yes,Healthcare,Cat_7,Cluster 2,2,Work Experience high (z=+1.58); Age low (z=-0.33); Family Size low (z=-0.27),2.7487,Cluster 1,0.5347,Clear - automate,9.2415,5.9072,2.7487
461683,40,1.0,4.0,High,Male,Yes,Yes,Executive,Cat_6,Cluster 1,1,Family Size high (z=+0.93); Age low (z=-0.77); Ever Married=Yes (31% vs 59%),2.3564,Cluster 0,0.2214,Moderate - standard outreach,3.0266,2.3564,7.2747
461685,27,4.0,4.0,Low,Female,No,Yes,Healthcare,Cat_6,Cluster 1,1,Family Size high (z=+0.93); Age low (z=-0.77); Ever Married=Yes (31% vs 59%),1.7588,Cluster 2,0.5694,Clear - automate,6.2866,1.7588,4.0847
461686,61,0.0,2.0,Low,Male,Yes,Yes,Artist,Cat_6,Cluster 0,0,Age high (z=+0.61); Work Experience low (z=-0.53); Ever Married=Yes (79% vs 59%),0.318,Cluster 1,0.9562,Clear - automate,0.318,7.2566,8.7369
461690,33,1.0,1.0,Low,Female,No,Yes,Engineer,Cat_4,Cluster 0,0,Age high (z=+0.61); Work Experience low (z=-0.53); Ever Married=Yes (79% vs 59%),4.1696,Cluster 1,0.3693,Moderate - standard outreach,4.1696,6.6107,7.2978
461694,28,1.0,4.0,Low,Male,No,Yes,Doctor,Cat_4,Cluster 1,1,Family Size high (z=+0.93); Age low (z=-0.77); Ever Married=Yes (31% vs 59%),1.5652,Cluster 0,0.7019,Clear - automate,5.2504,1.5652,8.1293
461695,48,2.0,2.0,Average,Female,Yes,Yes,Artist,Cat_6,Cluster 0,0,Age high (z=+0.61); Work Experience low (z=-0.53); Ever Married=Yes (79% vs 59%),1.2269,Cluster 2,0.7284,Clear - automate,1.2269,5.8662,4.518
461698,73,0.0,2.0,High,Female,Yes,Yes,Artist,Cat_6,Cluster 0,0,Age high (z=+0.61); Work Experience low (z=-0.53); Ever Married=Yes (79% vs 59%),2.5369,Cluster 2,0.776,Clear - automate,2.5369,11.4904,11.3249
461701,36,0.0,2.0,Average,Male,Yes,No,Artist,Cat_5,Cluster 0,0,Age high (z=+0.61); Work Experience low (z=-0.53); Ever Married=Yes (79% vs 59%),2.7155,Cluster 1,0.3906,Moderate - standard outreach,2.7155,4.4563,8.282
461705,32,0.0,4.0,Low,Female,No,No,Healthcare,Cat_6,Cluster 1,1,Family Size high (z=+0.93); Age low (z=-0.77); Ever Married=Yes (31% vs 59%),0.6809,Cluster 0,0.8674,Clear - automate,5.1362,0.6809,8.7937
461708,82,0.0,2.0,High,Male,Yes,No,Lawyer,Cat_6,Cluster 0,0,Age high (z=+0.61); Work Experience low (z=-0.53); Ever Married=Yes (79% vs 59%),4.6532,Cluster 1,0.6583,Clear - automate,4.6532,13.618,15.4681
461709,28,1.0,3.0,Low,Male,No,Yes,Artist,Cat_4,Cluster 1,1,Family Size high (z=+0.93); Age low (z=-0.77); Ever Married=Yes (31% vs 59%),2.2255,Cluster 0,0.39,Moderate - standard outreach,3.6484,2.2255,6.7536
461711,42,8.0,3.0,Low,Female,No,Yes,Artist,Cat_2,Cluster 2,2,Work Experience high (z=+1.58); Age low (z=-0.33); Family Size low (z=-0.27),1.1831,Cluster 0,0.8244,Clear - automate,6.7363,7.2565,1.1831
461716,60,6.0,9.0,High,Female,Yes,Yes,Lawyer,Cat_6,Cluster 1,1,Family Size high (z=+0.93); Age low (z=-0.77); Ever Married=Yes (31% vs 59%),17.3021,Cluster 2,0.1954,Borderline - blend or hold back,23.7163,17.3021,21.5039
461720,46,1.0,1.0,Low,Female,No,Yes,Artist,Cat_4,Cluster 0,0,Age high (z=+0.61); Work Experience low (z=-0.53); Ever Married=Yes (79% vs 59%),2.3335,Cluster 2,0.664,Clear - automate,2.3335,7.4574,6.9449
461722,31,0.0,3.0,Low,Male,No,No,Doctor,Cat_6,Cluster 1,1,Family Size high (z=+0.93); Age low (z=-0.77); Ever Married=Yes (31% vs 59%),1.3355,Cluster 0,0.6387,Clear - automate,3.6965,1.3355,8.4662
461724,50,1.0,1.0,Low,Female,Yes,Yes,Artist,Cat_7,Cluster 0,0,Age high (z=+0.61); Work Experience low (z=-0.53); Ever Married=Yes (79% vs 59%),1.6751,Cluster 2,0.7516,Clear - automate,1.6751,8.4706,6.7429
461725,30,3.0,1.0,Low,Female,No,Yes,Engineer,Cat_4,Cluster 0,0,Age high (z=+0.61); Work Experience low (z=-0.53); Ever Married=Yes (79% vs 59%),5.0388,Cluster 2,0.0273,Borderline - blend or hold back,5.0388,6.8597,5.1802
461727,49,1.0,3.0,Low,Female,No,Yes,Artist,Cat_6,Cluster 0,0,Age high (z=+0.61); Work Experience low (z=-0.53); Ever Married=Yes (79% vs 59%),1.3341,Cluster 1,0.6119,Clear - automate,1.3341,3.4373,5.8353
461737,51,0.0,6.0,Average,Female,Yes,Yes,Doctor,Cat_4,Cluster 1,1,Family Size high (z=+0.93); Age low (z=-0.77); Ever Married=Yes (31% vs 59%),5.9535,Cluster 0,0.2777,Moderate - standard outreach,8.2429,5.9535,13.6158
461738,46,,3.0,Average,Female,Yes,Yes,,Cat_6,Cluster 0,0,Age high (z=+0.61); Work Experience low (z=-0.53); Ever Married=Yes (79% vs 59%),1.9641,Cluster 1,0.5167,Clear - automate,1.9641,4.0635,6.123
461744,53,0.0,4.0,Average,Male,Yes,Yes,Artist,Cat_6,Cluster 0,0,Age high (z=+0.61); Work Experience low (z=-0.53); Ever Married=Yes (79% vs 59%),1.946,Cluster 1,0.5155,Clear - automate,1.946,4.0168,8.9996
461747,65,0.0,2.0,High,Male,Yes,Yes,Artist,Cat_6,Cluster 0,0,Age high (z=+0.61); Work Experience low (z=-0.53); Ever Married=Yes (79% vs 59%),1.1054,Cluster 1,0.8732,Clear - automate,1.1054,8.7157,9.9806
461749,22,0.0,5.0,Low,Female,No,No,Healthcare,Cat_6,Cluster 1,1,Family Size high (z=+0.93); Age low (z=-0.77); Ever Married=Yes (31% vs 59%),1.1559,Cluster 0,0.8723,Clear - automate,9.0525,1.1559,11.3428
461752,65,1.0,3.0,Average,Male,Yes,Yes,Doctor,Cat_6,Cluster 0,0,Age high (z=+0.61); Work Experience low (z=-0.53); Ever Married=Yes (79% vs 59%),1.7703,Cluster 1,0.7493,Clear - automate,1.7703,7.0601,9.097
461756,39,0.0,2.0,Average,Female,Yes,Yes,Engineer,Cat_4,Cluster 0,0,Age high (z=+0.61); Work Experience low (z=-0.53); Ever Married=Yes (79% vs 59%),2.8626,Cluster 1,0.4895,Clear - automate,2.8626,5.6072,7.7713
461760,84,0.0,2.0,High,Male,Yes,Yes,Artist,Cat_6,Cluster 0,0,Age high (z=+0.61); Work Experience low (z=-0.53); Ever Married=Yes (79% vs 59%),4.0942,Cluster 1,0.7251,Clear - automate,4.0942,14.8947,15.1372
461769,37,0.0,1.0,Low,Male,No,Yes,Artist,Cat_6,Cluster 0,0,Age high (z=+0.61); Work Experience low (z=-0.53); Ever Married=Yes (79% vs 59%),2.204,Cluster 1,0.6248,Clear - automate,2.204,5.875,8.1108
461771,28,8.0,2.0,Average,Male,Yes,Yes,Doctor,Cat_6,Cluster 2,2,Work Experience high (z=+1.58); Age low (z=-0.33); Family Size low (z=-0.27),1.9749,Cluster 0,0.75,Clear - automate,7.8992,8.3309,1.9749
461775,82,0.0,2.0,High,Female,Yes,No,Lawyer,Cat_6,Cluster 0,0,Age high (z=+0.61); Work Experience low (z=-0.53); Ever Married=Yes (79% vs 59%),5.1532,Cluster 1,0.635,Clear - automate,5.1532,14.118,14.9681
461778,87,0.0,2.0,High,Female,Yes,Yes,Lawyer,Cat_6,Cluster 0,0,Age high (z=+0.61); Work Experience low (z=-0.53); Ever Married=Yes (79% vs 59%),5.8113,Cluster 2,0.6412,Clear - automate,5.8113,16.6156,16.1966
461780,69,1.0,5.0,Low,Female,No,Yes,Lawyer,Cat_6,Cluster 0,0,Age high (z=+0.61); Work Experience low (z=-0.53); Ever Married=Yes (79% vs 59%),5.7381,Cluster 1,0.2003,Moderate - standard outreach,5.7381,7.1751,12.0688
461782,51,,5.0,High,Female,Yes,Yes,Artist,Cat_6,Cluster 1,1,Family Size high (z=+0.93); Age low (z=-0.77); Ever Married=Yes (31% vs 59%),4.2607,Cluster 0,0.0197,Borderline - blend or hold back,4.3461,4.2607,8.623
461784,74,1.0,1.0,Low,Female,Yes,Yes,Lawyer,Cat_6,Cluster 0,0,Age high (z=+0.61); Work Experience low (z=-0.53); Ever Married=Yes (79% vs 59%),3.2211,Cluster 2,0.7079,Clear - automate,3.2211,13.5465,11.0272
461788,79,1.0,2.0,High,Female,Yes,Yes,Lawyer,Cat_6,Cluster 0,0,Age high (z=+0.61); Work Experience low (z=-0.53); Ever Married=Yes (79% vs 59%),3.9683,Cluster 2,0.6725,Clear - automate,3.9683,13.3711,12.1186
461791,21,9.0,1.0,Low,Female,No,No,Lawyer,Cat_6,Cluster 2,2,Work Experience high (z=+1.58); Age low (z=-0.33); Family Size low (z=-0.27),3.5571,Cluster 1,0.6862,Clear - automate,12.376,11.3363,3.5571
461792,20,5.0,5.0,Low,Female,No,No,Healthcare,Cat_2,Cluster 1,1,Family Size high (z=+0.93); Age low (z=-0.77); Ever Married=Yes (31% vs 59%),2.9165,Cluster 2,0.5768,Clear - automate,11.4401,2.9165,6.891
461800,43,3.0,1.0,Low,Female,No,Yes,Doctor,Cat_2,Cluster 0,0,Age high (z=+0.61); Work Experience low (z=-0.53); Ever Married=Yes (79% vs 59%),3.4129,Cluster 2,0.3225,Moderate - standard outreach,3.4129,7.4166,5.0375
461801,25,1.0,3.0,Low,Female,No,No,Healthcare,Cat_6,Cluster 1,1,Family Size high (z=+0.93); Age low (z=-0.77); Ever Married=Yes (31% vs 59%),1.3199,Cluster 0,0.7484,Clear - automate,5.2466,1.3199,7.0095
461802,43,0.0,4.0,Low,Male,No,Yes,Artist,Cat_6,Cluster 1,1,Family Size high (z=+0.93); Age low (z=-0.77); Ever Married=Yes (31% vs 59%),1.7339,Cluster 0,0.2597,Moderate - standard outreach,2.3421,1.7339,8.2548
461804,42,1.0,1.0,Low,Female,No,Yes,Artist,Cat_6,Cluster 0,0,Age high (z=+0.61); Work Experience low (z=-0.53); Ever Married=Yes (79% vs 59%),2.1109,Cluster 2,0.6631,Clear - automate,2.1109,6.5632,6.2659
461807,25,10.0,4.0,Low,Male,No,Yes,Doctor,Cat_6,Cluster 2,2,Work Experience high (z=+1.58); Age low (z=-0.33); Family Size low (z=-0.27),3.3873,Cluster 1,0.5786,Clear - automate,12.7508,8.0379,3.3873
461815,59,0.0,1.0,Low,Male,Yes,Yes,Artist,Cat_3,Cluster 0,0,Age high (z=+0.61); Work Experience low (z=-0.53); Ever Married=Yes (79% vs 59%),1.3325,Cluster 1,0.8626,Clear - automate,1.3325,9.6975,9.7494
461816,49,0.0,5.0,Low,Female,No,Yes,Marketing,Cat_6,Cluster 1,1,Family Size high (z=+0.93); Age low (z=-0.77); Ever Married=Yes (31% vs 59%),3.1119,Cluster 0,0.3745,Moderate - standard outreach,4.9749,3.1119,10.3459
461821,32,1.0,4.0,Low,Female,No,No,Doctor,Cat_6,Cluster 1,1,Family Size high (z=+0.93); Age low (z=-0.77); Ever Married=Yes (31% vs 59%),1.0434,Cluster 0,0.7937,Clear - automate,5.0569,1.0434,7.3922
461822,36,8.0,2.0,High,Male,Yes,Yes,Artist,Cat_6,Cluster 2,2,Work Experience high (z=+1.58); Age low (z=-0.33); Family Size low (z=-0.27),1.1196,Cluster 0,0.8174,Clear - automate,6.1311,8.4061,1.1196
461824,45,9.0,3.0,Low,Male,Yes,Yes,Marketing,Cat_6,Cluster 2,2,Work Experience high (z=+1.58); Age low (z=-0.33); Family Size low (z=-0.27),1.3475,Cluster 0,0.8042,Clear - automate,6.8807,8.3464,1.3475
461832,29,,3.0,Low,Male,No,Yes,Healthcare,Cat_6,Cluster 1,1,Family Size high (z=+0.93); Age low (z=-0.77); Ever Married=Yes (31% vs 59%),1.2089,Cluster 0,0.651,Clear - automate,3.4639,1.2089,6.6832
461837,37,0.0,2.0,Low,Male,Yes,Yes,Artist,Cat_6,Cluster 0,0,Age high (z=+0.61); Work Experience low (z=-0.53); Ever Married=Yes (79% vs 59%),1.0904,Cluster 1,0.7273,Clear - automate,1.0904,3.9992,6.771
461845,48,1.0,4.0,Average,Female,Yes,Yes,Doctor,Cat_6,Cluster 0,0,Age high (z=+0.61); Work Experience low (z=-0.53); Ever Married=Yes (79% vs 59%),2.9719,Cluster 1,0.1847,Borderline - blend or hold back,2.9719,3.645,7.1327
461846,65,0.0,2.0,Low,Female,No,Yes,Artist,Cat_2,Cluster 0,0,Age high (z=+0.61); Work Experience low (z=-0.53); Ever Married=Yes (79% vs 59%),2.1054,Cluster 1,0.7584,Clear - automate,2.1054,8.7157,9.9806
461848,39,1.0,2.0,Low,Male,No,No,Marketing,Cat_6,Cluster 0,0,Age high (z=+0.61); Work Experience low (z=-0.53); Ever Married=Yes (79% vs 59%),2.2833,Cluster 1,0.2311,Moderate - standard outreach,2.2833,2.9696,6.8698
461858,25,1.0,7.0,Low,Male,No,No,Entertainment,Cat_4,Cluster 1,1,Family Size high (z=+0.93); Age low (z=-0.77); Ever Married=Yes (31% vs 59%),4.3252,Cluster 0,0.7078,Clear - automate,14.8008,4.3252,16.6587
461859,49,5.0,5.0,Low,Female,Yes,No,Artist,Cat_6,Cluster 1,1,Family Size high (z=+0.93); Age low (z=-0.77); Ever Married=Yes (31% vs 59%),4.2279,Cluster 2,0.0892,Borderline - blend or hold back,5.882,4.2279,4.6418
461860,77,1.0,2.0,High,Female,Yes,Yes,Lawyer,Cat_6,Cluster 0,0,Age high (z=+0.61); Work Experience low (z=-0.53); Ever Married=Yes (79% vs 59%),3.6017,Cluster 2,0.6875,Clear - automate,3.6017,12.6686,11.5238
461862,38,9.0,1.0,Low,Female,No,Yes,Artist,Cat_6,Cluster 2,2,Work Experience high (z=+1.58); Age low (z=-0.33); Family Size low (z=-0.27),1.4862,Cluster 0,0.8223,Clear - automate,8.3655,11.6804,1.4862
461864,19,0.0,6.0,Low,Male,No,Yes,Marketing,Cat_4,Cluster 1,1,Family Size high (z=+0.93); Age low (z=-0.77); Ever Married=Yes (31% vs 59%),3.4392,Cluster 0,0.7158,Clear - automate,12.1018,3.4392,14.8236
461872,76,1.0,2.0,High,Female,Yes,Yes,Lawyer,Cat_6,Cluster 0,0,Age high (z=+0.61); Work Experience low (z=-0.53); Ever Married=Yes (79% vs 59%),3.4295,Cluster 2,0.6948,Clear - automate,3.4295,12.3285,11.2375
461873,28,0.0,4.0,Low,Male,No,Yes,Doctor,Cat_6,Cluster 1,1,Family Size high (z=+0.93); Age low (z=-0.77); Ever Married=Yes (31% vs 59%),1.2027,Cluster 0,0.751,Clear - automate,4.8296,1.2027,9.0308
461874,51,1.0,3.0,Average,Male,Yes,Yes,Doctor,Cat_3,Cluster 0,0,Age high (z=+0.61); Work Experience low (z=-0.53); Ever Married=Yes (79% vs 59%),1.7846,Cluster 1,0.6222,Clear - automate,1.7846,4.7236,7.514
461882,28,0.0,5.0,Low,Female,No,Yes,Doctor,Cat_7,Cluster 1,1,Family Size high (z=+0.93); Age low (z=-0.77); Ever Married=Yes (31% vs 59%),2.4002,Cluster 0,0.6919,Clear - automate,7.7893,2.4002,10.7643
461892,42,0.0,1.0,Low,Female,No,Yes,Healthcare,Cat_2,Cluster 0,0,Age high (z=+0.61); Work Experience low (z=-0.53); Ever Married=Yes (79% vs 59%),3.1902,Cluster 1,0.5239,Clear - automate,3.1902,6.7007,8.6674
461896,45,1.0,1.0,Low,Male,Yes,Yes,Artist,Cat_6,Cluster 0,0,Age high (z=+0.61); Work Experience low (z=-0.53); Ever Married=Yes (79% vs 59%),0.8917,Cluster 2,0.8604,Clear - automate,0.8917,6.8477,6.389
461898,63,6.0,3.0,High,Male,Yes,Yes,Executive,Cat_6,Cluster 0,0,Age high (z=+0.61); Work Experience low (z=-0.53); Ever Married=Yes (79% vs 59%),3.9206,Cluster 2,0.1106,Borderline - blend or hold back,3.9206,8.5834,4.4079
461899,18,0.0,6.0,Low,Female,No,No,Doctor,Cat_6,Cluster 1,1,Family Size high (z=+0.93); Age low (z=-0.77); Ever Married=Yes (31% vs 59%),3.0301,Cluster 0,0.7644,Clear - automate,12.8606,3.0301,14.4684
461901,26,7.0,4.0,Low,Male,No,Yes,Artist,Cat_6,Cluster 2,2,Work Experience high (z=+1.58); Age low (z=-0.33); Family Size low (z=-0.27),2.6707,Cluster 1,0.3459,Moderate - standard outreach,7.9534,4.0831,2.6707
461910,31,,2.0,Average,Male,Yes,Yes,Artist,Cat_2,Cluster 0,0,Age high (z=+0.61); Work Experience low (z=-0.53); Ever Married=Yes (79% vs 59%),2.873,Cluster 1,0.3908,Moderate - standard outreach,2.873,4.7161,6.5468
461913,43,5.0,4.0,Low,Male,No,Yes,Entertainment,Cat_2,Cluster 1,1,Family Size high (z=+0.93); Age low (z=-0.77); Ever Married=Yes (31% vs 59%),3.3498,Cluster 2,0.173,Borderline - blend or hold back,4.7492,3.3498,4.0506
461914,60,7.0,,Low,Female,Yes,Yes,Artist,Cat_6,Cluster 2,2,Work Experience high (z=+1.58); Age low (z=-0.33); Family Size low (z=-0.27),2.0641,Cluster 0,0.5133,Clear - automate,4.2413,8.8422,2.0641
461921,36,0.0,1.0,Low,Female,No,Yes,Artist,Cat_6,Cluster 0,0,Age high (z=+0.61); Work Experience low (z=-0.53); Ever Married=Yes (79% vs 59%),2.8291,Cluster 1,0.5532,Clear - automate,2.8291,6.3322,7.6218
461927,32,1.0,4.0,Low,Male,No,No,Healthcare,Cat_2,Cluster 1,1,Family Size high (z=+0.93); Age low (z=-0.77); Ever Married=Yes (31% vs 59%),0.5434,Cluster 0,0.8925,Clear - automate,5.0569,0.5434,8.3922
461928,68,,1.0,Low,Male,Yes,Yes,Lawyer,,Cluster 0,0,Age high (z=+0.61); Work Experience low (z=-0.53); Ever Married=Yes (79% vs 59%),2.4333,Cluster 2,0.7695,Clear - automate,2.4333,11.7513,10.5548
461929,60,1.0,1.0,Low,Male,Yes,Yes,Entertainment,Cat_6,Cluster 0,0,Age high (z=+0.61); Work Experience low (z=-0.53); Ever Married=Yes (79% vs 59%),1.2991,Cluster 2,0.8473,Clear - automate,1.2991,9.2737,8.5078
461930,42,0.0,1.0,Low,Female,No,Yes,Artist,Cat_4,Cluster 0,0,Age high (z=+0.61); Work Experience low (z=-0.53); Ever Married=Yes (79% vs 59%),2.6902,Cluster 1,0.6264,Clear - automate,2.6902,7.2007,8.1674
461931,18,6.0,5.0,Low,Female,No,No,Healthcare,,Cluster 1,1,Family Size high (z=+0.93); Age low (z=-0.77); Ever Married=Yes (31% vs 59%),3.8551,Cluster 2,0.4223,Moderate - standard outreach,12.7728,3.8551,6.6733
461936,69,0.0,2.0,High,Male,Yes,No,Lawyer,Cat_6,Cluster 0,0,Age high (z=+0.61); Work Experience low (z=-0.53); Ever Married=Yes (79% vs 59%),2.5117,Cluster 1,0.7297,Clear - automate,2.5117,9.2936,11.8433
461937,42,0.0,,Low,Female,No,Yes,Doctor,Cat_6,Cluster 0,0,Age high (z=+0.61); Work Experience low (z=-0.53); Ever Married=Yes (79% vs 59%),2.3207,Cluster 1,0.1732,Borderline - blend or hold back,2.3207,2.8068,7.3455
461941,70,1.0,1.0,Low,Female,Yes,Yes,Artist,Cat_6,Cluster 0,0,Age high (z=+0.61); Work Experience low (z=-0.53); Ever Married=Yes (79% vs 59%),2.1662,Cluster 2,0.7724,Clear - automate,2.1662,12.32,9.5159
461943,25,1.0,3.0,Low,Male,No,Yes,Healthcare,Cat_6,Cluster 1,1,Family Size high (z=+0.93); Age low (z=-0.77); Ever Married=Yes (31% vs 59%),1.3199,Cluster 0,0.6892,Clear - automate,4.2466,1.3199,7.0095
461962,56,1.0,3.0,Average,Male,Yes,Yes,Entertainment,Cat_6,Cluster 0,0,Age high (z=+0.61); Work Experience low (z=-0.53); Ever Married=Yes (79% vs 59%),1.2908,Cluster 1,0.7454,Clear - automate,1.2908,5.0694,7.5907
461963,40,9.0,1.0,Low,Female,No,Yes,Artist,Cat_6,Cluster 2,2,Work Experience high (z=+1.58); Age low (z=-0.33); Family Size low (z=-0.27),1.5014,Cluster 0,0.8158,Clear - automate,8.1526,11.8032,1.5014
461965,23,1.0,6.0,Low,Male,No,No,Healthcare,Cat_6,Cluster 1,1,Family Size high (z=+0.93); Age low (z=-0.77); Ever Married=Yes (31% vs 59%),1.5124,Cluster 0,0.8633,Clear - automate,11.0615,1.5124,12.9175
461967,20,3.0,4.0,Low,Female,No,No,Marketing,Cat_7,Cluster 1,1,Family Size high (z=+0.93); Age low (z=-0.77); Ever Married=Yes (31% vs 59%),2.2316,Cluster 2,0.6668,Clear - automate,8.3765,2.2316,6.6982
461968,39,2.0,1.0,Low,Female,No,Yes,Entertainment,Cat_6,Cluster 0,0,Age high (z=+0.61); Work Experience low (z=-0.53); Ever Married=Yes (79% vs 59%),2.998,Cluster 2,0.4538,Clear - automate,2.998,6.3883,5.4885
461978,19,0.0,4.0,Low,Female,No,No,Healthcare,Cat_6,Cluster 1,1,Family Size high (z=+0.93); Age low (z=-0.77); Ever Married=Yes (31% vs 59%),1.1866,Cluster 0,0.8484,Clear - automate,7.8247,1.1866,9.999
461985,28,,,Low,Male,No,Yes,Entertainment,Cat_5,Cluster 1,1,Family Size high (z=+0.93); Age low (z=-0.77); Ever Married=Yes (31% vs 59%),2.2255,Cluster 0,0.4635,Clear - automate,4.1484,2.2255,7.2536
461988,40,1.0,2.0,Average,Male,Yes,No,Engineer,Cat_6,Cluster 0,0,Age high (z=+0.61); Work Experience low (z=-0.53); Ever Married=Yes (79% vs 59%),2.1805,Cluster 1,0.4596,Clear - automate,2.1805,4.0348,6.8811
461989,60,1.0,4.0,Average,Female,,Yes,Engineer,Cat_2,Cluster 0,0,Age high (z=+0.61); Work Experience low (z=-0.53); Ever Married=Yes (79% vs 59%),4.0315,Cluster 1,0.3518,Moderate - standard outreach,4.0315,6.2195,9.5615
461993,33,3.0,4.0,Low,Male,No,No,Healthcare,Cat_6,Cluster 1,1,Family Size high (z=+0.93); Age low (z=-0.77); Ever Married=Yes (31% vs 59%),0.3225,Cluster 0,0.9326,Clear - automate,4.7846,0.3225,5.5895
461994,20,14.0,2.0,Low,Male,Yes,No,Doctor,Cat_6,Cluster 2,2,Work Experience high (z=+1.58); Age low (z=-0.33); Family Size low (z=-0.27),5.7589,Cluster 1,0.6848,Clear - automate,20.5294,18.2684,5.7589
461996,35,7.0,4.0,Low,Female,No,No,Artist,Cat_6,Cluster 2,2,Work Experience high (z=+1.58); Age low (z=-0.33); Family Size low (z=-0.27),2.1706,Cluster 1,0.4663,Clear - automate,7.4265,4.0674,2.1706
461999,27,0.0,5.0,Low,Male,No,Yes,Doctor,Cat_6,Cluster 1,1,Family Size high (z=+0.93); Age low (z=-0.77); Ever Married=Yes (31% vs 59%),1.4242,Cluster 0,0.796,Clear - automate,6.9813,1.4242,10.8421
462007,42,1.0,2.0,Average,Female,Yes,Yes,Artist,Cat_6,Cluster 0,0,Age high (z=+0.61); Work Experience low (z=-0.53); Ever Married=Yes (79% vs 59%),1.4973,Cluster 1,0.7114,Clear - automate,1.4973,5.1873,5.426
462011,30,0.0,4.0,Low,Male,Yes,No,Marketing,Cat_4,Cluster 1,1,Family Size high (z=+0.93); Age low (z=-0.77); Ever Married=Yes (31% vs 59%),1.677,Cluster 0,0.6625,Clear - automate,4.968,1.677,9.3974
462013,56,0.0,2.0,Average,Female,Yes,Yes,Executive,Cat_6,Cluster 0,0,Age high (z=+0.61); Work Experience low (z=-0.53); Ever Married=Yes (79% vs 59%),1.626,Cluster 1,0.775,Clear - automate,1.626,7.225,8.4743
462015,28,0.0,2.0,Average,Male,Yes,Yes,Entertainment,Cat_6,Cluster 0,0,Age high (z=+0.61); Work Experience low (z=-0.53); Ever Married=Yes (79% vs 59%),3.4836,Cluster 1,0.2049,Moderate - standard outreach,3.4836,4.3811,8.1373
462016,38,6.0,2.0,Average,Female,Yes,Yes,Artist,Cat_6,Cluster 2,2,Work Experience high (z=+1.58); Age low (z=-0.33); Family Size low (z=-0.27),1.0636,Cluster 0,0.7469,Clear - automate,4.2024,6.9297,1.0636
462017,26,9.0,1.0,Low,Male,No,Yes,Entertainment,Cat_2,Cluster 2,2,Work Experience high (z=+1.58); Age low (z=-0.33); Family Size low (z=-0.27),3.5192,Cluster 0,0.6732,Clear - automate,10.7676,11.5675,3.5192
462027,36,0.0,1.0,Low,Male,No,No,Engineer,Cat_6,Cluster 0,0,Age high (z=+0.61); Work Experience low (z=-0.53); Ever Married=Yes (79% vs 59%),3.3291,Cluster 1,0.3757,Moderate - standard outreach,3.3291,5.3322,9.1218
462029,56,0.0,1.0,Low,Male,No,No,Entertainment,Cat_6,Cluster 0,0,Age high (z=+0.61); Work Experience low (z=-0.53); Ever Married=Yes (79% vs 59%),2.2396,Cluster 1,0.7054,Clear - automate,2.2396,7.6008,10.3142
462033,26,0.0,1.0,Low,Male,No,Yes,Entertainment,Cat_6,Cluster 0,0,Age high (z=+0.61); Work Experience low (z=-0.53); Ever Married=Yes (79% vs 59%),4.4885,Cluster 1,0.2278,Moderate - standard outreach,4.4885,5.8125,9.1403
462038,28,4.0,4.0,Low,Male,No,Yes,Artist,Cat_6,Cluster 1,1,Family Size high (z=+0.93); Age low (z=-0.77); Ever Married=Yes (31% vs 59%),1.7348,Cluster 2,0.567,Clear - automate,5.0946,1.7348,4.0068
462043,32,0.0,5.0,Low,Male,No,No,Healthcare,Cat_6,Cluster 1,1,Family Size high (z=+0.93); Age low (z=-0.77); Ever Married=Yes (31% vs 59%),0.3783,Cluster 0,0.9426,Clear - automate,6.5958,0.3783,11.0272
462044,52,4.0,1.0,Low,Female,No,Yes,Artist,Cat_6,Cluster 0,0,Age high (z=+0.61); Work Experience low (z=-0.53); Ever Married=Yes (79% vs 59%),2.4847,Cluster 2,0.3485,Moderate - standard outreach,2.4847,8.4414,3.8139
462048,23,0.0,4.0,Low,Female,No,No,Healthcare,Cat_6,Cluster 1,1,Family Size high (z=+0.93); Age low (z=-0.77); Ever Married=Yes (31% vs 59%),0.8972,Cluster 0,0.8693,Clear - automate,6.8637,0.8972,9.4944
462051,23,,5.0,Low,Male,No,No,Healthcare,Cat_4,Cluster 1,1,Family Size high (z=+0.93); Age low (z=-0.77); Ever Married=Yes (31% vs 59%),0.9572,Cluster 0,0.8905,Clear - automate,8.7441,0.9572,10.8263
462052,50,0.0,2.0,Low,Male,Yes,Yes,Artist,Cat_6,Cluster 0,0,Age high (z=+0.61); Work Experience low (z=-0.53); Ever Married=Yes (79% vs 59%),0.1407,Cluster 1,0.9731,Clear - automate,0.1407,5.2323,7.3045
462053,26,,2.0,Low,Male,Yes,Yes,Artist,Cat_6,Cluster 0,0,Age high (z=+0.61); Work Experience low (z=-0.53); Ever Married=Yes (79% vs 59%),2.7956,Cluster 1,0.2641,Moderate - standard outreach,2.7956,3.7991,5.8989
462058,40,8.0,2.0,Low,Male,Yes,Yes,Entertainment,Cat_6,Cluster 2,2,Work Experience high (z=+1.58); Age low (z=-0.33); Family Size low (z=-0.27),1.1203,Cluster 0,0.8026,Clear - automate,5.6754,8.1221,1.1203
462060,53,1.0,2.0,Average,Female,Yes,Yes,Artist,Cat_6,Cluster 0,0,Age high (z=+0.61); Work Experience low (z=-0.53); Ever Married=Yes (79% vs 59%),1.0206,Cluster 2,0.8355,Clear - automate,1.0206,6.5577,6.2045
462064,63,0.0,3.0,Average,Male,Yes,Yes,Artist,Cat_7,Cluster 0,0,Age high (z=+0.61); Work Experience low (z=-0.53); Ever Married=Yes (79% vs 59%),1.691,Cluster 1,0.7652,Clear - automate,1.691,7.2032,10.1118
462068,62,0.0,3.0,High,Male,Yes,Yes,Executive,Cat_6,Cluster 0,0,Age high (z=+0.61); Work Experience low (z=-0.53); Ever Married=Yes (79% vs 59%),1.6229,Cluster 1,0.7491,Clear - automate,1.6229,6.4672,9.9296
462075,38,1.0,1.0,Low,Female,No,Yes,Artist,Cat_6,Cluster 0,0,Age high (z=+0.61); Work Experience low (z=-0.53); Ever Married=Yes (79% vs 59%),2.5071,Cluster 2,0.596,Clear - automate,2.5071,6.2878,6.2058
462078,57,1.0,2.0,Average,Female,Yes,No,Artist,Cat_2,Cluster 0,0,Age high (z=+0.61); Work Experience low (z=-0.53); Ever Married=Yes (79% vs 59%),2.0702,Cluster 1,0.7156,Clear - automate,2.0702,7.279,7.7105
462080,43,9.0,1.0,Low,Female,No,Yes,Artist,Cat_6,Cluster 2,2,Work Experience high (z=+1.58); Age low (z=-0.33); Family Size low (z=-0.27),1.58,Cluster 0,0.7997,Clear - automate,7.8888,12.0432,1.58
462081,21,1.0,3.0,Low,Male,No,No,Marketing,Cat_4,Cluster 1,1,Family Size high (z=+0.93); Age low (z=-0.77); Ever Married=Yes (31% vs 59%),2.0498,Cluster 0,0.6666,Clear - automate,6.1481,2.0498,8.4547
462083,22,0.0,5.0,Low,Male,No,No,Healthcare,Cat_6,Cluster 1,1,Family Size high (z=+0.93); Age low (z=-0.77); Ever Married=Yes (31% vs 59%),0.6559,Cluster 0,0.9233,Clear - automate,8.5525,0.6559,11.8428
462084,68,1.0,1.0,Low,Male,Yes,Yes,Artist,Cat_6,Cluster 0,0,Age high (z=+0.61); Work Experience low (z=-0.53); Ever Married=Yes (79% vs 59%),1.4333,Cluster 2,0.85,Clear - automate,1.4333,11.2513,9.5548
462085,28,0.0,1.0,Low,Female,No,Yes,Healthcare,Cat_6,Cluster 0,0,Age high (z=+0.61); Work Experience low (z=-0.53); Ever Married=Yes (79% vs 59%),4.5972,Cluster 1,0.2015,Moderate - standard outreach,4.5972,5.757,8.4771
462088,33,0.0,2.0,Average,Male,Yes,Yes,Artist,Cat_6,Cluster 0,0,Age high (z=+0.61); Work Experience low (z=-0.53); Ever Married=Yes (79% vs 59%),2.1353,Cluster 1,0.5116,Clear - automate,2.1353,4.3724,7.3595
462090,38,8.0,1.0,Low,Female,No,Yes,Artist,Cat_6,Cluster 2,2,Work Experience high (z=+1.58); Age low (z=-0.33); Family Size low (z=-0.27),1.4449,Cluster 0,0.7936,Clear - automate,7.002,10.375,1.4449
462091,23,0.0,5.0,Low,Male,No,No,Healthcare,Cat_4,Cluster 1,1,Family Size high (z=+0.93); Age low (z=-0.77); Ever Married=Yes (31% vs 59%),1.0947,Cluster 0,0.8759,Clear - automate,8.8234,1.0947,12.2278
462094,41,,1.0,Low,Female,No,Yes,Healthcare,Cat_6,Cluster 0,0,Age high (z=+0.61); Work Experience low (z=-0.53); Ever Married=Yes (79% vs 59%),2.6988,Cluster 1,0.5489,Clear - automate,2.6988,5.9832,6.7397
462096,41,,1.0,Low,Female,No,Yes,Homemaker,Cat_4,Cluster 0,0,Age high (z=+0.61); Work Experience low (z=-0.53); Ever Married=Yes (79% vs 59%),3.1988,Cluster 1,0.5419,Clear - automate,3.1988,6.9832,7.2397
462102,39,4.0,1.0,Low,Female,No,Yes,Doctor,Cat_6,Cluster 2,2,Work Experience high (z=+1.58); Age low (z=-0.33); Family Size low (z=-0.27),3.5872,Cluster 0,0.0412,Borderline - blend or hold back,3.7412,7.015,3.5872
462103,49,9.0,2.0,High,Female,Yes,No,Entertainment,Cat_6,Cluster 2,2,Work Experience high (z=+1.58); Age low (z=-0.33); Family Size low (z=-0.27),2.0978,Cluster 0,0.7361,Clear - automate,7.9483,10.848,2.0978
462108,33,,2.0,Average,Female,Yes,Yes,Homemaker,Cat_6,Cluster 0,0,Age high (z=+0.61); Work Experience low (z=-0.53); Ever Married=Yes (79% vs 59%),3.056,Cluster 1,0.3546,Moderate - standard outreach,3.056,4.7349,5.9579
462109,79,0.0,1.0,Low,Male,Yes,No,Lawyer,Cat_6,Cluster 0,0,Age high (z=+0.61); Work Experience low (z=-0.53); Ever Married=Yes (79% vs 59%),4.1612,Cluster 1,0.7107,Clear - automate,4.1612,14.3844,14.86
462111,38,6.0,4.0,Average,Male,Yes,Yes,Artist,Cat_6,Cluster 2,2,Work Experience high (z=+1.58); Age low (z=-0.33); Family Size low (z=-0.27),2.4571,Cluster 1,0.422,Moderate - standard outreach,5.0484,4.2513,2.4571
462114,21,1.0,4.0,Low,Male,No,No,Healthcare,Cat_6,Cluster 1,1,Family Size high (z=+0.93); Age low (z=-0.77); Ever Married=Yes (31% vs 59%),0.3895,Cluster 0,0.9423,Clear - automate,6.75,0.3895,8.8303
462116,68,0.0,2.0,Average,Female,Yes,Yes,Doctor,Cat_6,Cluster 0,0,Age high (z=+0.61); Work Experience low (z=-0.53); Ever Married=Yes (79% vs 59%),2.399,Cluster 1,0.7604,Clear - automate,2.399,10.013,10.6165
462118,31,0.0,3.0,Low,Male,No,Yes,Artist,Cat_6,Cluster 1,1,Family Size high (z=+0.93); Age low (z=-0.77); Ever Married=Yes (31% vs 59%),1.8355,Cluster 0,0.3193,Moderate - standard outreach,2.6965,1.8355,7.4662
462120,46,1.0,3.0,Low,Male,Yes,No,Artist,Cat_3,Cluster 0,0,Age high (z=+0.61); Work Experience low (z=-0.53); Ever Married=Yes (79% vs 59%),1.4641,Cluster 1,0.5221,Clear - automate,1.4641,3.0635,6.623
462128,35,9.0,2.0,Average,Male,Yes,Yes,Artist,Cat_6,Cluster 2,2,Work Experience high (z=+1.58); Age low (z=-0.33); Family Size low (z=-0.27),1.1793,Cluster 0,0.8454,Clear - automate,7.6271,9.676,1.1793
462131,42,8.0,3.0,Low,Female,No,Yes,Artist,Cat_2,Cluster 2,2,Work Experience high (z=+1.58); Age low (z=-0.33); Family Size low (z=-0.27),1.1831,Cluster 0,0.8244,Clear - automate,6.7363,7.2565,1.1831
462134,87,0.0,1.0,Low,Male,Yes,No,Lawyer,,Cluster 0,0,Age high (z=+0.61); Work Experience low (z=-0.53); Ever Married=Yes (79% vs 59%),6.4249,Cluster 1,0.6429,Clear - automate,6.4249,17.9914,18.0365
462141,38,8.0,1.0,Low,Female,No,Yes,Artist,Cat_6,Cluster 2,2,Work Experience high (z=+1.58); Age low (z=-0.33); Family Size low (z=-0.27),1.4449,Cluster 0,0.7936,Clear - automate,7.002,10.375,1.4449
462149,88,2.0,1.0,High,Female,Yes,No,Lawyer,Cat_6,Cluster 0,0,Age high (z=+0.61); Work Experience low (z=-0.53); Ever Married=Yes (79% vs 59%),7.2006,Cluster 2,0.5288,Clear - automate,7.2006,18.8185,15.2818
462151,42,9.0,1.0,Low,Female,No,Yes,Artist,Cat_6,Cluster 2,2,Work Experience high (z=+1.58); Age low (z=-0.33); Family Size low (z=-0.27),1.5464,Cluster 0,0.806,Clear - automate,7.9693,11.9557,1.5464
462163,26,4.0,2.0,Average,Female,Yes,Yes,Artist,Cat_3,Cluster 2,2,Work Experience high (z=+1.58); Age low (z=-0.33); Family Size low (z=-0.27),3.2764,Cluster 0,0.3626,Moderate - standard outreach,5.1399,5.9687,3.2764
462168,35,0.0,3.0,High,Male,Yes,Yes,Executive,Cat_6,Cluster 0,0,Age high (z=+0.61); Work Experience low (z=-0.53); Ever Married=Yes (79% vs 59%),2.5922,Cluster 1,0.107,Borderline - blend or hold back,2.5922,2.9029,7.8183
462171,41,3.0,2.0,High,Female,Yes,No,Engineer,Cat_6,Cluster 0,0,Age high (z=+0.61); Work Experience low (z=-0.53); Ever Married=Yes (79% vs 59%),2.9677,Cluster 2,0.2828,Moderate - standard outreach,2.9677,4.8734,4.1379
462172,37,1.0,2.0,Average,Male,Yes,Yes,Doctor,Cat_1,Cluster 0,0,Age high (z=+0.61); Work Experience low (z=-0.53); Ever Married=Yes (79% vs 59%),2.5111,Cluster 1,0.4835,Clear - automate,2.5111,4.8617,6.8695
462174,41,8.0,4.0,Average,Female,Yes,Yes,Engineer,Cat_4,Cluster 2,2,Work Experience high (z=+1.58); Age low (z=-0.33); Family Size low (z=-0.27),2.5326,Cluster 1,0.663,Clear - automate,8.4261,7.5162,2.5326
462177,35,6.0,5.0,Low,Male,No,,Artist,Cat_2,Cluster 1,1,Family Size high (z=+0.93); Age low (z=-0.77); Ever Married=Yes (31% vs 59%),3.8202,Cluster 2,0.2686,Moderate - standard outreach,8.3833,3.8202,5.2235
462179,33,0.0,9.0,Low,Female,No,Yes,Marketing,Cat_7,Cluster 1,1,Family Size high (z=+0.93); Age low (z=-0.77); Ever Married=Yes (31% vs 59%),11.7588,Cluster 0,0.4966,Clear - automate,23.3573,11.7588,25.9977
462180,61,2.0,4.0,Average,Female,Yes,Yes,Engineer,Cat_2,Cluster 0,0,Age high (z=+0.61); Work Experience low (z=-0.53); Ever Married=Yes (79% vs 59%),3.6859,Cluster 1,0.4315,Moderate - standard outreach,3.6859,6.4836,8.0077
462186,19,1.0,3.0,Low,Female,No,No,Doctor,Cat_1,Cluster 1,1,Family Size high (z=+0.93); Age low (z=-0.77); Ever Married=Yes (31% vs 59%),2.7094,Cluster 0,0.6207,Clear - automate,7.1435,2.7094,8.2218
462187,50,4.0,1.0,Low,Female,No,Yes,Artist,Cat_6,Cluster 0,0,Age high (z=+0.61); Work Experience low (z=-0.53); Ever Married=Yes (79% vs 59%),2.5193,Cluster 2,0.3041,Moderate - standard outreach,2.5193,8.1402,3.6204
462188,48,0.0,4.0,Average,Female,Yes,No,Engineer,Cat_4,Cluster 1,1,Family Size high (z=+0.93); Age low (z=-0.77); Ever Married=Yes (31% vs 59%),3.7825,Cluster 0,0.0663,Borderline - blend or hold back,4.0512,3.7825,9.5343
462196,57,1.0,3.0,Average,Male,Yes,No,Marketing,Cat_4,Cluster 0,0,Age high (z=+0.61); Work Experience low (z=-0.53); Ever Married=Yes (79% vs 59%),2.3144,Cluster 1,0.5601,Clear - automate,2.3144,5.2609,8.7284
462197,72,1.0,3.0,Average,Female,Yes,No,Engineer,Cat_4,Cluster 0,0,Age high (z=+0.61); Work Experience low (z=-0.53); Ever Married=Yes (79% vs 59%),4.0593,Cluster 1,0.5738,Clear - automate,4.0593,9.5245,11.1847
462198,39,4.0,,Low,Female,No,No,Engineer,Cat_3,Cluster 1,1,Family Size high (z=+0.93); Age low (z=-0.77); Ever Married=Yes (31% vs 59%),3.1211,Cluster 2,0.1711,Borderline - blend or hold back,4.3717,3.1211,3.7652
462200,49,0.0,3.0,Low,Female,Yes,Yes,Doctor,Cat_4,Cluster 0,0,Age high (z=+0.61); Work Experience low (z=-0.53); Ever Married=Yes (79% vs 59%),1.9134,Cluster 1,0.5818,Clear - automate,1.9134,4.5748,7.7368
462202,41,0.0,4.0,Low,Female,No,Yes,Entertainment,Cat_4,Cluster 1,1,Family Size high (z=+0.93); Age low (z=-0.77); Ever Married=Yes (31% vs 59%),2.5665,Cluster 0,0.3601,Moderate - standard outreach,4.0105,2.5665,8.695
462203,65,2.0,7.0,High,Male,Yes,No,Executive,Cat_4,Cluster 1,1,Family Size high (z=+0.93); Age low (z=-0.77); Ever Married=Yes (31% vs 59%),9.6082,Cluster 0,0.2267,Moderate - standard outreach,12.4255,9.6082,17.525
462204,22,0.0,3.0,Low,Female,No,No,Marketing,Cat_4,Cluster 1,1,Family Size high (z=+0.93); Age low (z=-0.77); Ever Married=Yes (31% vs 59%),2.6187,Cluster 0,0.5966,Clear - automate,6.4909,2.6187,9.2338
462205,23,0.0,4.0,Low,Female,No,No,Healthcare,Cat_4,Cluster 1,1,Family Size high (z=+0.93); Age low (z=-0.77); Ever Married=Yes (31% vs 59%),1.3972,Cluster 0,0.8103,Clear - automate,7.3637,1.3972,9.9944
462209,41,0.0,1.0,Low,Female,Yes,No,Artist,Cat_4,Cluster 0,0,Age high (z=+0.61); Work Experience low (z=-0.53); Ever Married=Yes (79% vs 59%),2.7781,Cluster 1,0.6099,Clear - automate,2.7781,7.1207,8.1413
462210,42,0.0,3.0,Low,Female,Yes,Yes,Engineer,Cat_4,Cluster 0,0,Age high (z=+0.61); Work Experience low (z=-0.53); Ever Married=Yes (79% vs 59%),2.3207,Cluster 1,0.3904,Moderate - standard outreach,2.3207,3.8068,7.3455
462211,18,0.0,3.0,Low,Male,No,No,Healthcare,Cat_4,Cluster 1,1,Family Size high (z=+0.93); Age low (z=-0.77); Ever Married=Yes (31% vs 59%),1.9378,Cluster 0,0.7224,Clear - automate,6.9816,1.9378,10.2681
462214,49,1.0,2.0,Low,Male,Yes,No,Doctor,Cat_4,Cluster 0,0,Age high (z=+0.61); Work Experience low (z=-0.53); Ever Married=Yes (79% vs 59%),1.5899,Cluster 1,0.6792,Clear - automate,1.5899,4.9554,7.3174
462216,40,0.0,2.0,Low,Female,Yes,No,Doctor,Cat_4,Cluster 0,0,Age high (z=+0.61); Work Experience low (z=-0.53); Ever Married=Yes (79% vs 59%),2.7598,Cluster 1,0.4093,Moderate - standard outreach,2.7598,4.6723,7.7827
462218,50,1.0,5.0,Average,Male,Yes,No,Executive,Cat_4,Cluster 1,1,Family Size high (z=+0.93); Age low (z=-0.77); Ever Married=Yes (31% vs 59%),3.6139,Cluster 0,0.3267,Moderate - standard outreach,5.3672,3.6139,10.53
462220,19,6.0,3.0,Low,Female,No,No,Healthcare,Cat_4,Cluster 2,2,Work Experience high (z=+1.58); Age low (z=-0.33); Family Size low (z=-0.27),3.9195,Cluster 1,0.0728,Borderline - blend or hold back,9.4523,4.2271,3.9195
462222,22,0.0,6.0,Low,Male,No,No,Healthcare,Cat_4,Cluster 1,1,Family Size high (z=+0.93); Age low (z=-0.77); Ever Married=Yes (31% vs 59%),2.2111,Cluster 0,0.8137,Clear - automate,11.8699,2.2111,14.934
462229,23,1.0,8.0,Low,Male,No,No,,Cat_4,Cluster 1,1,Family Size high (z=+0.93); Age low (z=-0.77); Ever Married=Yes (31% vs 59%),7.196,Cluster 0,0.636,Clear - automate,19.7696,7.196,21.1731
462231,27,4.0,6.0,Low,Male,No,Yes,Artist,Cat_4,Cluster 1,1,Family Size high (z=+0.93); Age low (z=-0.77); Ever Married=Yes (31% vs 59%),3.5115,Cluster 2,0.6059,Clear - automate,10.5637,3.5115,8.9093
462232,55,0.0,8.0,High,Male,Yes,No,Executive,Cat_4,Cluster 1,1,Family Size high (z=+0.93); Age low (z=-0.77); Ever Married=Yes (31% vs 59%),10.2989,Cluster 0,0.3736,Moderate - standard outreach,16.4411,10.2989,22.8179
462234,32,1.0,6.0,Average,Male,Yes,No,,Cat_4,Cluster 1,1,Family Size high (z=+0.93); Age low (z=-0.77); Ever Married=Yes (31% vs 59%),3.296,Cluster 0,0.6648,Clear - automate,9.834,3.296,12.7168
462238,57,,2.0,Low,Male,Yes,No,Entertainment,Cat_3,Cluster 0,0,Age high (z=+0.61); Work Experience low (z=-0.53); Ever Married=Yes (79% vs 59%),1.5702,Cluster 1,0.7499,Clear - automate,1.5702,6.279,8.2105
462240,80,0.0,2.0,High,Male,Yes,No,Lawyer,Cat_6,Cluster 0,0,Age high (z=+0.61); Work Experience low (z=-0.53); Ever Married=Yes (79% vs 59%),4.242,Cluster 1,0.6704,Clear - automate,4.242,12.8709,14.8287
462243,43,0.0,4.0,Low,Male,Yes,No,Executive,Cat_6,Cluster 1,1,Family Size high (z=+0.93); Age low (z=-0.77); Ever Married=Yes (31% vs 59%),1.7339,Cluster 0,0.3899,Moderate - standard outreach,2.8421,1.7339,8.7548
462246,79,1.0,2.0,High,Female,Yes,No,Lawyer,Cat_6,Cluster 0,0,Age high (z=+0.61); Work Experience low (z=-0.53); Ever Married=Yes (79% vs 59%),4.4683,Cluster 2,0.6459,Clear - automate,4.4683,12.8711,12.6186
462249,25,1.0,3.0,Low,Male,No,No,Entertainment,Cat_6,Cluster 1,1,Family Size high (z=+0.93); Age low (z=-0.77); Ever Married=Yes (31% vs 59%),1.3199,Cluster 0,0.7219,Clear - automate,4.7466,1.3199,7.5095
462256,58,0.0,4.0,Average,Female,Yes,Yes,Homemaker,Cat_6,Cluster 0,0,Age high (z=+0.61); Work Experience low (z=-0.53); Ever Married=Yes (79% vs 59%),3.0266,Cluster 1,0.4433,Moderate - standard outreach,3.0266,5.437,9.6506
462257,78,,2.0,High,Female,Yes,Yes,Lawyer,Cat_6,Cluster 0,0,Age high (z=+0.61); Work Experience low (z=-0.53); Ever Married=Yes (79% vs 59%),3.7813,Cluster 2,0.68,Clear - automate,3.7813,13.0161,11.8175
462260,76,1.0,2.0,Low,Male,Yes,Yes,Lawyer,Cat_6,Cluster 0,0,Age high (z=+0.61); Work Experience low (z=-0.53); Ever Married=Yes (79% vs 59%),2.4295,Cluster 2,0.7838,Clear - automate,2.4295,11.3285,11.2375
462262,27,1.0,3.0,Low,Male,No,No,Healthcare,,Cluster 1,1,Family Size high (z=+0.93); Age low (z=-0.77); Ever Married=Yes (31% vs 59%),1.2496,Cluster 0,0.7418,Clear - automate,4.8404,1.2496,7.8315
462274,47,1.0,3.0,Average,Male,Yes,Yes,Artist,Cat_6,Cluster 0,0,Age high (z=+0.61); Work Experience low (z=-0.53); Ever Married=Yes (79% vs 59%),0.9133,Cluster 1,0.7519,Clear - automate,0.9133,3.6807,6.1863
462275,43,1.0,2.0,Average,Male,Yes,Yes,Artist,Cat_6,Cluster 0,0,Age high (z=+0.61); Work Experience low (z=-0.53); Ever Married=Yes (79% vs 59%),0.9168,Cluster 1,0.808,Clear - automate,0.9168,4.7748,5.9597
462278,31,1.0,4.0,Low,Male,No,Yes,Healthcare,Cat_6,Cluster 1,1,Family Size high (z=+0.93); Age low (z=-0.77); Ever Married=Yes (31% vs 59%),0.5377,Cluster 0,0.8726,Clear - automate,4.2191,0.5377,7.4403
462279,27,0.0,7.0,Low,Male,No,No,Healthcare,Cat_6,Cluster 1,1,Family Size high (z=+0.93); Age low (z=-0.77); Ever Married=Yes (31% vs 59%),3.3924,Cluster 0,0.7572,Clear - automate,13.9739,3.3924,17.3822
462280,31,0.0,4.0,Low,Male,No,Yes,Healthcare,Cat_6,Cluster 1,1,Family Size high (z=+0.93); Age low (z=-0.77); Ever Married=Yes (31% vs 59%),0.6752,Cluster 0,0.8429,Clear - automate,4.2984,0.6752,8.8419
462281,46,1.0,2.0,Low,Male,Yes,Yes,Artist,Cat_6,Cluster 0,0,Age high (z=+0.61); Work Experience low (z=-0.53); Ever Married=Yes (79% vs 59%),0.2199,Cluster 1,0.952,Clear - automate,0.2199,4.5816,5.6051
462284,48,1.0,4.0,Average,Male,Yes,Yes,Executive,Cat_6,Cluster 0,0,Age high (z=+0.61); Work Experience low (z=-0.53); Ever Married=Yes (79% vs 59%),2.4719,Cluster 1,0.214,Moderate - standard outreach,2.4719,3.145,7.6327
462285,51,,2.0,Low,Male,Yes,Yes,Doctor,,Cluster 0,0,Age high (z=+0.61); Work Experience low (z=-0.53); Ever Married=Yes (79% vs 59%),1.0404,Cluster 1,0.8188,Clear - automate,1.0404,5.7417,6.9961
462286,57,0.0,2.0,Average,Male,Yes,No,Doctor,Cat_6,Cluster 0,0,Age high (z=+0.61); Work Experience low (z=-0.53); Ever Married=Yes (79% vs 59%),1.6495,Cluster 1,0.7429,Clear - automate,1.6495,6.4165,9.612
462290,30,0.0,1.0,Low,Female,No,Yes,Doctor,Cat_6,Cluster 0,0,Age high (z=+0.61); Work Experience low (z=-0.53); Ever Married=Yes (79% vs 59%),4.2356,Cluster 1,0.3203,Moderate - standard outreach,4.2356,6.2312,8.3437
462291,37,,3.0,Low,Female,No,Yes,Marketing,Cat_6,Cluster 1,1,Family Size high (z=+0.93); Age low (z=-0.77); Ever Married=Yes (31% vs 59%),2.3436,Cluster 0,0.1494,Borderline - blend or hold back,2.7553,2.3436,5.8874
462297,31,14.0,2.0,Low,Female,No,Yes,Artist,Cat_6,Cluster 2,2,Work Experience high (z=+1.58); Age low (z=-0.33); Family Size low (z=-0.27),3.739,Cluster 0,0.7952,Clear - automate,18.2545,18.3405,3.739
462300,49,1.0,3.0,Average,Male,Yes,Yes,Artist,Cat_6,Cluster 0,0,Age high (z=+0.61); Work Experience low (z=-0.53); Ever Married=Yes (79% vs 59%),0.8341,Cluster 1,0.7882,Clear - automate,0.8341,3.9373,6.3353
462304,56,1.0,4.0,Low,Male,Yes,Yes,Artist,Cat_4,Cluster 0,0,Age high (z=+0.61); Work Experience low (z=-0.53); Ever Married=Yes (79% vs 59%),1.8927,Cluster 1,0.5707,Clear - automate,1.8927,4.4091,7.9664
462306,83,8.0,2.0,High,Male,Yes,No,Lawyer,Cat_6,Cluster 0,0,Age high (z=+0.61); Work Experience low (z=-0.53); Ever Married=Yes (79% vs 59%),9.2856,Cluster 2,0.0364,Borderline - blend or hold back,9.2856,17.9524,9.6366
462309,32,,1.0,Low,Male,No,Yes,Healthcare,Cat_6,Cluster 0,0,Age high (z=+0.61); Work Experience low (z=-0.53); Ever Married=Yes (79% vs 59%),3.3244,Cluster 1,0.3478,Moderate - standard outreach,3.3244,5.0976,7.3385
462310,63,5.0,4.0,Average,Male,Yes,Yes,Artist,Cat_6,Cluster 0,0,Age high (z=+0.61); Work Experience low (z=-0.53); Ever Married=Yes (79% vs 59%),3.7,Cluster 2,0.2997,Moderate - standard outreach,3.7,7.1588,5.2833
462323,71,1.0,2.0,Average,Female,Yes,Yes,Doctor,Cat_6,Cluster 0,0,Age high (z=+0.61); Work Experience low (z=-0.53); Ever Married=Yes (79% vs 59%),2.6801,Cluster 2,0.7298,Clear - automate,2.6801,10.7396,9.9177
462336,50,0.0,4.0,Low,Male,Yes,No,Artist,Cat_6,Cluster 0,0,Age high (z=+0.61); Work Experience low (z=-0.53); Ever Married=Yes (79% vs 59%),1.9868,Cluster 1,0.2221,Moderate - standard outreach,1.9868,2.5539,8.6981
462339,31,4.0,5.0,Low,Male,No,Yes,Artist,Cat_6,Cluster 1,1,Family Size high (z=+0.93); Age low (z=-0.77); Ever Married=Yes (31% vs 59%),1.9047,Cluster 2,0.6569,Clear - automate,6.523,1.9047,5.5513
462340,60,0.0,6.0,Average,Male,Yes,No,Entertainment,Cat_6,Cluster 1,1,Family Size high (z=+0.93); Age low (z=-0.77); Ever Married=Yes (31% vs 59%),6.1097,Cluster 0,0.2254,Moderate - standard outreach,7.8879,6.1097,15.2877
462342,71,8.0,2.0,High,Female,Yes,Yes,Lawyer,Cat_6,Cluster 2,2,Work Experience high (z=+1.58); Age low (z=-0.33); Family Size low (z=-0.27),5.1569,Cluster 0,0.2813,Moderate - standard outreach,7.175,14.8269,5.1569
462345,49,0.0,6.0,Average,Male,Yes,Yes,Doctor,Cat_4,Cluster 1,1,Family Size high (z=+0.93); Age low (z=-0.77); Ever Married=Yes (31% vs 59%),5.1671,Cluster 0,0.3369,Moderate - standard outreach,7.7924,5.1671,13.9371
462346,74,9.0,1.0,Low,Male,Yes,Yes,Lawyer,Cat_6,Cluster 2,2,Work Experience high (z=+1.58); Age low (z=-0.33); Family Size low (z=-0.27),6.8076,Cluster 0,0.2065,Moderate - standard outreach,8.5795,18.4391,6.8076
462349,51,1.0,6.0,Average,Male,Yes,Yes,Artist,Cat_6,Cluster 1,1,Family Size high (z=+0.93); Age low (z=-0.77); Ever Married=Yes (31% vs 59%),4.8159,Cluster 0,0.2773,Moderate - standard outreach,6.6636,4.8159,11.7142
462355,61,0.0,,Low,Male,Yes,No,Entertainment,Cat_6,Cluster 0,0,Age high (z=+0.61); Work Experience low (z=-0.53); Ever Married=Yes (79% vs 59%),1.5622,Cluster 1,0.7018,Clear - automate,1.5622,5.2385,9.7548
462356,46,0.0,3.0,Low,Male,No,Yes,Engineer,Cat_6,Cluster 0,0,Age high (z=+0.61); Work Experience low (z=-0.53); Ever Married=Yes (79% vs 59%),1.5433,Cluster 1,0.4286,Moderate - standard outreach,1.5433,2.7011,8.0245
462358,39,2.0,2.0,Average,Male,Yes,No,Doctor,Cat_6,Cluster 0,0,Age high (z=+0.61); Work Experience low (z=-0.53); Ever Married=Yes (79% vs 59%),2.3844,Cluster 1,0.4058,Moderate - standard outreach,2.3844,4.0125,5.6486
462365,85,1.0,2.0,High,Male,Yes,Yes,Lawyer,Cat_6,Cluster 0,0,Age high (z=+0.61); Work Experience low (z=-0.53); Ever Married=Yes (79% vs 59%),4.7465,Cluster 2,0.6745,Clear - automate,4.7465,15.1567,14.5814
462368,31,1.0,2.0,Average,Female,Yes,Yes,Artist,Cat_6,Cluster 0,0,Age high (z=+0.61); Work Experience low (z=-0.53); Ever Married=Yes (79% vs 59%),2.873,Cluster 1,0.3908,Moderate - standard outreach,2.873,4.7161,5.5468
462370,39,4.0,3.0,High,Male,Yes,Yes,Executive,Cat_6,Cluster 0,0,Age high (z=+0.61); Work Experience low (z=-0.53); Ever Married=Yes (79% vs 59%),2.8717,Cluster 2,0.1205,Borderline - blend or hold back,2.8717,3.6211,3.2652
462381,48,1.0,2.0,High,Female,Yes,No,Doctor,Cat_6,Cluster 0,0,Age high (z=+0.61); Work Experience low (z=-0.53); Ever Married=Yes (79% vs 59%),2.1258,Cluster 1,0.6007,Clear - automate,2.1258,5.3233,6.7392
462382,71,0.0,2.0,High,Male,Yes,Yes,Lawyer,Cat_6,Cluster 0,0,Age high (z=+0.61); Work Experience low (z=-0.53); Ever Married=Yes (79% vs 59%),2.2594,Cluster 1,0.7823,Clear - automate,2.2594,10.3771,11.8192
462384,31,,1.0,Low,Female,No,Yes,Healthcare,Cat_7,Cluster 0,0,Age high (z=+0.61); Work Experience low (z=-0.53); Ever Married=Yes (79% vs 59%),4.4866,Cluster 1,0.2635,Moderate - standard outreach,4.4866,6.0919,7.3866
462386,32,0.0,5.0,Low,Female,No,Yes,Healthcare,Cat_6,Cluster 1,1,Family Size high (z=+0.93); Age low (z=-0.77); Ever Married=Yes (31% vs 59%),1.3783,Cluster 0,0.791,Clear - automate,6.5958,1.3783,10.0272
462389,55,0.0,1.0,Low,Female,Yes,No,Engineer,Cat_6,Cluster 0,0,Age high (z=+0.61); Work Experience low (z=-0.53); Ever Married=Yes (79% vs 59%),2.2235,Cluster 1,0.7358,Clear - automate,2.2235,8.4168,9.184
462395,46,0.0,2.0,High,Male,Yes,Yes,Artist,Cat_6,Cluster 0,0,Age high (z=+0.61); Work Experience low (z=-0.53); Ever Married=Yes (79% vs 59%),0.7992,Cluster 1,0.8469,Clear - automate,0.7992,5.2191,7.5066
462396,53,,2.0,Average,Male,Yes,Yes,Doctor,Cat_6,Cluster 0,0,Age high (z=+0.61); Work Experience low (z=-0.53); Ever Married=Yes (79% vs 59%),1.0206,Cluster 1,0.8315,Clear - automate,1.0206,6.0577,7.2045
462397,50,0.0,4.0,Average,Male,Yes,Yes,Artist,Cat_6,Cluster 0,0,Age high (z=+0.61); Work Experience low (z=-0.53); Ever Married=Yes (79% vs 59%),1.9868,Cluster 1,0.441,Moderate - standard outreach,1.9868,3.5539,8.6981
462400,45,1.0,1.0,Low,Male,No,Yes,Artist,Cat_6,Cluster 0,0,Age high (z=+0.61); Work Experience low (z=-0.53); Ever Married=Yes (79% vs 59%),1.3917,Cluster 1,0.7808,Clear - automate,1.3917,6.3477,6.889
462401,33,1.0,2.0,Average,Male,Yes,No,Executive,Cat_4,Cluster 0,0,Age high (z=+0.61); Work Experience low (z=-0.53); Ever Married=Yes (79% vs 59%),3.556,Cluster 1,0.1603,Borderline - blend or hold back,3.556,4.2349,7.4579
462409,29,5.0,2.0,Low,Female,Yes,No,Engineer,Cat_6,Cluster 2,2,Work Experience high (z=+1.58); Age low (z=-0.33); Family Size low (z=-0.27),2.3627,Cluster 1,0.5256,Clear - automate,5.2062,4.9805,2.3627
462411,35,8.0,1.0,Low,Male,No,Yes,Artist,Cat_6,Cluster 2,2,Work Experience high (z=+1.58); Age low (z=-0.33); Family Size low (z=-0.27),1.9779,Cluster 0,0.7124,Clear - automate,6.8772,9.7465,1.9779
462415,25,1.0,1.0,Low,Male,No,No,Doctor,Cat_6,Cluster 0,0,Age high (z=+0.61); Work Experience low (z=-0.53); Ever Married=Yes (79% vs 59%),5.116,Cluster 1,0.0188,Borderline - blend or hold back,5.116,5.2138,8.3314
462420,26,0.0,3.0,Low,Male,No,Yes,Healthcare,Cat_6,Cluster 1,1,Family Size high (z=+0.93); Age low (z=-0.77); Ever Married=Yes (31% vs 59%),1.4186,Cluster 0,0.6556,Clear - automate,4.1191,1.4186,8.3183
462421,48,1.0,2.0,Low,Male,No,Yes,Artist,Cat_6,Cluster 0,0,Age high (z=+0.61); Work Experience low (z=-0.53); Ever Married=Yes (79% vs 59%),0.6258,Cluster 1,0.8552,Clear - automate,0.6258,4.3233,6.2392
462423,66,0.0,3.0,High,Male,Yes,No,Lawyer,Cat_6,Cluster 0,0,Age high (z=+0.61); Work Experience low (z=-0.53); Ever Married=Yes (79% vs 59%),2.44,Cluster 1,0.6492,Clear - automate,2.44,6.9559,11.2031
462424,38,0.0,3.0,Low,Female,Yes,No,Artist,Cat_6,Cluster 0,0,Age high (z=+0.61); Work Experience low (z=-0.53); Ever Married=Yes (79% vs 59%),2.2169,Cluster 1,0.1242,Borderline - blend or hold back,2.2169,2.5314,6.7854
462428,65,2.0,3.0,Average,Male,Yes,Yes,Entertainment,Cat_6,Cluster 0,0,Age high (z=+0.61); Work Experience low (z=-0.53); Ever Married=Yes (79% vs 59%),1.8713,Cluster 1,0.7365,Clear - automate,1.8713,7.1029,7.8758
462429,87,1.0,1.0,Low,Male,Yes,No,Lawyer,Cat_6,Cluster 0,0,Age high (z=+0.61); Work Experience low (z=-0.53); Ever Married=Yes (79% vs 59%),5.8456,Cluster 2,0.6377,Clear - automate,5.8456,17.3539,16.135
462445,20,1.0,3.0,Low,Male,No,No,Healthcare,Cat_6,Cluster 1,1,Family Size high (z=+0.93); Age low (z=-0.77); Ever Married=Yes (31% vs 59%),1.1259,Cluster 0,0.8089,Clear - automate,5.8921,1.1259,8.0845
462446,19,0.0,4.0,Low,Male,No,No,Healthcare,Cat_6,Cluster 1,1,Family Size high (z=+0.93); Age low (z=-0.77); Ever Married=Yes (31% vs 59%),0.6866,Cluster 0,0.9063,Clear - automate,7.3247,0.6866,10.499
462447,22,9.0,4.0,Low,Male,No,No,Healthcare,Cat_6,Cluster 2,2,Work Experience high (z=+1.58); Age low (z=-0.33); Family Size low (z=-0.27),3.9883,Cluster 1,0.3019,Moderate - standard outreach,12.3719,5.7135,3.9883
462450,18,0.0,,Low,Male,No,No,Healthcare,Cat_6,Cluster 1,1,Family Size high (z=+0.93); Age low (z=-0.77); Ever Married=Yes (31% vs 59%),1.4378,Cluster 0,0.7782,Clear - automate,6.4816,1.4378,9.7681
462451,18,1.0,9.0,Low,Male,No,No,Marketing,Cat_6,Cluster 1,1,Family Size high (z=+0.93); Age low (z=-0.77); Ever Married=Yes (31% vs 59%),10.7048,Cluster 0,0.5864,Clear - automate,25.8801,10.7048,26.4869
462452,19,0.0,,Low,Male,No,No,Healthcare,Cat_4,Cluster 1,1,Family Size high (z=+0.93); Age low (z=-0.77); Ever Married=Yes (31% vs 59%),1.8469,Cluster 0,0.7253,Clear - automate,6.7228,1.8469,10.1234
462454,19,1.0,3.0,Low,Male,No,No,Healthcare,Cat_2,Cluster 1,1,Family Size high (z=+0.93); Age low (z=-0.77); Ever Married=Yes (31% vs 59%),1.7094,Cluster 0,0.7427,Clear - automate,6.6435,1.7094,8.7218
462456,22,0.0,8.0,Low,Male,No,No,Healthcare,Cat_6,Cluster 1,1,Family Size high (z=+0.93); Age low (z=-0.77); Ever Married=Yes (31% vs 59%),6.3948,Cluster 0,0.6734,Clear - automate,19.578,6.3948,22.1896
462457,31,4.0,4.0,Low,Male,No,No,Healthcare,Cat_6,Cluster 1,1,Family Size high (z=+0.93); Age low (z=-0.77); Ever Married=Yes (31% vs 59%),0.7073,Cluster 2,0.8532,Clear - automate,5.5634,0.7073,4.8179
462463,63,0.0,2.0,Average,Male,Yes,No,Artist,Cat_6,Cluster 0,0,Age high (z=+0.61); Work Experience low (z=-0.53); Ever Married=Yes (79% vs 59%),1.4469,Cluster 1,0.8126,Clear - automate,1.4469,7.7213,10.0939
462472,43,1.0,1.0,Low,Male,No,Yes,Artist,Cat_6,Cluster 0,0,Age high (z=+0.61); Work Experience low (z=-0.53); Ever Married=Yes (79% vs 59%),1.5304,Cluster 1,0.7512,Clear - automate,1.5304,6.1506,6.7995
462473,73,0.0,,Low,Male,No,No,Engineer,Cat_4,Cluster 0,0,Age high (z=+0.61); Work Experience low (z=-0.53); Ever Married=Yes (79% vs 59%),3.781,Cluster 1,0.5537,Clear - automate,3.781,8.4723,13.3428
462485,39,0.0,2.0,Low,Female,Yes,No,Engineer,Cat_6,Cluster 0,0,Age high (z=+0.61); Work Experience low (z=-0.53); Ever Married=Yes (79% vs 59%),2.3626,Cluster 1,0.4248,Moderate - standard outreach,2.3626,4.1072,7.2713
462488,31,1.0,5.0,Low,Male,No,Yes,Healthcare,Cat_6,Cluster 1,1,Family Size high (z=+0.93); Age low (z=-0.77); Ever Married=Yes (31% vs 59%),0.7351,Cluster 0,0.881,Clear - automate,6.1788,0.7351,9.1738
462491,31,0.0,5.0,Low,Male,No,Yes,Artist,Cat_6,Cluster 1,1,Family Size high (z=+0.93); Age low (z=-0.77); Ever Married=Yes (31% vs 59%),1.3727,Cluster 0,0.7616,Clear - automate,5.758,1.3727,10.0753
462492,43,0.0,4.0,Average,Male,Yes,No,Artist,Cat_2,Cluster 1,1,Family Size high (z=+0.93); Age low (z=-0.77); Ever Married=Yes (31% vs 59%),2.7339,Cluster 0,0.182,Borderline - blend or hold back,3.3421,2.7339,9.2548
462496,52,0.0,3.0,Average,Male,Yes,No,Artist,Cat_6,Cluster 0,0,Age high (z=+0.61); Work Experience low (z=-0.53); Ever Married=Yes (79% vs 59%),1.3502,Cluster 1,0.6637,Clear - automate,1.3502,4.0154,8.516
462498,63,0.0,3.0,Average,Female,Yes,Yes,Doctor,Cat_6,Cluster 0,0,Age high (z=+0.61); Work Experience low (z=-0.53); Ever Married=Yes (79% vs 59%),2.191,Cluster 1,0.6958,Clear - automate,2.191,7.2032,9.6118
462503,51,1.0,4.0,High,Male,Yes,Yes,Executive,Cat_6,Cluster 0,0,Age high (z=+0.61); Work Experience low (z=-0.53); Ever Married=Yes (79% vs 59%),2.3865,Cluster 1,0.3303,Moderate - standard outreach,2.3865,3.5633,7.8896
462508,35,1.0,7.0,Low,Male,Yes,Yes,Healthcare,Cat_4,Cluster 1,1,Family Size high (z=+0.93); Age low (z=-0.77); Ever Married=Yes (31% vs 59%),4.7706,Cluster 0,0.6047,Clear - automate,12.0671,4.7706,15.0659
462512,32,,2.0,Average,Female,Yes,No,Entertainment,Cat_4,Cluster 0,0,Age high (z=+0.61); Work Experience low (z=-0.53); Ever Married=Yes (79% vs 59%),4.2108,Cluster 1,0.1082,Borderline - blend or hold back,4.2108,4.7218,6.9986
462517,39,9.0,4.0,High,Female,Yes,Yes,Homemaker,Cat_6,Cluster 2,2,Work Experience high (z=+1.58); Age low (z=-0.33); Family Size low (z=-0.27),2.0438,Cluster 1,0.7503,Clear - automate,9.4878,8.1838,2.0438
462518,25,1.0,6.0,Low,Female,No,No,Healthcare,Cat_5,Cluster 1,1,Family Size high (z=+0.93); Age low (z=-0.77); Ever Married=Yes (31% vs 59%),2.4123,Cluster 0,0.7925,Clear - automate,11.6256,2.4123,12.7098
462519,20,0.0,5.0,Low,Male,No,No,Healthcare,Cat_4,Cluster 1,1,Family Size high (z=+0.93); Age low (z=-0.77); Ever Married=Yes (31% vs 59%),1.3005,Cluster 0,0.8636,Clear - automate,9.533,1.3005,12.5951
462521,33,9.0,1.0,Low,Female,No,No,Homemaker,Cat_6,Cluster 2,2,Work Experience high (z=+1.58); Age low (z=-0.33); Family Size low (z=-0.27),2.5783,Cluster 0,0.7429,Clear - automate,10.028,11.0033,2.5783
462522,36,0.0,5.0,Average,Male,Yes,No,Executive,Cat_4,Cluster 1,1,Family Size high (z=+0.93); Age low (z=-0.77); Ever Married=Yes (31% vs 59%),2.4754,Cluster 0,0.6204,Clear - automate,6.5212,2.4754,11.409
462524,35,,2.0,Low,Female,Yes,Yes,Doctor,Cat_6,Cluster 0,0,Age high (z=+0.61); Work Experience low (z=-0.53); Ever Married=Yes (79% vs 59%),2.2687,Cluster 1,0.4703,Clear - automate,2.2687,4.2834,5.3988
462525,42,1.0,2.0,Average,Female,Yes,Yes,Artist,Cat_6,Cluster 0,0,Age high (z=+0.61); Work Experience low (z=-0.53); Ever Married=Yes (79% vs 59%),1.4973,Cluster 1,0.7114,Clear - automate,1.4973,5.1873,5.426
462526,52,2.0,5.0,Average,Female,Yes,Yes,Artist,Cat_6,Cluster 0,0,Age high (z=+0.61); Work Experience low (z=-0.53); Ever Married=Yes (79% vs 59%),4.4336,Cluster 1,0.0054,Borderline - blend or hold back,4.4336,4.4579,7.5024
462529,42,1.0,2.0,Low,Female,Yes,Yes,Engineer,Cat_6,Cluster 0,0,Age high (z=+0.61); Work Experience low (z=-0.53); Ever Married=Yes (79% vs 59%),1.4973,Cluster 1,0.6806,Clear - automate,1.4973,4.6873,5.426
462531,57,,2.0,High,Female,Yes,No,Homemaker,Cat_6,Cluster 0,0,Age high (z=+0.61); Work Experience low (z=-0.53); Ever Married=Yes (79% vs 59%),2.0702,Cluster 1,0.6946,Clear - automate,2.0702,6.779,7.7105
462533,30,1.0,3.0,Low,Female,No,Yes,Entertainment,Cat_6,Cluster 1,1,Family Size high (z=+0.93); Age low (z=-0.77); Ever Married=Yes (31% vs 59%),2.1998,Cluster 0,0.4191,Moderate - standard outreach,3.7868,2.1998,6.1202
462538,73,1.0,2.0,High,Female,Yes,Yes,Lawyer,Cat_6,Cluster 0,0,Age high (z=+0.61); Work Experience low (z=-0.53); Ever Married=Yes (79% vs 59%),2.9576,Cluster 2,0.7163,Clear - automate,2.9576,11.3529,10.4233
462541,66,3.0,2.0,High,Male,Yes,Yes,Engineer,Cat_6,Cluster 0,0,Age high (z=+0.61); Work Experience low (z=-0.53); Ever Married=Yes (79% vs 59%),1.999,Cluster 2,0.7153,Clear - automate,1.999,9.1025,7.0216
462542,62,9.0,5.0,Average,Female,Yes,Yes,Artist,Cat_2,Cluster 2,2,Work Experience high (z=+1.58); Age low (z=-0.33); Family Size low (z=-0.27),5.9176,Cluster 0,0.4603,Clear - automate,10.9636,12.2594,5.9176
462543,36,4.0,1.0,Low,Female,Yes,Yes,Artist,Cat_3,Cluster 2,2,Work Experience high (z=+1.58); Age low (z=-0.33); Family Size low (z=-0.27),3.0978,Cluster 0,0.1381,Borderline - blend or hold back,3.5941,7.8642,3.0978
462545,33,0.0,3.0,Low,Male,No,No,Engineer,Cat_4,Cluster 1,1,Family Size high (z=+0.93); Age low (z=-0.77); Ever Married=Yes (31% vs 59%),1.8543,Cluster 0,0.522,Clear - automate,3.8795,1.8543,8.8774
462554,28,0.0,8.0,Low,Male,No,No,Healthcare,Cat_4,Cluster 1,1,Family Size high (z=+0.93); Age low (z=-0.77); Ever Married=Yes (31% vs 59%),6.6391,Cluster 0,0.6471,Clear - automate,18.8149,6.6391,22.1111
462561,48,3.0,2.0,Average,Female,Yes,Yes,Artist,Cat_6,Cluster 0,0,Age high (z=+0.61); Work Experience low (z=-0.53); Ever Married=Yes (79% vs 59%),1.5083,Cluster 2,0.5662,Clear - automate,1.5083,6.0894,3.4772
462563,53,1.0,2.0,Average,Female,Yes,Yes,Artist,Cat_6,Cluster 0,0,Age high (z=+0.61); Work Experience low (z=-0.53); Ever Married=Yes (79% vs 59%),1.0206,Cluster 2,0.8355,Clear - automate,1.0206,6.5577,6.2045
462566,27,1.0,,Low,Female,Yes,No,Doctor,Cat_3,Cluster 1,1,Family Size high (z=+0.93); Age low (z=-0.77); Ever Married=Yes (31% vs 59%),2.7496,Cluster 0,0.432,Moderate - standard outreach,4.8404,2.7496,6.8315
462577,71,0.0,2.0,High,Female,Yes,No,Marketing,Cat_4,Cluster 0,0,Age high (z=+0.61); Work Experience low (z=-0.53); Ever Married=Yes (79% vs 59%),3.7594,Cluster 1,0.6544,Clear - automate,3.7594,10.8771,12.3192
462578,35,9.0,2.0,Average,Male,Yes,Yes,Artist,Cat_4,Cluster 2,2,Work Experience high (z=+1.58); Age low (z=-0.33); Family Size low (z=-0.27),1.6793,Cluster 0,0.7934,Clear - automate,8.1271,10.176,1.6793
462580,41,0.0,1.0,Low,Female,No,Yes,Artist,Cat_4,Cluster 0,0,Age high (z=+0.61); Work Experience low (z=-0.53); Ever Married=Yes (79% vs 59%),2.7781,Cluster 1,0.6099,Clear - automate,2.7781,7.1207,8.1413
462584,39,0.0,4.0,Low,Female,Yes,No,Entertainment,Cat_4,Cluster 1,1,Family Size high (z=+0.93); Age low (z=-0.77); Ever Married=Yes (31% vs 59%),2.4288,Cluster 0,0.4229,Moderate - standard outreach,4.2087,2.4288,8.6649
462587,79,1.0,2.0,High,Female,Yes,No,Lawyer,Cat_4,Cluster 0,0,Age high (z=+0.61); Work Experience low (z=-0.53); Ever Married=Yes (79% vs 59%),4.9683,Cluster 2,0.6213,Clear - automate,4.9683,13.3711,13.1186
462589,29,9.0,8.0,Low,Female,No,No,Engineer,Cat_4,Cluster 1,1,Family Size high (z=+0.93); Age low (z=-0.77); Ever Married=Yes (31% vs 59%),12.8775,Cluster 2,0.1649,Borderline - blend or hold back,24.9095,12.8775,15.4196
462595,33,7.0,7.0,Low,Female,No,Yes,Artist,Cat_4,Cluster 1,1,Family Size high (z=+0.93); Age low (z=-0.77); Ever Married=Yes (31% vs 59%),8.1844,Cluster 2,0.1818,Borderline - blend or hold back,16.1661,8.1844,10.0033
462596,31,0.0,,Low,Female,No,No,Healthcare,Cat_4,Cluster 1,1,Family Size high (z=+0.93); Age low (z=-0.77); Ever Married=Yes (31% vs 59%),1.8355,Cluster 0,0.6092,Clear - automate,4.6965,1.8355,8.4662
462600,25,4.0,3.0,Average,Male,Yes,No,Engineer,Cat_4,Cluster 1,1,Family Size high (z=+0.93); Age low (z=-0.77); Ever Married=Yes (31% vs 59%),3.4895,Cluster 2,0.286,Moderate - standard outreach,6.0908,3.4895,4.887
462607,43,2.0,3.0,Average,Female,,No,Engineer,Cat_4,Cluster 0,0,Age high (z=+0.61); Work Experience low (z=-0.53); Ever Married=Yes (79% vs 59%),3.762,Cluster 1,0.0099,Borderline - blend or hold back,3.762,3.7995,6.2564
462609,52,4.0,1.0,Low,Female,Yes,No,Doctor,Cat_4,Cluster 0,0,Age high (z=+0.61); Work Experience low (z=-0.53); Ever Married=Yes (79% vs 59%),3.4847,Cluster 2,0.2761,Moderate - standard outreach,3.4847,8.9414,4.8139
462611,41,0.0,7.0,High,Male,Yes,No,Executive,Cat_4,Cluster 1,1,Family Size high (z=+0.93); Age low (z=-0.77); Ever Married=Yes (31% vs 59%),5.7321,Cluster 0,0.5401,Clear - automate,12.4628,5.7321,17.4685
462612,27,,6.0,High,Female,Yes,No,Doctor,Cat_4,Cluster 1,1,Family Size high (z=+0.93); Age low (z=-0.77); Ever Married=Yes (31% vs 59%),3.8419,Cluster 0,0.6576,Clear - automate,11.2194,3.8419,12.5318
462613,39,1.0,5.0,Average,Female,Yes,No,Engineer,Cat_4,Cluster 1,1,Family Size high (z=+0.93); Age low (z=-0.77); Ever Married=Yes (31% vs 59%),2.9887,Cluster 0,0.5464,Clear - automate,6.589,2.9887,9.4968
462615,32,3.0,7.0,Low,Male,No,No,Doctor,Cat_4,Cluster 1,1,Family Size high (z=+0.93); Age low (z=-0.77); Ever Married=Yes (31% vs 59%),4.475,Cluster 0,0.6779,Clear - automate,13.8916,4.475,13.9037
462617,19,1.0,5.0,Low,Male,No,No,Healthcare,Cat_4,Cluster 1,1,Family Size high (z=+0.93); Age low (z=-0.77); Ever Married=Yes (31% vs 59%),1.2465,Cluster 0,0.8716,Clear - automate,9.7051,1.2465,11.3309
462619,58,1.0,,High,Male,,No,,Cat_4,Cluster 0,0,Age high (z=+0.61); Work Experience low (z=-0.53); Ever Married=Yes (79% vs 59%),2.8454,Cluster 1,0.4788,Clear - automate,2.8454,5.4598,9.3734
462625,30,1.0,3.0,Low,Male,No,Yes,Artist,Cat_4,Cluster 1,1,Family Size high (z=+0.93); Age low (z=-0.77); Ever Married=Yes (31% vs 59%),2.1998,Cluster 0,0.3307,Moderate - standard outreach,3.2868,2.1998,6.6202
462626,31,0.0,6.0,Low,Female,No,Yes,Engineer,Cat_4,Cluster 1,1,Family Size high (z=+0.93); Age low (z=-0.77); Ever Married=Yes (31% vs 59%),3.4279,Cluster 0,0.6598,Clear - automate,10.0755,3.4279,13.1665
462632,43,,4.0,Average,Female,Yes,No,Engineer,Cat_4,Cluster 1,1,Family Size high (z=+0.93); Age low (z=-0.77); Ever Married=Yes (31% vs 59%),3.0964,Cluster 0,0.2736,Moderate - standard outreach,4.2628,3.0964,7.8532
462637,63,,6.0,Average,Female,Yes,No,Marketing,Cat_4,Cluster 1,1,Family Size high (z=+0.93); Age low (z=-0.77); Ever Married=Yes (31% vs 59%),7.658,Cluster 0,0.1482,Borderline - blend or hold back,8.9907,7.658,14.4105
462643,37,,3.0,Average,Female,Yes,Yes,Engineer,Cat_4,Cluster 0,0,Age high (z=+0.61); Work Experience low (z=-0.53); Ever Married=Yes (79% vs 59%),3.2553,Cluster 1,0.1531,Borderline - blend or hold back,3.2553,3.8436,6.3874
462654,37,0.0,6.0,Average,Male,Yes,No,Artist,Cat_4,Cluster 1,1,Family Size high (z=+0.93); Age low (z=-0.77); Ever Married=Yes (31% vs 59%),3.5734,Cluster 0,0.5899,Clear - automate,8.7136,3.5734,13.4892
462658,31,9.0,2.0,Average,Female,Yes,Yes,Homemaker,,Cluster 2,2,Work Experience high (z=+1.58); Age low (z=-0.33); Family Size low (z=-0.27),1.8272,Cluster 0,0.8122,Clear - automate,9.7315,10.6087,1.8272
462668,38,4.0,1.0,Low,Female,No,Yes,Artist,Cat_6,Cluster 2,2,Work Experience high (z=+1.58); Age low (z=-0.33); Family Size low (z=-0.27),3.0833,Cluster 0,0.08,Borderline - blend or hold back,3.3514,6.9573,3.0833
462669,41,,6.0,High,Female,Yes,Yes,Entertainment,Cat_6,Cluster 1,1,Family Size high (z=+0.93); Age low (z=-0.77); Ever Married=Yes (31% vs 59%),4.1816,Cluster 0,0.4906,Clear - automate,8.2083,4.1816,11.118
462678,45,3.0,3.0,Average,Female,Yes,Yes,Artist,Cat_6,Cluster 0,0,Age high (z=+0.61); Work Experience low (z=-0.53); Ever Married=Yes (79% vs 59%),1.9047,Cluster 2,0.4237,Moderate - standard outreach,1.9047,4.2199,3.3051
462680,35,,4.0,Average,Male,Yes,Yes,Doctor,Cat_6,Cluster 1,1,Family Size high (z=+0.93); Age low (z=-0.77); Ever Married=Yes (31% vs 59%),2.105,Cluster 0,0.4177,Moderate - standard outreach,3.6148,2.105,7.2924
462683,43,1.0,5.0,Low,Female,Yes,No,Engineer,Cat_1,Cluster 1,1,Family Size high (z=+0.93); Age low (z=-0.77); Ever Married=Yes (31% vs 59%),2.7938,Cluster 0,0.5118,Clear - automate,5.7225,2.7938,9.0866
462685,33,,3.0,Low,Female,No,No,Healthcare,Cat_4,Cluster 1,1,Family Size high (z=+0.93); Age low (z=-0.77); Ever Married=Yes (31% vs 59%),1.7168,Cluster 0,0.6008,Clear - automate,4.3002,1.7168,6.9758
462687,26,14.0,3.0,Low,Male,No,No,Homemaker,Cat_3,Cluster 2,2,Work Experience high (z=+1.58); Age low (z=-0.33); Family Size low (z=-0.27),6.109,Cluster 1,0.6276,Clear - automate,20.4212,16.4055,6.109
462692,39,,2.0,Average,Female,Yes,No,Artist,Cat_6,Cluster 0,0,Age high (z=+0.61); Work Experience low (z=-0.53); Ever Married=Yes (79% vs 59%),2.2833,Cluster 1,0.4892,Clear - automate,2.2833,4.4696,5.8698
462696,49,1.0,2.0,High,Male,Yes,No,Artist,Cat_6,Cluster 0,0,Age high (z=+0.61); Work Experience low (z=-0.53); Ever Married=Yes (79% vs 59%),1.0899,Cluster 1,0.7801,Clear - automate,1.0899,4.9554,6.8174
462697,47,0.0,2.0,Average,Male,,No,,Cat_6,Cluster 0,0,Age high (z=+0.61); Work Experience low (z=-0.53); Ever Married=Yes (79% vs 59%),2.2484,Cluster 1,0.5351,Clear - automate,2.2484,4.8363,9.0699
462702,53,1.0,4.0,Average,Male,Yes,No,Entertainment,Cat_4,Cluster 0,0,Age high (z=+0.61); Work Experience low (z=-0.53); Ever Married=Yes (79% vs 59%),3.3667,Cluster 1,0.1321,Borderline - blend or hold back,3.3667,3.8793,9.098
462704,52,5.0,5.0,High,Male,Yes,Yes,Executive,Cat_6,Cluster 1,1,Family Size high (z=+0.93); Age low (z=-0.77); Ever Married=Yes (31% vs 59%),5.1685,Cluster 0,0.1118,Borderline - blend or hold back,5.8189,5.1685,5.9209
462705,66,0.0,2.0,Average,Female,Yes,No,Lawyer,Cat_6,Cluster 0,0,Age high (z=+0.61); Work Experience low (z=-0.53); Ever Married=Yes (79% vs 59%),2.6958,Cluster 1,0.6996,Clear - automate,2.6958,8.974,10.6852
462716,26,6.0,2.0,Low,Male,No,No,Entertainment,Cat_4,Cluster 2,2,Work Experience high (z=+1.58); Age low (z=-0.33); Family Size low (z=-0.27),3.5965,Cluster 1,0.3236,Moderate - standard outreach,7.1045,5.3168,3.5965
462720,38,,5.0,Low,Male,Yes,Yes,Marketing,Cat_6,Cluster 1,1,Family Size high (z=+0.93); Age low (z=-0.77); Ever Married=Yes (31% vs 59%),1.931,Cluster 0,0.5891,Clear - automate,4.6992,1.931,8.4929
462722,25,,4.0,Low,Female,No,No,Homemaker,Cat_6,Cluster 1,1,Family Size high (z=+0.93); Age low (z=-0.77); Ever Married=Yes (31% vs 59%),1.1596,Cluster 0,0.8173,Clear - automate,6.3485,1.1596,7.8852
462723,53,8.0,2.0,Average,Female,Yes,No,Artist,Cat_6,Cluster 2,2,Work Experience high (z=+1.58); Age low (z=-0.33); Family Size low (z=-0.27),1.9436,Cluster 0,0.6769,Clear - automate,6.0155,10.145,1.9436
462727,87,0.0,2.0,High,Female,Yes,No,Lawyer,Cat_6,Cluster 0,0,Age high (z=+0.61); Work Experience low (z=-0.53); Ever Married=Yes (79% vs 59%),6.3113,Cluster 1,0.6084,Clear - automate,6.3113,16.1156,16.6966
462729,28,1.0,2.0,Low,Male,No,No,Healthcare,Cat_6,Cluster 1,1,Family Size high (z=+0.93); Age low (z=-0.77); Ever Married=Yes (31% vs 59%),2.2436,Cluster 0,0.4253,Moderate - standard outreach,3.9043,2.2436,7.2357
462731,37,7.0,3.0,High,Female,Yes,Yes,Artist,Cat_6,Cluster 2,2,Work Experience high (z=+1.58); Age low (z=-0.33); Family Size low (z=-0.27),0.7656,Cluster 0,0.8625,Clear - automate,5.567,6.3059,0.7656
462732,42,,1.0,Low,Female,Yes,Yes,Artist,Cat_6,Cluster 0,0,Age high (z=+0.61); Work Experience low (z=-0.53); Ever Married=Yes (79% vs 59%),1.6109,Cluster 2,0.7206,Clear - automate,1.6109,7.0632,5.7659
462735,25,1.0,2.0,Average,Female,Yes,No,Artist,Cat_1,Cluster 1,1,Family Size high (z=+0.93); Age low (z=-0.77); Ever Married=Yes (31% vs 59%),4.838,Cluster 0,0.0329,Borderline - blend or hold back,5.0024,4.838,6.9916
462736,33,6.0,3.0,Low,Female,Yes,No,Engineer,Cat_6,Cluster 2,2,Work Experience high (z=+1.58); Age low (z=-0.33); Family Size low (z=-0.27),1.6735,Cluster 1,0.6048,Clear - automate,5.609,4.2345,1.6735
462738,33,,3.0,Low,Female,No,Yes,Healthcare,Cat_2,Cluster 1,1,Family Size high (z=+0.93); Age low (z=-0.77); Ever Married=Yes (31% vs 59%),2.2168,Cluster 0,0.4167,Moderate - standard outreach,3.8002,2.2168,6.4758
462739,46,1.0,2.0,Low,Male,Yes,Yes,Artist,Cat_6,Cluster 0,0,Age high (z=+0.61); Work Experience low (z=-0.53); Ever Married=Yes (79% vs 59%),0.2199,Cluster 1,0.952,Clear - automate,0.2199,4.5816,5.6051
462743,33,2.0,4.0,Low,Male,No,No,Healthcare,Cat_3,Cluster 1,1,Family Size high (z=+0.93); Age low (z=-0.77); Ever Married=Yes (31% vs 59%),0.5993,Cluster 0,0.8802,Clear - automate,5.0031,0.5993,7.1303
462746,26,1.0,3.0,Low,Male,No,No,Entertainment,Cat_6,Cluster 1,1,Family Size high (z=+0.93); Age low (z=-0.77); Ever Married=Yes (31% vs 59%),1.281,Cluster 0,0.7178,Clear - automate,4.5398,1.281,7.4168
462747,32,6.0,4.0,Low,Male,No,No,Doctor,Cat_6,Cluster 1,1,Family Size high (z=+0.93); Age low (z=-0.77); Ever Married=Yes (31% vs 59%),2.5611,Cluster 2,0.2866,Moderate - standard outreach,6.8657,2.5611,3.5898
462752,25,,1.0,Low,Female,No,No,Healthcare,Cat_6,Cluster 1,1,Family Size high (z=+0.93); Age low (z=-0.77); Ever Married=Yes (31% vs 59%),5.2138,Cluster 0,0.0716,Borderline - blend or hold back,5.616,5.2138,7.8314
462755,18,1.0,,Low,Female,No,No,Healthcare,Cat_6,Cluster 1,1,Family Size high (z=+0.93); Age low (z=-0.77); Ever Married=Yes (31% vs 59%),1.8003,Cluster 0,0.7392,Clear - automate,6.9023,1.8003,7.8666
462756,22,0.0,4.0,Low,Female,No,No,Engineer,Cat_6,Cluster 1,1,Family Size high (z=+0.93); Age low (z=-0.77); Ever Married=Yes (31% vs 59%),1.4584,Cluster 0,0.7944,Clear - automate,7.0928,1.4584,9.6094
462761,19,2.0,4.0,Low,Male,No,No,Healthcare,Cat_6,Cluster 1,1,Family Size high (z=+0.93); Age low (z=-0.77); Ever Married=Yes (31% vs 59%),0.5919,Cluster 0,0.9194,Clear - automate,7.3465,0.5919,7.8763
462762,46,0.0,4.0,High,Male,Yes,Yes,Artist,Cat_6,Cluster 0,0,Age high (z=+0.61); Work Experience low (z=-0.53); Ever Married=Yes (79% vs 59%),2.1453,Cluster 1,0.2945,Moderate - standard outreach,2.1453,3.0407,8.4002
462767,19,4.0,4.0,Low,Male,No,No,Healthcare,Cat_6,Cluster 1,1,Family Size high (z=+0.93); Age low (z=-0.77); Ever Married=Yes (31% vs 59%),1.2186,Cluster 2,0.796,Clear - automate,8.0897,1.2186,5.975
462768,45,0.0,3.0,Average,Male,Yes,Yes,Artist,Cat_6,Cluster 0,0,Age high (z=+0.61); Work Experience low (z=-0.53); Ever Married=Yes (79% vs 59%),1.1015,Cluster 1,0.6933,Clear - automate,1.1015,3.5913,7.4686
462776,52,1.0,3.0,Average,Female,Yes,Yes,Engineer,Cat_6,Cluster 0,0,Age high (z=+0.61); Work Experience low (z=-0.53); Ever Married=Yes (79% vs 59%),1.771,Cluster 1,0.6369,Clear - automate,1.771,4.8779,6.6144
462785,42,,5.0,Average,Female,Yes,Yes,Engineer,Cat_3,Cluster 1,1,Family Size high (z=+0.93); Age low (z=-0.77); Ever Married=Yes (31% vs 59%),3.7064,Cluster 0,0.3613,Moderate - standard outreach,5.803,3.7064,9.053
462788,47,1.0,3.0,Average,Male,Yes,No,Entertainment,Cat_3,Cluster 0,0,Age high (z=+0.61); Work Experience low (z=-0.53); Ever Married=Yes (79% vs 59%),2.4133,Cluster 1,0.3443,Moderate - standard outreach,2.4133,3.6807,7.6863
462792,45,,4.0,Average,Male,Yes,No,Homemaker,Cat_6,Cluster 1,1,Family Size high (z=+0.93); Age low (z=-0.77); Ever Married=Yes (31% vs 59%),2.2935,Cluster 0,0.2659,Moderate - standard outreach,3.1242,2.2935,7.9427
462799,32,,,Low,Male,No,No,Healthcare,Cat_5,Cluster 1,1,Family Size high (z=+0.93); Age low (z=-0.77); Ever Married=Yes (31% vs 59%),1.2037,Cluster 0,0.6956,Clear - automate,3.955,1.2037,7.5165
462804,41,5.0,3.0,High,Male,Yes,No,Executive,Cat_4,Cluster 2,2,Work Experience high (z=+1.58); Age low (z=-0.33); Family Size low (z=-0.27),3.6152,Cluster 0,0.1623,Borderline - blend or hold back,4.3157,4.3427,3.6152
462807,28,,1.0,Low,Female,No,Yes,Homemaker,Cat_6,Cluster 0,0,Age high (z=+0.61); Work Experience low (z=-0.53); Ever Married=Yes (79% vs 59%),4.5179,Cluster 1,0.2617,Moderate - standard outreach,4.5179,6.1194,7.0756
462810,37,9.0,4.0,High,Male,Yes,No,Executive,Cat_6,Cluster 2,2,Work Experience high (z=+1.58); Age low (z=-0.33); Family Size low (z=-0.27),3.0435,Cluster 1,0.5699,Clear - automate,9.7156,7.0759,3.0435
462814,20,8.0,2.0,Average,Female,Yes,No,Engineer,Cat_5,Cluster 2,2,Work Experience high (z=+1.58); Age low (z=-0.33); Family Size low (z=-0.27),3.3058,Cluster 1,0.6419,Clear - automate,11.1428,9.2312,3.3058
462817,73,3.0,1.0,Low,Female,Yes,Yes,Lawyer,Cat_6,Cluster 0,0,Age high (z=+0.61); Work Experience low (z=-0.53); Ever Married=Yes (79% vs 59%),3.4537,Cluster 2,0.5937,Clear - automate,3.4537,13.4947,8.5012
462819,51,0.0,3.0,Average,Male,Yes,Yes,Artist,Cat_6,Cluster 0,0,Age high (z=+0.61); Work Experience low (z=-0.53); Ever Married=Yes (79% vs 59%),0.8639,Cluster 1,0.8019,Clear - automate,0.8639,4.3611,7.9155
462823,18,,4.0,Average,Male,Yes,Yes,Engineer,Cat_6,Cluster 1,1,Family Size high (z=+0.93); Age low (z=-0.77); Ever Married=Yes (31% vs 59%),2.64,Cluster 0,0.6231,Clear - automate,7.0042,2.64,8.7422
462824,42,1.0,3.0,Average,Male,Yes,No,Engineer,Cat_4,Cluster 0,0,Age high (z=+0.61); Work Experience low (z=-0.53); Ever Married=Yes (79% vs 59%),2.7414,Cluster 1,0.135,Borderline - blend or hold back,2.7414,3.1693,7.444
462826,20,1.0,3.0,Low,Male,No,No,Healthcare,Cat_3,Cluster 1,1,Family Size high (z=+0.93); Age low (z=-0.77); Ever Married=Yes (31% vs 59%),1.6259,Cluster 0,0.7456,Clear - automate,6.3921,1.6259,8.5845
462827,23,0.0,3.0,Low,Female,No,No,Doctor,Cat_3,Cluster 1,1,Family Size high (z=+0.93); Age low (z=-0.77); Ever Married=Yes (31% vs 59%),2.5575,Cluster 0,0.5916,Clear - automate,6.2618,2.5575,9.1187
462834,31,2.0,2.0,Low,Male,Yes,Yes,Homemaker,Cat_1,Cluster 0,0,Age high (z=+0.61); Work Experience low (z=-0.53); Ever Married=Yes (79% vs 59%),2.9741,Cluster 1,0.3017,Moderate - standard outreach,2.9741,4.2589,5.3256
462838,33,1.0,3.0,Low,Female,Yes,Yes,Homemaker,Cat_5,Cluster 1,1,Family Size high (z=+0.93); Age low (z=-0.77); Ever Married=Yes (31% vs 59%),3.2168,Cluster 0,0.0253,Borderline - blend or hold back,3.3002,3.2168,5.9758
462841,21,9.0,6.0,Low,Male,No,No,Healthcare,Cat_6,Cluster 1,1,Family Size high (z=+0.93); Age low (z=-0.77); Ever Married=Yes (31% vs 59%),7.0348,Cluster 2,0.166,Borderline - blend or hold back,17.3856,7.0348,8.4354
462845,51,5.0,7.0,Average,Male,Yes,Yes,Doctor,Cat_6,Cluster 1,1,Family Size high (z=+0.93); Age low (z=-0.77); Ever Married=Yes (31% vs 59%),7.9824,Cluster 2,0.327,Moderate - standard outreach,12.3251,7.9824,11.8606
462849,47,0.0,4.0,Average,Male,Yes,Yes,Artist,Cat_6,Cluster 0,0,Age high (z=+0.61); Work Experience low (z=-0.53); Ever Married=Yes (79% vs 59%),2.0945,Cluster 1,0.3367,Moderate - standard outreach,2.0945,3.1579,8.4635
462850,20,0.0,4.0,Low,Male,No,No,Healthcare,Cat_6,Cluster 1,1,Family Size high (z=+0.93); Age low (z=-0.77); Ever Married=Yes (31% vs 59%),0.6031,Cluster 0,0.9147,Clear - automate,7.0733,0.6031,10.3617
462853,21,0.0,2.0,Low,Male,No,No,Healthcare,Cat_6,Cluster 1,1,Family Size high (z=+0.93); Age low (z=-0.77); Ever Married=Yes (31% vs 59%),2.7054,Cluster 0,0.5066,Clear - automate,5.4833,2.7054,9.3383
462854,22,1.0,3.0,Low,Male,No,No,Healthcare,Cat_6,Cluster 1,1,Family Size high (z=+0.93); Age low (z=-0.77); Ever Married=Yes (31% vs 59%),0.9812,Cluster 0,0.8187,Clear - automate,5.4116,0.9812,7.8322
462858,32,9.0,4.0,Low,Female,No,Yes,Engineer,Cat_6,Cluster 2,2,Work Experience high (z=+1.58); Age low (z=-0.33); Family Size low (z=-0.27),2.1727,Cluster 1,0.6868,Clear - automate,10.4153,6.936,2.1727
462861,30,8.0,1.0,Low,Female,No,Yes,Healthcare,Cat_6,Cluster 2,2,Work Experience high (z=+1.58); Age low (z=-0.33); Family Size low (z=-0.27),2.1813,Cluster 0,0.7479,Clear - automate,8.6512,9.6809,2.1813
462866,61,1.0,1.0,Low,Male,Yes,Yes,Doctor,Cat_6,Cluster 0,0,Age high (z=+0.61); Work Experience low (z=-0.53); Ever Married=Yes (79% vs 59%),1.3523,Cluster 2,0.8441,Clear - automate,1.3523,9.4949,8.6752
462868,43,0.0,4.0,Average,Male,Yes,No,Entertainment,Cat_4,Cluster 1,1,Family Size high (z=+0.93); Age low (z=-0.77); Ever Married=Yes (31% vs 59%),2.7339,Cluster 0,0.2884,Moderate - standard outreach,3.8421,2.7339,9.7548
462869,25,8.0,1.0,Low,Male,No,Yes,Doctor,Cat_6,Cluster 2,2,Work Experience high (z=+1.58); Age low (z=-0.33); Family Size low (z=-0.27),3.0706,Cluster 0,0.663,Clear - automate,9.1109,9.8011,3.0706
462871,46,0.0,3.0,Average,Male,Yes,No,Entertainment,Cat_6,Cluster 0,0,Age high (z=+0.61); Work Experience low (z=-0.53); Ever Married=Yes (79% vs 59%),2.0433,Cluster 1,0.3617,Moderate - standard outreach,2.0433,3.2011,8.5245
462872,53,12.0,2.0,Low,Female,Yes,No,Engineer,Cat_3,Cluster 2,2,Work Experience high (z=+1.58); Age low (z=-0.33); Family Size low (z=-0.27),3.6909,Cluster 0,0.7172,Clear - automate,13.0518,16.4484,3.6909
462874,55,0.0,2.0,High,Male,Yes,Yes,Doctor,Cat_6,Cluster 0,0,Age high (z=+0.61); Work Experience low (z=-0.53); Ever Married=Yes (79% vs 59%),1.1099,Cluster 1,0.8303,Clear - automate,1.1099,6.541,8.8441
462887,42,0.0,3.0,Low,Female,Yes,No,Engineer,Cat_6,Cluster 0,0,Age high (z=+0.61); Work Experience low (z=-0.53); Ever Married=Yes (79% vs 59%),2.3207,Cluster 1,0.1732,Borderline - blend or hold back,2.3207,2.8068,7.3455
462890,26,11.0,1.0,Low,Female,No,Yes,Marketing,Cat_6,Cluster 2,2,Work Experience high (z=+1.58); Age low (z=-0.33); Family Size low (z=-0.27),3.1428,Cluster 0,0.7761,Clear - automate,14.0358,14.7192,3.1428
462891,29,0.0,3.0,Low,Male,No,No,Healthcare,Cat_6,Cluster 1,1,Family Size high (z=+0.93); Age low (z=-0.77); Ever Married=Yes (31% vs 59%),0.8464,Cluster 0,0.7907,Clear - automate,4.0432,0.8464,8.5848
462894,39,4.0,4.0,Average,Male,Yes,Yes,Artist,Cat_3,Cluster 1,1,Family Size high (z=+0.93); Age low (z=-0.77); Ever Married=Yes (31% vs 59%),3.4608,Cluster 0,0.1291,Borderline - blend or hold back,3.9736,3.4608,4.1409
462900,38,1.0,3.0,Average,Male,Yes,Yes,Artist,Cat_6,Cluster 0,0,Age high (z=+0.61); Work Experience low (z=-0.53); Ever Married=Yes (79% vs 59%),1.6377,Cluster 1,0.4341,Moderate - standard outreach,1.6377,2.8939,5.8838
462903,69,,2.0,Average,Male,Yes,Yes,Entertainment,Cat_6,Cluster 0,0,Age high (z=+0.61); Work Experience low (z=-0.53); Ever Married=Yes (79% vs 59%),1.9324,Cluster 1,0.7999,Clear - automate,1.9324,9.6561,9.9418
462905,25,6.0,3.0,Low,Female,No,No,Artist,Cat_6,Cluster 2,2,Work Experience high (z=+1.58); Age low (z=-0.33); Family Size low (z=-0.27),2.2071,Cluster 1,0.4249,Moderate - standard outreach,7.0554,3.8377,2.2071
462914,26,4.0,4.0,Low,Female,No,Yes,Artist,Cat_6,Cluster 1,1,Family Size high (z=+0.93); Age low (z=-0.77); Ever Married=Yes (31% vs 59%),2.2903,Cluster 2,0.3759,Moderate - standard outreach,5.9859,2.2903,3.67
462920,51,0.0,5.0,High,Male,Yes,No,Executive,Cat_6,Cluster 1,1,Family Size high (z=+0.93); Age low (z=-0.77); Ever Married=Yes (31% vs 59%),3.3983,Cluster 0,0.3101,Moderate - standard outreach,4.9254,3.3983,11.5246
462923,30,8.0,2.0,Average,Male,Yes,No,Homemaker,Cat_6,Cluster 2,2,Work Experience high (z=+1.58); Age low (z=-0.33); Family Size low (z=-0.27),2.3415,Cluster 1,0.7,Clear - automate,8.0376,7.8051,2.3415
462925,28,,2.0,Average,Female,Yes,No,Homemaker,Cat_3,Cluster 1,1,Family Size high (z=+0.93); Age low (z=-0.77); Ever Married=Yes (31% vs 59%),4.7436,Cluster 0,0.0328,Borderline - blend or hold back,4.9043,4.7436,7.2357
462927,33,8.0,2.0,Low,Female,No,No,Homemaker,Cat_6,Cluster 2,2,Work Experience high (z=+1.58); Age low (z=-0.33); Family Size low (z=-0.27),1.6971,Cluster 1,0.7682,Clear - automate,8.0509,7.3222,1.6971
462936,41,,1.0,Low,Female,No,Yes,Engineer,Cat_6,Cluster 0,0,Age high (z=+0.61); Work Experience low (z=-0.53); Ever Married=Yes (79% vs 59%),2.6988,Cluster 1,0.5837,Clear - automate,2.6988,6.4832,6.7397
462941,71,,2.0,Low,Male,No,No,Lawyer,Cat_6,Cluster 0,0,Age high (z=+0.61); Work Experience low (z=-0.53); Ever Married=Yes (79% vs 59%),2.6801,Cluster 1,0.6933,Clear - automate,2.6801,8.7396,10.9177
462944,42,5.0,3.0,High,Male,Yes,Yes,Executive,Cat_6,Cluster 2,2,Work Experience high (z=+1.58); Age low (z=-0.33); Family Size low (z=-0.27),2.6414,Cluster 0,0.1817,Borderline - blend or hold back,3.2278,4.4227,2.6414
462951,71,2.0,1.0,Low,Male,Yes,Yes,Lawyer,Cat_6,Cluster 0,0,Age high (z=+0.61); Work Experience low (z=-0.53); Ever Married=Yes (79% vs 59%),2.3948,Cluster 2,0.7489,Clear - automate,2.3948,12.1583,9.5364
462956,35,6.0,5.0,Average,Male,Yes,No,Artist,Cat_6,Cluster 1,1,Family Size high (z=+0.93); Age low (z=-0.77); Ever Married=Yes (31% vs 59%),3.8202,Cluster 2,0.1912,Borderline - blend or hold back,7.8833,3.8202,4.7235
462958,28,0.0,5.0,Low,Male,No,No,Marketing,Cat_6,Cluster 1,1,Family Size high (z=+0.93); Age low (z=-0.77); Ever Married=Yes (31% vs 59%),0.9002,Cluster 0,0.8765,Clear - automate,7.2893,0.9002,11.2643
462963,31,1.0,2.0,Average,Male,Yes,Yes,Artist,Cat_3,Cluster 0,0,Age high (z=+0.61); Work Experience low (z=-0.53); Ever Married=Yes (79% vs 59%),2.873,Cluster 1,0.3908,Moderate - standard outreach,2.873,4.7161,6.5468
462966,43,2.0,3.0,Average,Male,Yes,Yes,Artist,Cat_6,Cluster 0,0,Age high (z=+0.61); Work Experience low (z=-0.53); Ever Married=Yes (79% vs 59%),1.262,Cluster 1,0.6175,Clear - automate,1.262,3.2995,4.7564
462968,77,0.0,2.0,High,Female,Yes,No,Lawyer,Cat_6,Cluster 0,0,Age high (z=+0.61); Work Experience low (z=-0.53); Ever Married=Yes (79% vs 59%),4.181,Cluster 1,0.6603,Clear - automate,4.181,12.3061,13.4253
462971,71,0.0,1.0,Low,Female,Yes,Yes,Engineer,Cat_6,Cluster 0,0,Age high (z=+0.61); Work Experience low (z=-0.53); Ever Married=Yes (79% vs 59%),2.873,Cluster 2,0.7536,Clear - automate,2.873,12.753,11.6591
462976,47,0.0,2.0,Average,Female,Yes,Yes,Engineer,Cat_6,Cluster 0,0,Age high (z=+0.61); Work Experience low (z=-0.53); Ever Married=Yes (79% vs 59%),1.7484,Cluster 1,0.7004,Clear - automate,1.7484,5.8363,7.5699
462981,26,9.0,1.0,Low,Female,No,No,Homemaker,Cat_6,Cluster 2,2,Work Experience high (z=+1.58); Age low (z=-0.33); Family Size low (z=-0.27),3.0192,Cluster 1,0.7272,Clear - automate,11.2676,11.0675,3.0192
462982,40,4.0,4.0,Average,Male,Yes,No,Doctor,Cat_6,Cluster 1,1,Family Size high (z=+0.93); Age low (z=-0.77); Ever Married=Yes (31% vs 59%),2.526,Cluster 0,0.4221,Moderate - standard outreach,4.3708,2.526,4.6522
462983,72,0.0,2.0,High,Female,Yes,Yes,Lawyer,Cat_6,Cluster 0,0,Age high (z=+0.61); Work Experience low (z=-0.53); Ever Married=Yes (79% vs 59%),2.8944,Cluster 1,0.7411,Clear - automate,2.8944,11.1801,11.5683
462984,73,1.0,2.0,High,Female,Yes,Yes,Artist,Cat_6,Cluster 0,0,Age high (z=+0.61); Work Experience low (z=-0.53); Ever Married=Yes (79% vs 59%),2.4576,Cluster 2,0.7523,Clear - automate,2.4576,11.3529,9.9233
462986,26,1.0,6.0,Low,Male,No,Yes,Healthcare,Cat_3,Cluster 1,1,Family Size high (z=+0.93); Age low (z=-0.77); Ever Married=Yes (31% vs 59%),2.3734,Cluster 0,0.7722,Clear - automate,10.4188,2.3734,12.617
462992,57,,3.0,High,Female,Yes,Yes,Engineer,Cat_3,Cluster 0,0,Age high (z=+0.61); Work Experience low (z=-0.53); Ever Married=Yes (79% vs 59%),2.3144,Cluster 1,0.6303,Clear - automate,2.3144,6.2609,7.7284
462993,30,,3.0,Average,Male,Yes,No,Artist,Cat_6,Cluster 1,1,Family Size high (z=+0.93); Age low (z=-0.77); Ever Married=Yes (31% vs 59%),2.1998,Cluster 0,0.3307,Moderate - standard outreach,3.2868,2.1998,6.6202
462994,36,,3.0,Average,Female,Yes,No,Artist,Cat_6,Cluster 1,1,Family Size high (z=+0.93); Age low (z=-0.77); Ever Married=Yes (31% vs 59%),2.8007,Cluster 0,0.0276,Borderline - blend or hold back,2.8804,2.8007,5.8983
462998,52,10.0,4.0,Average,Male,Yes,No,Entertainment,Cat_6,Cluster 2,2,Work Experience high (z=+1.58); Age low (z=-0.33); Family Size low (z=-0.27),3.9922,Cluster 1,0.6046,Clear - automate,10.2752,10.0959,3.9922
463003,42,3.0,2.0,Average,Male,Yes,Yes,Artist,Cat_6,Cluster 0,0,Age high (z=+0.61); Work Experience low (z=-0.53); Ever Married=Yes (79% vs 59%),1.3797,Cluster 2,0.6234,Clear - automate,1.3797,4.9534,3.664
463012,52,,1.0,Low,Male,Yes,No,Engineer,Cat_6,Cluster 0,0,Age high (z=+0.61); Work Experience low (z=-0.53); Ever Married=Yes (79% vs 59%),1.6404,Cluster 1,0.7744,Clear - automate,1.6404,7.2718,7.9364
463020,28,0.0,3.0,Average,Male,Yes,Yes,Artist,Cat_1,Cluster 1,1,Family Size high (z=+0.93); Age low (z=-0.77); Ever Married=Yes (31% vs 59%),3.3631,Cluster 0,0.0978,Borderline - blend or hold back,3.7277,3.3631,8.1552
463023,43,7.0,1.0,Low,Female,Yes,No,Homemaker,Cat_6,Cluster 2,2,Work Experience high (z=+1.58); Age low (z=-0.33); Family Size low (z=-0.27),2.1777,Cluster 0,0.6272,Clear - automate,5.8421,9.6129,2.1777
463024,43,,1.0,Low,Male,No,Yes,Artist,Cat_6,Cluster 0,0,Age high (z=+0.61); Work Experience low (z=-0.53); Ever Married=Yes (79% vs 59%),1.5304,Cluster 1,0.7512,Clear - automate,1.5304,6.1506,6.7995
463028,25,0.0,4.0,Low,Male,No,No,Doctor,Cat_6,Cluster 1,1,Family Size high (z=+0.93); Age low (z=-0.77); Ever Married=Yes (31% vs 59%),0.7971,Cluster 0,0.8655,Clear - automate,5.9278,0.7971,9.7867
463030,52,1.0,3.0,High,Male,Yes,Yes,Executive,Cat_6,Cluster 0,0,Age high (z=+0.61); Work Experience low (z=-0.53); Ever Married=Yes (79% vs 59%),1.271,Cluster 1,0.7097,Clear - automate,1.271,4.3779,7.1144
463034,28,9.0,1.0,Low,Female,No,Yes,Homemaker,Cat_6,Cluster 2,2,Work Experience high (z=+1.58); Age low (z=-0.33); Family Size low (z=-0.27),2.3561,Cluster 0,0.7729,Clear - automate,10.3763,11.512,2.3561
463037,56,0.0,4.0,Average,Male,Yes,Yes,Entertainment,Cat_6,Cluster 0,0,Age high (z=+0.61); Work Experience low (z=-0.53); Ever Married=Yes (79% vs 59%),2.472,Cluster 1,0.4563,Clear - automate,2.472,4.5466,9.8679
463039,38,12.0,7.0,High,Male,Yes,No,Executive,Cat_6,Cluster 2,2,Work Experience high (z=+1.58); Age low (z=-0.33); Family Size low (z=-0.27),12.0195,Cluster 1,0.2139,Moderate - standard outreach,23.223,15.2898,12.0195
463040,83,1.0,2.0,High,Male,Yes,No,Lawyer,Cat_6,Cluster 0,0,Age high (z=+0.61); Work Experience low (z=-0.53); Ever Married=Yes (79% vs 59%),4.7907,Cluster 1,0.6545,Clear - automate,4.7907,13.8651,14.3974
463044,82,,2.0,High,Male,Yes,Yes,Lawyer,Cat_6,Cluster 0,0,Age high (z=+0.61); Work Experience low (z=-0.53); Ever Married=Yes (79% vs 59%),4.074,Cluster 2,0.6997,Clear - automate,4.074,13.9804,13.5666
463047,32,8.0,,Low,Male,Yes,Yes,Homemaker,Cat_6,Cluster 2,2,Work Experience high (z=+1.58); Age low (z=-0.33); Family Size low (z=-0.27),1.2557,Cluster 1,0.8004,Clear - automate,6.9498,6.291,1.2557
463051,35,12.0,1.0,Low,Female,No,Yes,Homemaker,Cat_6,Cluster 2,2,Work Experience high (z=+1.58); Age low (z=-0.33); Family Size low (z=-0.27),3.2252,Cluster 0,0.7762,Clear - automate,14.4135,16.5499,3.2252
463052,40,0.0,2.0,Low,Male,Yes,Yes,Marketing,Cat_6,Cluster 0,0,Age high (z=+0.61); Work Experience low (z=-0.53); Ever Married=Yes (79% vs 59%),1.2598,Cluster 1,0.6981,Clear - automate,1.2598,4.1723,7.2827
463058,25,13.0,1.0,Low,Female,No,Yes,Homemaker,,Cluster 2,2,Work Experience high (z=+1.58); Age low (z=-0.33); Family Size low (z=-0.27),5.0806,Cluster 0,0.7288,Clear - automate,18.7321,19.1312,5.0806
463062,39,,3.0,Average,Female,Yes,Yes,Artist,Cat_6,Cluster 0,0,Age high (z=+0.61); Work Experience low (z=-0.53); Ever Married=Yes (79% vs 59%),2.0275,Cluster 1,0.4126,Moderate - standard outreach,2.0275,3.4516,5.3877
463069,25,7.0,1.0,Low,Male,No,Yes,Artist,Cat_6,Cluster 2,2,Work Experience high (z=+1.58); Age low (z=-0.33); Family Size low (z=-0.27),2.7097,Cluster 0,0.6352,Clear - automate,7.4277,8.6762,2.7097
463075,52,0.0,4.0,Low,Male,Yes,Yes,Artist,Cat_6,Cluster 0,0,Age high (z=+0.61); Work Experience low (z=-0.53); Ever Married=Yes (79% vs 59%),1.4522,Cluster 1,0.5672,Clear - automate,1.4522,3.3551,8.3916
463080,33,0.0,4.0,Low,Male,No,No,Artist,Cat_5,Cluster 1,1,Family Size high (z=+0.93); Age low (z=-0.77); Ever Married=Yes (31% vs 59%),1.194,Cluster 0,0.7336,Clear - automate,4.4814,1.194,9.253
463083,28,6.0,3.0,Low,Male,No,Yes,Artist,Cat_6,Cluster 2,2,Work Experience high (z=+1.58); Age low (z=-0.33); Family Size low (z=-0.27),1.9513,Cluster 1,0.4787,Clear - automate,5.4573,3.7433,1.9513
463085,43,0.0,1.0,Low,Female,No,Yes,Artist,Cat_6,Cluster 0,0,Age high (z=+0.61); Work Experience low (z=-0.53); Ever Married=Yes (79% vs 59%),2.1097,Cluster 1,0.6892,Clear - automate,2.1097,6.7881,7.701
463086,30,8.0,,Low,Male,No,Yes,Artist,Cat_5,Cluster 2,2,Work Experience high (z=+1.58); Age low (z=-0.33); Family Size low (z=-0.27),1.8594,Cluster 1,0.7042,Clear - automate,7.7817,6.287,1.8594
463088,84,1.0,2.0,High,Female,Yes,Yes,Lawyer,Cat_6,Cluster 0,0,Age high (z=+0.61); Work Experience low (z=-0.53); Ever Married=Yes (79% vs 59%),5.0149,Cluster 2,0.6349,Clear - automate,5.0149,15.2572,13.7357
463089,48,6.0,4.0,High,Male,Yes,Yes,Executive,Cat_6,Cluster 2,2,Work Experience high (z=+1.58); Age low (z=-0.33); Family Size low (z=-0.27),3.3304,Cluster 0,0.3034,Moderate - standard outreach,4.7807,5.1627,3.3304
463090,55,3.0,2.0,Average,Female,Yes,No,Engineer,Cat_6,Cluster 0,0,Age high (z=+0.61); Work Experience low (z=-0.53); Ever Married=Yes (79% vs 59%),2.4131,Cluster 2,0.5342,Clear - automate,2.4131,6.6695,5.1806
463091,37,8.0,1.0,Low,Female,Yes,Yes,Homemaker,Cat_6,Cluster 2,2,Work Experience high (z=+1.58); Age low (z=-0.33); Family Size low (z=-0.27),1.4485,Cluster 0,0.7966,Clear - automate,7.1196,10.8248,1.4485
463094,38,11.0,3.0,Average,Male,Yes,Yes,Engineer,Cat_6,Cluster 2,2,Work Experience high (z=+1.58); Age low (z=-0.33); Family Size low (z=-0.27),2.2879,Cluster 0,0.7969,Clear - automate,11.2642,11.4381,2.2879
463096,28,,3.0,Low,Female,No,Yes,Doctor,Cat_6,Cluster 1,1,Family Size high (z=+0.93); Age low (z=-0.77); Ever Married=Yes (31% vs 59%),2.2255,Cluster 0,0.4635,Clear - automate,4.1484,2.2255,6.2536
463099,86,,1.0,Low,Male,Yes,Yes,Lawyer,Cat_6,Cluster 0,0,Age high (z=+0.61); Work Experience low (z=-0.53); Ever Married=Yes (79% vs 59%),5.0991,Cluster 2,0.6662,Clear - automate,5.0991,17.4395,15.2744
463100,35,9.0,1.0,Low,Female,No,No,Homemaker,Cat_6,Cluster 2,2,Work Experience high (z=+1.58); Age low (z=-0.33); Family Size low (z=-0.27),2.5192,Cluster 0,0.7414,Clear - automate,9.7407,11.0518,2.5192
463102,35,0.0,2.0,Low,Male,No,No,Entertainment,Cat_6,Cluster 0,0,Age high (z=+0.61); Work Experience low (z=-0.53); Ever Married=Yes (79% vs 59%),2.848,Cluster 1,0.025,Borderline - blend or hold back,2.848,2.9209,8.3004
463104,46,0.0,1.0,Low,Female,Yes,No,Lawyer,Cat_6,Cluster 0,0,Age high (z=+0.61); Work Experience low (z=-0.53); Ever Married=Yes (79% vs 59%),2.4128,Cluster 1,0.6599,Clear - automate,2.4128,7.095,8.3465
463106,79,0.0,1.0,Low,Female,Yes,Yes,Lawyer,Cat_6,Cluster 0,0,Age high (z=+0.61); Work Experience low (z=-0.53); Ever Married=Yes (79% vs 59%),4.1612,Cluster 2,0.6998,Clear - automate,4.1612,15.3844,13.86
463108,63,5.0,2.0,High,Male,Yes,Yes,Lawyer,Cat_6,Cluster 0,0,Age high (z=+0.61); Work Experience low (z=-0.53); Ever Married=Yes (79% vs 59%),2.854,Cluster 2,0.4163,Moderate - standard outreach,2.854,9.3372,4.8898
463118,50,,3.0,High,Female,Yes,Yes,Doctor,Cat_6,Cluster 0,0,Age high (z=+0.61); Work Experience low (z=-0.53); Ever Married=Yes (79% vs 59%),1.8056,Cluster 1,0.6055,Clear - automate,1.8056,4.5767,6.4209
463120,35,0.0,1.0,Low,Female,No,Yes,Entertainment,Cat_6,Cluster 0,0,Age high (z=+0.61); Work Experience low (z=-0.53); Ever Married=Yes (79% vs 59%),3.4616,Cluster 1,0.4503,Clear - automate,3.4616,6.2968,8.1402
463129,65,,1.0,Low,Male,Yes,No,Doctor,Cat_6,Cluster 0,0,Age high (z=+0.61); Work Experience low (z=-0.53); Ever Married=Yes (79% vs 59%),2.1397,Cluster 2,0.7843,Clear - automate,2.1397,9.954,9.919
463133,50,0.0,4.0,Average,Male,Yes,No,Artist,Cat_6,Cluster 0,0,Age high (z=+0.61); Work Experience low (z=-0.53); Ever Married=Yes (79% vs 59%),2.4868,Cluster 1,0.1857,Borderline - blend or hold back,2.4868,3.0539,9.1981
463138,27,,,Low,Female,No,No,Homemaker,Cat_3,Cluster 1,1,Family Size high (z=+0.93); Age low (z=-0.77); Ever Married=Yes (31% vs 59%),2.2496,Cluster 0,0.5788,Clear - automate,5.3404,2.2496,7.3315
463144,45,0.0,3.0,High,Male,Yes,Yes,Executive,Cat_6,Cluster 0,0,Age high (z=+0.61); Work Experience low (z=-0.53); Ever Married=Yes (79% vs 59%),1.6015,Cluster 1,0.5541,Clear - automate,1.6015,3.5913,7.9686
463145,36,0.0,4.0,Low,Female,No,Yes,Homemaker,Cat_6,Cluster 1,1,Family Size high (z=+0.93); Age low (z=-0.77); Ever Married=Yes (31% vs 59%),1.778,Cluster 0,0.5622,Clear - automate,4.0616,1.778,8.1755
463146,43,11.0,2.0,Average,Male,Yes,No,Entertainment,Cat_6,Cluster 2,2,Work Experience high (z=+1.58); Age low (z=-0.33); Family Size low (z=-0.27),2.8638,Cluster 0,0.7407,Clear - automate,11.0433,12.819,2.8638
463148,62,1.0,5.0,High,Male,Yes,Yes,Marketing,Cat_6,Cluster 0,0,Age high (z=+0.61); Work Experience low (z=-0.53); Ever Married=Yes (79% vs 59%),4.6052,Cluster 1,0.215,Moderate - standard outreach,4.6052,5.8668,11.1371
463149,57,2.0,2.0,Average,Male,Yes,Yes,Artist,Cat_6,Cluster 0,0,Age high (z=+0.61); Work Experience low (z=-0.53); Ever Married=Yes (79% vs 59%),0.6713,Cluster 2,0.8879,Clear - automate,0.6713,6.8218,5.9893
463150,51,9.0,1.0,Low,Male,No,No,Marketing,Cat_6,Cluster 2,2,Work Experience high (z=+1.58); Age low (z=-0.33); Family Size low (z=-0.27),3.6164,Cluster 0,0.5487,Clear - automate,8.0124,12.0101,3.6164
463151,59,0.0,1.0,Low,Male,Yes,Yes,Artist,Cat_3,Cluster 0,0,Age high (z=+0.61); Work Experience low (z=-0.53); Ever Married=Yes (79% vs 59%),1.3325,Cluster 1,0.8626,Clear - automate,1.3325,9.6975,9.7494
463154,27,0.0,4.0,Low,Female,Yes,No,Artist,Cat_6,Cluster 1,1,Family Size high (z=+0.93); Age low (z=-0.77); Ever Married=Yes (31% vs 59%),1.7268,Cluster 0,0.6561,Clear - automate,5.0216,1.7268,8.1087
463156,83,,2.0,High,Female,Yes,No,Lawyer,Cat_6,Cluster 0,0,Age high (z=+0.61); Work Experience low (z=-0.53); Ever Married=Yes (79% vs 59%),5.2907,Cluster 2,0.6193,Clear - automate,5.2907,14.3651,13.8974
463157,50,6.0,3.0,Low,Male,Yes,Yes,Entertainment,Cat_6,Cluster 2,2,Work Experience high (z=+1.58); Age low (z=-0.33); Family Size low (z=-0.27),2.1185,Cluster 0,0.3198,Moderate - standard outreach,3.1145,5.5944,2.1185
463158,75,1.0,3.0,High,Male,Yes,Yes,Executive,Cat_6,Cluster 0,0,Age high (z=+0.61); Work Experience low (z=-0.53); Ever Married=Yes (79% vs 59%),3.0089,Cluster 1,0.6984,Clear - automate,3.0089,9.9778,11.4766
463163,28,2.0,2.0,Low,Male,No,No,Executive,Cat_3,Cluster 1,1,Family Size high (z=+0.93); Age low (z=-0.77); Ever Married=Yes (31% vs 59%),3.2864,Cluster 0,0.2705,Moderate - standard outreach,4.5054,3.2864,6.5146
463164,39,9.0,2.0,Average,Male,Yes,Yes,Artist,Cat_6,Cluster 2,2,Work Experience high (z=+1.58); Age low (z=-0.33); Family Size low (z=-0.27),1.1503,Cluster 0,0.8389,Clear - automate,7.1417,9.8622,1.1503
463165,69,0.0,2.0,Average,Female,Yes,Yes,Doctor,Cat_6,Cluster 0,0,Age high (z=+0.61); Work Experience low (z=-0.53); Ever Married=Yes (79% vs 59%),2.5117,Cluster 1,0.756,Clear - automate,2.5117,10.2936,10.8433
463166,41,1.0,1.0,Low,Female,No,Yes,Artist,Cat_4,Cluster 0,0,Age high (z=+0.61); Work Experience low (z=-0.53); Ever Married=Yes (79% vs 59%),2.6988,Cluster 2,0.5996,Clear - automate,2.6988,6.9832,6.7397
463170,28,0.0,5.0,Low,Female,,Yes,Healthcare,Cat_3,Cluster 1,1,Family Size high (z=+0.93); Age low (z=-0.77); Ever Married=Yes (31% vs 59%),2.4002,Cluster 0,0.6919,Clear - automate,7.7893,2.4002,10.7643
463171,39,1.0,3.0,High,Female,Yes,No,Entertainment,Cat_3,Cluster 1,1,Family Size high (z=+0.93); Age low (z=-0.77); Ever Married=Yes (31% vs 59%),3.4516,Cluster 0,0.0215,Borderline - blend or hold back,3.5275,3.4516,6.8877
463173,47,0.0,1.0,Low,Male,No,Yes,Artist,Cat_3,Cluster 0,0,Age high (z=+0.61); Work Experience low (z=-0.53); Ever Married=Yes (79% vs 59%),1.862,Cluster 1,0.7418,Clear - automate,1.862,7.2121,8.9098
463174,62,1.0,1.0,Low,Female,Yes,Yes,Engineer,Cat_3,Cluster 0,0,Age high (z=+0.61); Work Experience low (z=-0.53); Ever Married=Yes (79% vs 59%),2.413,Cluster 2,0.7273,Clear - automate,2.413,10.7235,8.85
463175,41,0.0,4.0,Low,Female,,No,Engineer,Cat_3,Cluster 1,1,Family Size high (z=+0.93); Age low (z=-0.77); Ever Married=Yes (31% vs 59%),2.5665,Cluster 0,0.431,Moderate - standard outreach,4.5105,2.5665,9.195
463181,49,5.0,3.0,Average,Male,Yes,Yes,Doctor,Cat_5,Cluster 0,0,Age high (z=+0.61); Work Experience low (z=-0.53); Ever Married=Yes (79% vs 59%),3.3205,Cluster 2,0.0601,Borderline - blend or hold back,3.3205,5.6908,3.5327
463187,52,8.0,2.0,Low,Female,Yes,Yes,Artist,Cat_6,Cluster 2,2,Work Experience high (z=+1.58); Age low (z=-0.33); Family Size low (z=-0.27),0.8357,Cluster 0,0.8336,Clear - automate,5.0217,9.9833,0.8357
463192,48,2.0,,Average,Female,Yes,No,Entertainment,Cat_4,Cluster 0,0,Age high (z=+0.61); Work Experience low (z=-0.53); Ever Married=Yes (79% vs 59%),2.971,Cluster 1,0.3167,Moderate - standard outreach,2.971,4.3481,6.0359
463195,26,7.0,2.0,Low,Female,No,Yes,Healthcare,Cat_3,Cluster 2,2,Work Experience high (z=+1.58); Age low (z=-0.33); Family Size low (z=-0.27),2.2771,Cluster 1,0.6632,Clear - automate,8.1073,6.7614,2.2771
463196,72,1.0,1.0,Low,Female,Yes,Yes,Engineer,Cat_6,Cluster 0,0,Age high (z=+0.61); Work Experience low (z=-0.53); Ever Married=Yes (79% vs 59%),2.9288,Cluster 2,0.7212,Clear - automate,2.9288,12.9184,10.5067
463199,47,0.0,3.0,Low,Female,Yes,Yes,Artist,Cat_4,Cluster 0,0,Age high (z=+0.61); Work Experience low (z=-0.53); Ever Married=Yes (79% vs 59%),1.4926,Cluster 1,0.6544,Clear - automate,1.4926,4.3182,7.0878
463201,19,1.0,2.0,Low,Female,No,No,Healthcare,Cat_4,Cluster 1,1,Family Size high (z=+0.93); Age low (z=-0.77); Ever Married=Yes (31% vs 59%),3.7275,Cluster 0,0.4597,Clear - automate,6.8993,3.7275,8.2039
463203,21,1.0,3.0,Low,Female,No,No,Healthcare,Cat_7,Cluster 1,1,Family Size high (z=+0.93); Age low (z=-0.77); Ever Married=Yes (31% vs 59%),2.0498,Cluster 0,0.6917,Clear - automate,6.6481,2.0498,7.9547
463204,39,1.0,1.0,Low,Male,No,No,Entertainment,Cat_6,Cluster 0,0,Age high (z=+0.61); Work Experience low (z=-0.53); Ever Married=Yes (79% vs 59%),2.8969,Cluster 1,0.4581,Clear - automate,2.8969,5.3455,7.7097
463209,52,0.0,1.0,Low,Female,No,Yes,Artist,Cat_6,Cluster 0,0,Age high (z=+0.61); Work Experience low (z=-0.53); Ever Married=Yes (79% vs 59%),1.7197,Cluster 1,0.7826,Clear - automate,1.7197,7.9093,8.3379
463218,37,8.0,3.0,Average,Male,Yes,No,Entertainment,Cat_6,Cluster 2,2,Work Experience high (z=+1.58); Age low (z=-0.33); Family Size low (z=-0.27),2.1265,Cluster 1,0.6693,Clear - automate,7.2502,6.4309,2.1265
463219,51,0.0,2.0,Low,Male,Yes,No,Entertainment,Cat_6,Cluster 0,0,Age high (z=+0.61); Work Experience low (z=-0.53); Ever Married=Yes (79% vs 59%),1.1197,Cluster 1,0.7705,Clear - automate,1.1197,4.8792,8.3976
463220,48,1.0,3.0,Average,Male,Yes,No,Engineer,Cat_6,Cluster 0,0,Age high (z=+0.61); Work Experience low (z=-0.53); Ever Married=Yes (79% vs 59%),1.87,Cluster 1,0.4342,Moderate - standard outreach,1.87,3.3053,7.2571
463221,22,,3.0,Low,Male,No,No,Healthcare,Cat_6,Cluster 1,1,Family Size high (z=+0.93); Age low (z=-0.77); Ever Married=Yes (31% vs 59%),0.9812,Cluster 0,0.8187,Clear - automate,5.4116,0.9812,7.8322
463224,47,1.0,4.0,High,Male,Yes,Yes,Executive,Cat_6,Cluster 0,0,Age high (z=+0.61); Work Experience low (z=-0.53); Ever Married=Yes (79% vs 59%),2.5152,Cluster 1,0.1673,Borderline - blend or hold back,2.5152,3.0204,7.562
463240,45,0.0,3.0,Average,Female,Yes,No,Engineer,Cat_6,Cluster 0,0,Age high (z=+0.61); Work Experience low (z=-0.53); Ever Married=Yes (79% vs 59%),2.6015,Cluster 1,0.2756,Moderate - standard outreach,2.6015,3.5913,7.9686
463242,29,5.0,2.0,Low,Female,No,No,Engineer,Cat_6,Cluster 2,2,Work Experience high (z=+1.58); Age low (z=-0.33); Family Size low (z=-0.27),2.8627,Cluster 1,0.3611,Moderate - standard outreach,5.7062,4.4805,2.8627
463244,47,1.0,1.0,Low,Female,Yes,No,Doctor,Cat_6,Cluster 0,0,Age high (z=+0.61); Work Experience low (z=-0.53); Ever Married=Yes (79% vs 59%),2.2828,Cluster 2,0.6743,Clear - automate,2.2828,7.0746,7.0083
463245,41,8.0,2.0,Average,Male,Yes,Yes,Entertainment,Cat_6,Cluster 2,2,Work Experience high (z=+1.58); Age low (z=-0.33); Family Size low (z=-0.27),1.639,Cluster 0,0.7304,Clear - automate,6.0801,8.6946,1.639
463248,32,9.0,4.0,Average,Female,Yes,No,Homemaker,Cat_2,Cluster 2,2,Work Experience high (z=+1.58); Age low (z=-0.33); Family Size low (z=-0.27),3.1727,Cluster 1,0.6002,Clear - automate,11.4153,7.936,3.1727
463251,31,2.0,3.0,Low,Male,Yes,No,Marketing,Cat_6,Cluster 1,1,Family Size high (z=+0.93); Age low (z=-0.77); Ever Married=Yes (31% vs 59%),1.7408,Cluster 0,0.4591,Clear - automate,3.2182,1.7408,5.3435
463256,20,1.0,3.0,Low,Male,No,No,Marketing,Cat_6,Cluster 1,1,Family Size high (z=+0.93); Age low (z=-0.77); Ever Married=Yes (31% vs 59%),1.6259,Cluster 0,0.7241,Clear - automate,5.8921,1.6259,8.0845
463258,46,0.0,3.0,Average,Female,Yes,Yes,Artist,Cat_6,Cluster 0,0,Age high (z=+0.61); Work Experience low (z=-0.53); Ever Married=Yes (79% vs 59%),1.5433,Cluster 1,0.6326,Clear - automate,1.5433,4.2011,7.0245
463260,70,3.0,1.0,Low,Male,Yes,Yes,Lawyer,Cat_6,Cluster 0,0,Age high (z=+0.61); Work Experience low (z=-0.53); Ever Married=Yes (79% vs 59%),2.5487,Cluster 2,0.6912,Clear - automate,2.5487,12.086,8.2539
463265,65,1.0,3.0,Average,Male,Yes,Yes,Artist,Cat_6,Cluster 0,0,Age high (z=+0.61); Work Experience low (z=-0.53); Ever Married=Yes (79% vs 59%),1.2703,Cluster 1,0.8201,Clear - automate,1.2703,7.0601,8.597
463266,68,1.0,2.0,Average,Female,Yes,,Artist,Cat_6,Cluster 0,0,Age high (z=+0.61); Work Experience low (z=-0.53); Ever Married=Yes (79% vs 59%),2.3197,Cluster 2,0.7483,Clear - automate,2.3197,9.8754,9.215
463267,29,9.0,1.0,Low,Male,Yes,No,Homemaker,Cat_4,Cluster 2,2,Work Experience high (z=+1.58); Age low (z=-0.33); Family Size low (z=-0.27),3.2856,Cluster 0,0.6776,Clear - automate,10.1918,11.4954,3.2856
463269,41,3.0,2.0,Average,Male,Yes,Yes,Entertainment,Cat_3,Cluster 0,0,Age high (z=+0.61); Work Experience low (z=-0.53); Ever Married=Yes (79% vs 59%),2.4677,Cluster 2,0.4679,Clear - automate,2.4677,5.3734,4.6379
463270,50,0.0,5.0,Low,Male,Yes,No,Executive,,Cluster 1,1,Family Size high (z=+0.93); Age low (z=-0.77); Ever Married=Yes (31% vs 59%),3.2514,Cluster 0,0.3427,Moderate - standard outreach,4.9465,3.2514,11.4315
463273,38,9.0,2.0,Average,Male,Yes,Yes,Entertainment,Cat_3,Cluster 2,2,Work Experience high (z=+1.58); Age low (z=-0.33); Family Size low (z=-0.27),2.1464,Cluster 0,0.7399,Clear - automate,8.2519,10.3045,2.1464
463276,37,,2.0,Average,Male,Yes,No,Executive,Cat_3,Cluster 0,0,Age high (z=+0.61); Work Experience low (z=-0.53); Ever Married=Yes (79% vs 59%),3.0111,Cluster 1,0.3096,Moderate - standard outreach,3.0111,4.3617,7.3695
463277,30,6.0,2.0,Low,Female,Yes,No,Engineer,Cat_3,Cluster 2,2,Work Experience high (z=+1.58); Age low (z=-0.33); Family Size low (z=-0.27),2.3,Cluster 1,0.6312,Clear - automate,6.3515,6.2355,2.3
463278,63,1.0,1.0,Low,Female,Yes,Yes,Engineer,Cat_3,Cluster 0,0,Age high (z=+0.61); Work Experience low (z=-0.53); Ever Married=Yes (79% vs 59%),2.4812,Cluster 2,0.7253,Clear - automate,2.4812,10.9596,9.0322
463280,42,6.0,2.0,Average,Male,Yes,Yes,Artist,Cat_3,Cluster 2,2,Work Experience high (z=+1.58); Age low (z=-0.33); Family Size low (z=-0.27),2.1237,Cluster 0,0.442,Moderate - standard outreach,3.8061,7.205,2.1237
463292,41,0.0,3.0,High,Male,Yes,No,Executive,Cat_6,Cluster 0,0,Age high (z=+0.61); Work Experience low (z=-0.53); Ever Married=Yes (79% vs 59%),2.4086,Cluster 1,0.1167,Borderline - blend or hold back,2.4086,2.7268,8.3193
463302,60,,4.0,High,Female,Yes,Yes,Engineer,Cat_6,Cluster 0,0,Age high (z=+0.61); Work Experience low (z=-0.53); Ever Married=Yes (79% vs 59%),3.0315,Cluster 1,0.47,Clear - automate,3.0315,5.7195,8.5615
463308,46,1.0,2.0,Low,Male,Yes,Yes,Engineer,Cat_3,Cluster 0,0,Age high (z=+0.61); Work Experience low (z=-0.53); Ever Married=Yes (79% vs 59%),1.2199,Cluster 1,0.7599,Clear - automate,1.2199,5.0816,6.6051
463316,83,0.0,2.0,High,Female,Yes,No,Lawyer,Cat_6,Cluster 0,0,Age high (z=+0.61); Work Experience low (z=-0.53); Ever Married=Yes (79% vs 59%),5.37,Cluster 1,0.6297,Clear - automate,5.37,14.5026,15.2989
463323,27,3.0,2.0,Low,Male,Yes,Yes,Healthcare,Cat_6,Cluster 0,0,Age high (z=+0.61); Work Experience low (z=-0.53); Ever Married=Yes (79% vs 59%),3.4787,Cluster 1,0.0156,Borderline - blend or hold back,3.4787,3.5337,4.0516
463324,22,1.0,4.0,Low,Female,No,No,Healthcare,Cat_2,Cluster 1,1,Family Size high (z=+0.93); Age low (z=-0.77); Ever Married=Yes (31% vs 59%),1.3209,Cluster 0,0.8242,Clear - automate,7.5135,1.3209,8.7079
463330,20,0.0,4.0,Low,Male,No,No,Healthcare,Cat_6,Cluster 1,1,Family Size high (z=+0.93); Age low (z=-0.77); Ever Married=Yes (31% vs 59%),0.6031,Cluster 0,0.9147,Clear - automate,7.0733,0.6031,10.3617
463332,40,0.0,2.0,Low,Female,Yes,Yes,Engineer,Cat_6,Cluster 0,0,Age high (z=+0.61); Work Experience low (z=-0.53); Ever Married=Yes (79% vs 59%),1.7598,Cluster 1,0.6234,Clear - automate,1.7598,4.6723,6.7827
463334,28,0.0,6.0,Low,Female,No,Yes,Doctor,Cat_4,Cluster 1,1,Family Size high (z=+0.93); Age low (z=-0.77); Ever Married=Yes (31% vs 59%),3.4554,Cluster 0,0.6742,Clear - automate,10.6067,3.4554,13.3554
463335,28,,1.0,Low,Male,No,Yes,Doctor,Cat_4,Cluster 0,0,Age high (z=+0.61); Work Experience low (z=-0.53); Ever Married=Yes (79% vs 59%),4.5179,Cluster 1,0.2617,Moderate - standard outreach,4.5179,6.1194,8.0756
463338,28,0.0,2.0,Low,Male,Yes,No,Entertainment,Cat_3,Cluster 1,1,Family Size high (z=+0.93); Age low (z=-0.77); Ever Married=Yes (31% vs 59%),3.8811,Cluster 0,0.0257,Borderline - blend or hold back,3.9836,3.8811,8.6373
463340,20,0.0,4.0,Low,Female,No,No,Healthcare,Cat_3,Cluster 1,1,Family Size high (z=+0.93); Age low (z=-0.77); Ever Married=Yes (31% vs 59%),1.6031,Cluster 0,0.8014,Clear - automate,8.0733,1.6031,10.3617
463341,53,0.0,6.0,Average,Female,Yes,No,Engineer,Cat_3,Cluster 1,1,Family Size high (z=+0.93); Age low (z=-0.77); Ever Married=Yes (31% vs 59%),5.7695,Cluster 0,0.3386,Moderate - standard outreach,8.7231,5.7695,14.3242
463348,35,0.0,2.0,Low,Female,Yes,Yes,Doctor,Cat_6,Cluster 0,0,Age high (z=+0.61); Work Experience low (z=-0.53); Ever Married=Yes (79% vs 59%),2.348,Cluster 1,0.4689,Clear - automate,2.348,4.4209,6.8004
463351,21,3.0,4.0,Low,Female,No,,Healthcare,Cat_5,Cluster 1,1,Family Size high (z=+0.93); Age low (z=-0.77); Ever Married=Yes (31% vs 59%),2.1556,Cluster 2,0.6718,Clear - automate,8.1325,2.1556,6.5683
463356,30,6.0,4.0,Low,Male,No,Yes,Healthcare,Cat_2,Cluster 1,1,Family Size high (z=+0.93); Age low (z=-0.77); Ever Married=Yes (31% vs 59%),3.0572,Cluster 2,0.1723,Borderline - blend or hold back,7.1976,3.0572,3.6935
463360,46,2.0,1.0,Low,Female,Yes,Yes,Artist,Cat_6,Cluster 0,0,Age high (z=+0.61); Work Experience low (z=-0.53); Ever Married=Yes (79% vs 59%),1.4346,Cluster 2,0.6963,Clear - automate,1.4346,7.5003,4.7238
463367,36,3.0,4.0,Low,Female,No,Yes,Engineer,Cat_2,Cluster 1,1,Family Size high (z=+0.93); Age low (z=-0.77); Ever Married=Yes (31% vs 59%),2.4065,Cluster 0,0.5053,Clear - automate,4.8648,2.4065,5.012
463368,38,4.0,3.0,High,Female,Yes,Yes,Artist,Cat_2,Cluster 2,2,Work Experience high (z=+1.58); Age low (z=-0.33); Family Size low (z=-0.27),2.7613,Cluster 0,0.2069,Moderate - standard outreach,3.4819,4.5634,2.7613
463372,26,1.0,2.0,Average,Female,Yes,No,Marketing,,Cluster 1,1,Family Size high (z=+0.93); Age low (z=-0.77); Ever Married=Yes (31% vs 59%),4.7991,Cluster 0,0.0938,Borderline - blend or hold back,5.2956,4.7991,7.3989
463375,45,1.0,1.0,Low,Female,Yes,Yes,Doctor,Cat_4,Cluster 0,0,Age high (z=+0.61); Work Experience low (z=-0.53); Ever Married=Yes (79% vs 59%),2.3917,Cluster 2,0.6528,Clear - automate,2.3917,7.8477,6.889
463376,46,5.0,2.0,High,Female,Yes,Yes,Executive,Cat_6,Cluster 2,2,Work Experience high (z=+1.58); Age low (z=-0.33); Family Size low (z=-0.27),2.3025,Cluster 0,0.2819,Moderate - standard outreach,3.2063,6.8351,2.3025
463378,25,0.0,1.0,Low,Male,No,Yes,Doctor,Cat_3,Cluster 0,0,Age high (z=+0.61); Work Experience low (z=-0.53); Ever Married=Yes (79% vs 59%),5.1953,Cluster 1,0.182,Borderline - blend or hold back,5.1953,6.3514,9.733
463379,27,0.0,7.0,Low,Male,No,No,Marketing,Cat_6,Cluster 1,1,Family Size high (z=+0.93); Age low (z=-0.77); Ever Married=Yes (31% vs 59%),3.8924,Cluster 0,0.7215,Clear - automate,13.9739,3.8924,17.3822
463386,42,6.0,1.0,Low,Female,Yes,Yes,Doctor,Cat_3,Cluster 2,2,Work Experience high (z=+1.58); Age low (z=-0.33); Family Size low (z=-0.27),2.4635,Cluster 0,0.4993,Clear - automate,4.9197,9.5809,2.4635
463387,20,3.0,2.0,Low,Male,,No,Marketing,Cat_3,Cluster 1,1,Family Size high (z=+0.93); Age low (z=-0.77); Ever Married=Yes (31% vs 59%),4.41,Cluster 2,0.3005,Moderate - standard outreach,6.5304,4.41,6.3046
463391,55,6.0,1.0,Low,Male,Yes,Yes,Doctor,Cat_3,Cluster 0,0,Age high (z=+0.61); Work Experience low (z=-0.53); Ever Married=Yes (79% vs 59%),3.953,Cluster 2,0.0068,Borderline - blend or hold back,3.953,10.797,3.9801
463395,25,,1.0,Low,Male,No,No,Marketing,Cat_6,Cluster 0,0,Age high (z=+0.61); Work Experience low (z=-0.53); Ever Married=Yes (79% vs 59%),5.116,Cluster 1,0.0188,Borderline - blend or hold back,5.116,5.2138,8.3314
463404,27,,2.0,High,Male,Yes,No,Doctor,Cat_3,Cluster 1,1,Family Size high (z=+0.93); Age low (z=-0.77); Ever Married=Yes (31% vs 59%),4.2676,Cluster 0,0.0715,Borderline - blend or hold back,4.5962,4.2676,7.8136
463406,31,0.0,4.0,Low,Male,No,No,Marketing,Cat_3,Cluster 1,1,Family Size high (z=+0.93); Age low (z=-0.77); Ever Married=Yes (31% vs 59%),1.1752,Cluster 0,0.7782,Clear - automate,5.2984,1.1752,9.8419
463409,38,6.0,5.0,Average,Female,Yes,No,Entertainment,Cat_2,Cluster 1,1,Family Size high (z=+0.93); Age low (z=-0.77); Ever Married=Yes (31% vs 59%),4.9487,Cluster 2,0.0466,Borderline - blend or hold back,9.0081,4.9487,5.1905
463411,43,,2.0,Average,Male,Yes,Yes,Entertainment,Cat_6,Cluster 0,0,Age high (z=+0.61); Work Experience low (z=-0.53); Ever Married=Yes (79% vs 59%),1.4168,Cluster 1,0.7033,Clear - automate,1.4168,4.7748,6.4597
463420,59,2.0,3.0,High,Female,Yes,Yes,Artist,Cat_6,Cluster 0,0,Age high (z=+0.61); Work Experience low (z=-0.53); Ever Married=Yes (79% vs 59%),1.4848,Cluster 2,0.7442,Clear - automate,1.4848,6.2089,5.8048
463423,61,1.0,3.0,Average,Male,Yes,No,Executive,Cat_6,Cluster 0,0,Age high (z=+0.61); Work Experience low (z=-0.53); Ever Married=Yes (79% vs 59%),1.9829,Cluster 1,0.646,Clear - automate,1.9829,5.601,8.8532
463427,27,1.0,2.0,Low,Female,Yes,Yes,Engineer,Cat_6,Cluster 0,0,Age high (z=+0.61); Work Experience low (z=-0.53); Ever Married=Yes (79% vs 59%),3.5962,Cluster 1,0.1573,Borderline - blend or hold back,3.5962,4.2676,5.8136
463428,26,1.0,5.0,High,Male,Yes,No,Executive,Cat_6,Cluster 1,1,Family Size high (z=+0.93); Age low (z=-0.77); Ever Married=Yes (31% vs 59%),1.8182,Cluster 0,0.7608,Clear - automate,7.6013,1.8182,10.0259
463431,39,,4.0,Average,Male,Yes,Yes,Artist,Cat_4,Cluster 1,1,Family Size high (z=+0.93); Age low (z=-0.77); Ever Married=Yes (31% vs 59%),2.7913,Cluster 0,0.108,Borderline - blend or hold back,3.1294,2.7913,7.2634
463437,51,0.0,3.0,Average,Male,Yes,Yes,Artist,Cat_6,Cluster 0,0,Age high (z=+0.61); Work Experience low (z=-0.53); Ever Married=Yes (79% vs 59%),0.8639,Cluster 1,0.8019,Clear - automate,0.8639,4.3611,7.9155
463438,47,0.0,3.0,Average,Male,Yes,No,Entertainment,Cat_6,Cluster 0,0,Age high (z=+0.61); Work Experience low (z=-0.53); Ever Married=Yes (79% vs 59%),1.9926,Cluster 1,0.3995,Moderate - standard outreach,1.9926,3.3182,8.5878
463443,52,1.0,4.0,Average,Male,Yes,Yes,Artist,Cat_6,Cluster 0,0,Age high (z=+0.61); Work Experience low (z=-0.53); Ever Married=Yes (79% vs 59%),1.8729,Cluster 1,0.4962,Clear - automate,1.8729,3.7176,7.4901
463444,59,,2.0,High,Male,Yes,Yes,Lawyer,Cat_6,Cluster 0,0,Age high (z=+0.61); Work Experience low (z=-0.53); Ever Married=Yes (79% vs 59%),1.1396,Cluster 1,0.8414,Clear - automate,1.1396,7.1842,8.008
463447,57,1.0,2.0,Average,Male,Yes,No,Engineer,Cat_6,Cluster 0,0,Age high (z=+0.61); Work Experience low (z=-0.53); Ever Married=Yes (79% vs 59%),1.5702,Cluster 1,0.7499,Clear - automate,1.5702,6.279,8.2105
463452,86,1.0,2.0,High,Female,Yes,Yes,Lawyer,Cat_6,Cluster 0,0,Age high (z=+0.61); Work Experience low (z=-0.53); Ever Married=Yes (79% vs 59%),5.4855,Cluster 2,0.62,Clear - automate,5.4855,16.0637,14.4345
463460,49,,2.0,Average,Male,Yes,Yes,Artist,Cat_6,Cluster 0,0,Age high (z=+0.61); Work Experience low (z=-0.53); Ever Married=Yes (79% vs 59%),0.5899,Cluster 1,0.8919,Clear - automate,0.5899,5.4554,6.3174
463461,30,,4.0,Low,Male,No,No,Doctor,Cat_4,Cluster 1,1,Family Size high (z=+0.93); Age low (z=-0.77); Ever Married=Yes (31% vs 59%),1.0394,Cluster 0,0.8071,Clear - automate,5.3887,1.0394,8.4959
463462,43,0.0,4.0,Average,Female,Yes,No,Engineer,Cat_6,Cluster 1,1,Family Size high (z=+0.93); Age low (z=-0.77); Ever Married=Yes (31% vs 59%),2.7339,Cluster 0,0.2884,Moderate - standard outreach,3.8421,2.7339,8.7548
463470,19,,5.0,Low,Male,No,No,Healthcare,Cat_2,Cluster 1,1,Family Size high (z=+0.93); Age low (z=-0.77); Ever Married=Yes (31% vs 59%),1.2465,Cluster 0,0.8716,Clear - automate,9.7051,1.2465,11.3309
463472,20,,4.0,Low,Male,No,No,Healthcare,Cat_6,Cluster 1,1,Family Size high (z=+0.93); Age low (z=-0.77); Ever Married=Yes (31% vs 59%),0.4656,Cluster 0,0.9334,Clear - automate,6.994,0.4656,8.9602
463473,19,,3.0,Low,Male,No,No,Healthcare,Cat_6,Cluster 1,1,Family Size high (z=+0.93); Age low (z=-0.77); Ever Married=Yes (31% vs 59%),1.2094,Cluster 0,0.8031,Clear - automate,6.1435,1.2094,8.2218
463475,43,0.0,1.0,Low,Female,Yes,Yes,Doctor,Cat_6,Cluster 0,0,Age high (z=+0.61); Work Experience low (z=-0.53); Ever Married=Yes (79% vs 59%),2.1097,Cluster 1,0.7105,Clear - automate,2.1097,7.2881,7.701
463477,31,0.0,4.0,Low,Male,No,No,Healthcare,Cat_4,Cluster 1,1,Family Size high (z=+0.93); Age low (z=-0.77); Ever Married=Yes (31% vs 59%),0.6752,Cluster 0,0.8726,Clear - automate,5.2984,0.6752,9.8419
463483,30,1.0,2.0,High,Male,Yes,No,Executive,Cat_6,Cluster 0,0,Age high (z=+0.61); Work Experience low (z=-0.53); Ever Married=Yes (79% vs 59%),3.5427,Cluster 1,0.0471,Borderline - blend or hold back,3.5427,3.7178,7.1023
463491,27,8.0,3.0,Average,Male,Yes,Yes,Doctor,Cat_6,Cluster 2,2,Work Experience high (z=+1.58); Age low (z=-0.33); Family Size low (z=-0.27),2.0707,Cluster 1,0.6971,Clear - automate,8.3353,6.8369,2.0707
463493,36,,4.0,High,Male,Yes,Yes,Executive,Cat_6,Cluster 1,1,Family Size high (z=+0.93); Age low (z=-0.77); Ever Married=Yes (31% vs 59%),2.1404,Cluster 0,0.3853,Moderate - standard outreach,3.4823,2.1404,7.274
463499,47,0.0,2.0,Low,Male,Yes,Yes,Executive,Cat_6,Cluster 0,0,Age high (z=+0.61); Work Experience low (z=-0.53); Ever Married=Yes (79% vs 59%),0.7484,Cluster 1,0.8452,Clear - automate,0.7484,4.8363,7.5699
463500,35,1.0,4.0,High,Male,Yes,Yes,Executive,Cat_6,Cluster 1,1,Family Size high (z=+0.93); Age low (z=-0.77); Ever Married=Yes (31% vs 59%),2.105,Cluster 0,0.4177,Moderate - standard outreach,3.6148,2.105,7.2924
463503,25,0.0,2.0,Low,Male,Yes,Yes,Entertainment,Cat_7,Cluster 0,0,Age high (z=+0.61); Work Experience low (z=-0.53); Ever Married=Yes (79% vs 59%),4.0817,Cluster 1,0.088,Borderline - blend or hold back,4.0817,4.4755,8.3931
463508,25,0.0,3.0,Low,Female,Yes,No,Artist,Cat_6,Cluster 1,1,Family Size high (z=+0.93); Age low (z=-0.77); Ever Married=Yes (31% vs 59%),2.4575,Cluster 0,0.4319,Moderate - standard outreach,4.3259,2.4575,7.411
463509,38,1.0,1.0,Low,Male,No,No,Artist,Cat_3,Cluster 0,0,Age high (z=+0.61); Work Experience low (z=-0.53); Ever Married=Yes (79% vs 59%),3.0071,Cluster 1,0.4804,Clear - automate,3.0071,5.7878,7.7058
463512,32,0.0,3.0,Low,Female,No,No,Engineer,Cat_6,Cluster 1,1,Family Size high (z=+0.93); Age low (z=-0.77); Ever Married=Yes (31% vs 59%),1.8412,Cluster 0,0.5436,Clear - automate,4.0342,1.8412,7.9181
463516,48,1.0,6.0,High,Male,Yes,No,Executive,Cat_6,Cluster 1,1,Family Size high (z=+0.93); Age low (z=-0.77); Ever Married=Yes (31% vs 59%),3.8976,Cluster 0,0.497,Clear - automate,7.749,3.8976,12.4573
463527,38,10.0,1.0,Low,Female,No,No,Artist,Cat_6,Cluster 2,2,Work Experience high (z=+1.58); Age low (z=-0.33); Family Size low (z=-0.27),2.2079,Cluster 0,0.7879,Clear - automate,10.4094,12.666,2.2079
463528,70,,2.0,High,Male,Yes,No,Executive,Cat_6,Cluster 0,0,Age high (z=+0.61); Work Experience low (z=-0.53); Ever Married=Yes (79% vs 59%),2.5526,Cluster 1,0.7297,Clear - automate,2.5526,9.4441,10.676
463529,42,,1.0,Low,Male,No,Yes,Marketing,Cat_6,Cluster 0,0,Age high (z=+0.61); Work Experience low (z=-0.53); Ever Married=Yes (79% vs 59%),2.1109,Cluster 1,0.6519,Clear - automate,2.1109,6.0632,7.2659
463533,85,1.0,2.0,High,Female,Yes,Yes,Artist,Cat_2,Cluster 0,0,Age high (z=+0.61); Work Experience low (z=-0.53); Ever Married=Yes (79% vs 59%),5.2465,Cluster 2,0.6274,Clear - automate,5.2465,16.1567,14.0814
463537,25,1.0,3.0,Low,Female,No,Yes,Healthcare,Cat_6,Cluster 1,1,Family Size high (z=+0.93); Age low (z=-0.77); Ever Married=Yes (31% vs 59%),1.8199,Cluster 0,0.6166,Clear - automate,4.7466,1.8199,6.5095
463545,31,1.0,2.0,Low,Female,No,Yes,Doctor,Cat_4,Cluster 0,0,Age high (z=+0.61); Work Experience low (z=-0.53); Ever Married=Yes (79% vs 59%),3.873,Cluster 1,0.0814,Borderline - blend or hold back,3.873,4.2161,6.5468
463548,20,3.0,4.0,Low,Female,No,No,Healthcare,Cat_4,Cluster 1,1,Family Size high (z=+0.93); Age low (z=-0.77); Ever Married=Yes (31% vs 59%),1.7316,Cluster 2,0.7415,Clear - automate,8.3765,1.7316,6.6982
463550,37,0.0,2.0,Average,Female,Yes,Yes,Artist,Cat_4,Cluster 0,0,Age high (z=+0.61); Work Experience low (z=-0.53); Ever Married=Yes (79% vs 59%),2.5904,Cluster 1,0.5289,Clear - automate,2.5904,5.4992,7.271
463553,33,8.0,2.0,Low,Male,No,Yes,Artist,Cat_6,Cluster 2,2,Work Experience high (z=+1.58); Age low (z=-0.33); Family Size low (z=-0.27),1.1971,Cluster 0,0.8173,Clear - automate,6.5509,7.3222,1.1971
463554,52,5.0,1.0,Low,Female,No,No,Artist,Cat_6,Cluster 0,0,Age high (z=+0.61); Work Experience low (z=-0.53); Ever Married=Yes (79% vs 59%),3.6268,Cluster 2,0.0019,Borderline - blend or hold back,3.6268,8.5253,3.6338
463557,26,0.0,3.0,Low,Male,No,Yes,Doctor,Cat_6,Cluster 1,1,Family Size high (z=+0.93); Age low (z=-0.77); Ever Married=Yes (31% vs 59%),1.9186,Cluster 0,0.5342,Clear - automate,4.1191,1.9186,8.3183
463560,21,9.0,5.0,Low,Female,No,No,Healthcare,Cat_4,Cluster 2,2,Work Experience high (z=+1.58); Age low (z=-0.33); Family Size low (z=-0.27),5.8442,Cluster 1,0.1627,Borderline - blend or hold back,15.5681,6.9796,5.8442
463561,42,0.0,1.0,Low,Female,No,Yes,Engineer,Cat_6,Cluster 0,0,Age high (z=+0.61); Work Experience low (z=-0.53); Ever Married=Yes (79% vs 59%),2.6902,Cluster 1,0.5985,Clear - automate,2.6902,6.7007,8.1674
463566,35,,4.0,Average,Female,Yes,Yes,Homemaker,Cat_2,Cluster 1,1,Family Size high (z=+0.93); Age low (z=-0.77); Ever Married=Yes (31% vs 59%),3.105,Cluster 0,0.3272,Moderate - standard outreach,4.6148,3.105,7.2924
463572,39,0.0,4.0,Average,Male,Yes,Yes,Artist,Cat_6,Cluster 1,1,Family Size high (z=+0.93); Age low (z=-0.77); Ever Married=Yes (31% vs 59%),2.4288,Cluster 0,0.1033,Borderline - blend or hold back,2.7087,2.4288,8.1649
463577,41,1.0,2.0,Average,Female,Yes,Yes,Doctor,Cat_6,Cluster 0,0,Age high (z=+0.61); Work Experience low (z=-0.53); Ever Married=Yes (79% vs 59%),2.0852,Cluster 1,0.5917,Clear - automate,2.0852,5.1073,5.8999
463586,18,1.0,5.0,Low,Female,No,No,Healthcare,Cat_6,Cluster 1,1,Family Size high (z=+0.93); Age low (z=-0.77); Ever Married=Yes (31% vs 59%),1.3374,Cluster 0,0.8658,Clear - automate,9.9639,1.3374,10.4756
463588,22,0.0,1.0,Low,Male,No,No,Healthcare,Cat_6,Cluster 1,1,Family Size high (z=+0.93); Age low (z=-0.77); Ever Married=Yes (31% vs 59%),5.0126,Cluster 0,0.1446,Borderline - blend or hold back,5.8603,5.0126,10.0557
463598,25,2.0,2.0,Low,Female,Yes,No,Engineer,Cat_6,Cluster 1,1,Family Size high (z=+0.93); Age low (z=-0.77); Ever Married=Yes (31% vs 59%),3.8808,Cluster 0,0.157,Borderline - blend or hold back,4.6035,3.8808,5.2704
463601,20,4.0,5.0,Low,Female,No,No,Healthcare,,Cluster 1,1,Family Size high (z=+0.93); Age low (z=-0.77); Ever Married=Yes (31% vs 59%),2.3326,Cluster 2,0.6919,Clear - automate,10.7979,2.3326,7.5711
463603,18,0.0,4.0,Low,Female,No,No,Entertainment,Cat_2,Cluster 1,1,Family Size high (z=+0.93); Age low (z=-0.77); Ever Married=Yes (31% vs 59%),2.2775,Cluster 0,0.7347,Clear - automate,8.5835,2.2775,10.6438
463605,20,1.0,5.0,Low,Female,No,No,Healthcare,Cat_5,Cluster 1,1,Family Size high (z=+0.93); Age low (z=-0.77); Ever Married=Yes (31% vs 59%),1.663,Cluster 0,0.8329,Clear - automate,9.9537,1.663,10.6936
463606,21,0.0,4.0,Low,Male,No,No,Marketing,Cat_2,Cluster 1,1,Family Size high (z=+0.93); Age low (z=-0.77); Ever Married=Yes (31% vs 59%),1.527,Cluster 0,0.7917,Clear - automate,7.3293,1.527,10.7319
463614,25,1.0,4.0,Low,Female,No,No,Healthcare,Cat_3,Cluster 1,1,Family Size high (z=+0.93); Age low (z=-0.77); Ever Married=Yes (31% vs 59%),1.1596,Cluster 0,0.8307,Clear - automate,6.8485,1.1596,8.3852
463615,60,,2.0,Average,Female,Yes,Yes,Artist,Cat_6,Cluster 0,0,Age high (z=+0.61); Work Experience low (z=-0.53); Ever Married=Yes (79% vs 59%),1.1855,Cluster 2,0.8346,Clear - automate,1.1855,7.8979,7.168
463616,46,0.0,5.0,Average,Female,Yes,No,Engineer,Cat_3,Cluster 1,1,Family Size high (z=+0.93); Age low (z=-0.77); Ever Married=Yes (31% vs 59%),3.7382,Cluster 0,0.3877,Moderate - standard outreach,6.1049,3.7382,11.1336
463619,68,1.0,2.0,High,Male,Yes,No,Executive,Cat_6,Cluster 0,0,Age high (z=+0.61); Work Experience low (z=-0.53); Ever Married=Yes (79% vs 59%),2.3197,Cluster 1,0.7386,Clear - automate,2.3197,8.8754,10.215
463620,21,1.0,4.0,Low,Male,No,No,Healthcare,Cat_2,Cluster 1,1,Family Size high (z=+0.93); Age low (z=-0.77); Ever Married=Yes (31% vs 59%),0.8895,Cluster 0,0.8773,Clear - automate,7.25,0.8895,9.3303
463623,27,0.0,3.0,Low,Male,No,Yes,Doctor,Cat_6,Cluster 1,1,Family Size high (z=+0.93); Age low (z=-0.77); Ever Married=Yes (31% vs 59%),1.8871,Cluster 0,0.5186,Clear - automate,3.9197,1.8871,8.233
463624,59,1.0,4.0,High,Male,Yes,Yes,Executive,Cat_6,Cluster 0,0,Age high (z=+0.61); Work Experience low (z=-0.53); Ever Married=Yes (79% vs 59%),2.4857,Cluster 1,0.5034,Clear - automate,2.4857,5.0058,8.9016
463628,26,8.0,1.0,Low,Female,No,Yes,Artist,Cat_6,Cluster 2,2,Work Experience high (z=+1.58); Age low (z=-0.33); Family Size low (z=-0.27),1.9779,Cluster 0,0.7779,Clear - automate,8.9041,10.2622,1.9779
463632,26,0.0,2.0,Average,Male,Yes,Yes,Artist,Cat_6,Cluster 0,0,Age high (z=+0.61); Work Experience low (z=-0.53); Ever Married=Yes (79% vs 59%),3.3749,Cluster 1,0.2393,Moderate - standard outreach,3.3749,4.4366,7.8004
463638,32,1.0,2.0,Average,Female,Yes,No,Doctor,Cat_7,Cluster 0,0,Age high (z=+0.61); Work Experience low (z=-0.53); Ever Married=Yes (79% vs 59%),4.2108,Cluster 1,0.1082,Borderline - blend or hold back,4.2108,4.7218,6.9986
463639,33,0.0,6.0,Low,Male,No,No,Healthcare,Cat_6,Cluster 1,1,Family Size high (z=+0.93); Age low (z=-0.77); Ever Married=Yes (31% vs 59%),1.4467,Cluster 0,0.8437,Clear - automate,9.2585,1.4467,13.5776
463640,28,0.0,3.0,Low,Male,No,Yes,Healthcare,Cat_6,Cluster 1,1,Family Size high (z=+0.93); Age low (z=-0.77); Ever Married=Yes (31% vs 59%),1.3631,Cluster 0,0.6343,Clear - automate,3.7277,1.3631,8.1552
463644,30,0.0,3.0,Low,Female,No,Yes,Healthcare,Cat_7,Cluster 1,1,Family Size high (z=+0.93); Age low (z=-0.77); Ever Married=Yes (31% vs 59%),2.3373,Cluster 0,0.4647,Clear - automate,4.3661,2.3373,8.0218
463652,32,,1.0,Low,Female,No,Yes,Artist,Cat_6,Cluster 0,0,Age high (z=+0.61); Work Experience low (z=-0.53); Ever Married=Yes (79% vs 59%),3.3244,Cluster 1,0.4548,Clear - automate,3.3244,6.0976,6.3385
463654,41,3.0,3.0,Low,Female,No,No,Engineer,Cat_3,Cluster 1,1,Family Size high (z=+0.93); Age low (z=-0.77); Ever Married=Yes (31% vs 59%),2.8553,Cluster 0,0.2308,Moderate - standard outreach,3.7118,2.8553,4.6558
463655,42,13.0,2.0,Low,Male,Yes,Yes,Artist,Cat_6,Cluster 2,2,Work Experience high (z=+1.58); Age low (z=-0.33); Family Size low (z=-0.27),2.6752,Cluster 0,0.8035,Clear - automate,13.6134,16.6047,2.6752
463661,45,1.0,4.0,Average,Female,Yes,Yes,Doctor,Cat_6,Cluster 0,0,Age high (z=+0.61); Work Experience low (z=-0.53); Ever Married=Yes (79% vs 59%),3.1242,Cluster 1,0.0514,Borderline - blend or hold back,3.1242,3.2935,6.9427
463663,39,1.0,2.0,Low,Female,No,Yes,,Cat_6,Cluster 0,0,Age high (z=+0.61); Work Experience low (z=-0.53); Ever Married=Yes (79% vs 59%),2.2833,Cluster 1,0.4248,Moderate - standard outreach,2.2833,3.9696,5.8698
463664,29,0.0,1.0,Low,Female,No,No,Engineer,Cat_6,Cluster 0,0,Age high (z=+0.61); Work Experience low (z=-0.53); Ever Married=Yes (79% vs 59%),4.9127,Cluster 1,0.1442,Borderline - blend or hold back,4.9127,5.7403,8.9067
463665,46,1.0,3.0,Average,Male,Yes,Yes,Entertainment,Cat_6,Cluster 0,0,Age high (z=+0.61); Work Experience low (z=-0.53); Ever Married=Yes (79% vs 59%),1.4641,Cluster 1,0.5892,Clear - automate,1.4641,3.5635,6.623
463669,26,5.0,4.0,High,Female,Yes,Yes,Marketing,Cat_2,Cluster 2,2,Work Experience high (z=+1.58); Age low (z=-0.33); Family Size low (z=-0.27),3.9898,Cluster 1,0.0879,Borderline - blend or hold back,7.6281,4.3742,3.9898
463670,26,,4.0,Low,Female,No,Yes,Healthcare,Cat_6,Cluster 1,1,Family Size high (z=+0.93); Age low (z=-0.77); Ever Married=Yes (31% vs 59%),1.1207,Cluster 0,0.8013,Clear - automate,5.6417,1.1207,7.2924
463689,41,1.0,,Low,Female,Yes,Yes,Doctor,Cat_6,Cluster 0,0,Age high (z=+0.61); Work Experience low (z=-0.53); Ever Married=Yes (79% vs 59%),1.8293,Cluster 1,0.4078,Moderate - standard outreach,1.8293,3.0893,5.4178
463699,38,9.0,3.0,Low,Female,Yes,Yes,Marketing,Cat_6,Cluster 2,2,Work Experience high (z=+1.58); Age low (z=-0.33); Family Size low (z=-0.27),0.6643,Cluster 0,0.9169,Clear - automate,7.9961,8.2865,0.6643
463703,69,1.0,4.0,High,Male,Yes,No,Executive,Cat_6,Cluster 0,0,Age high (z=+0.61); Work Experience low (z=-0.53); Ever Married=Yes (79% vs 59%),3.7785,Cluster 1,0.4585,Clear - automate,3.7785,6.9777,11.3353
463704,46,0.0,2.0,Low,Male,No,Yes,Artist,Cat_6,Cluster 0,0,Age high (z=+0.61); Work Experience low (z=-0.53); Ever Married=Yes (79% vs 59%),0.7992,Cluster 1,0.8106,Clear - automate,0.7992,4.2191,7.5066
463707,40,0.0,1.0,Low,Female,No,No,Artist,Cat_5,Cluster 0,0,Age high (z=+0.61); Work Experience low (z=-0.53); Ever Married=Yes (79% vs 59%),3.3734,Cluster 1,0.4848,Clear - automate,3.3734,6.5481,8.6225
463713,25,9.0,3.0,Low,Male,No,No,Engineer,Cat_4,Cluster 2,2,Work Experience high (z=+1.58); Age low (z=-0.33); Family Size low (z=-0.27),3.29,Cluster 1,0.5439,Clear - automate,11.105,7.2125,3.29
463714,59,1.0,2.0,Average,Male,Yes,No,,Cat_4,Cluster 0,0,Age high (z=+0.61); Work Experience low (z=-0.53); Ever Married=Yes (79% vs 59%),2.1396,Cluster 1,0.7022,Clear - automate,2.1396,7.1842,9.008
463716,26,1.0,4.0,Low,Male,No,No,Doctor,Cat_6,Cluster 1,1,Family Size high (z=+0.93); Age low (z=-0.77); Ever Married=Yes (31% vs 59%),0.6207,Cluster 0,0.89,Clear - automate,5.6417,0.6207,8.2924
463718,33,0.0,4.0,Low,Female,No,Yes,Artist,Cat_6,Cluster 1,1,Family Size high (z=+0.93); Age low (z=-0.77); Ever Married=Yes (31% vs 59%),1.694,Cluster 0,0.5745,Clear - automate,3.9814,1.694,7.753
463722,56,8.0,2.0,High,Male,Yes,Yes,Executive,Cat_6,Cluster 2,2,Work Experience high (z=+1.58); Age low (z=-0.33); Family Size low (z=-0.27),2.812,Cluster 0,0.4926,Clear - automate,5.5416,10.6748,2.812
463724,30,0.0,5.0,Low,Male,No,No,Healthcare,Cat_4,Cluster 1,1,Family Size high (z=+0.93); Age low (z=-0.77); Ever Married=Yes (31% vs 59%),0.8744,Cluster 0,0.8823,Clear - automate,7.4277,0.8744,11.6308
463726,26,0.0,3.0,Low,Female,No,No,Healthcare,Cat_6,Cluster 1,1,Family Size high (z=+0.93); Age low (z=-0.77); Ever Married=Yes (31% vs 59%),1.4186,Cluster 0,0.7229,Clear - automate,5.1191,1.4186,8.3183
463727,28,0.0,5.0,Low,Female,No,No,Doctor,Cat_3,Cluster 1,1,Family Size high (z=+0.93); Age low (z=-0.77); Ever Married=Yes (31% vs 59%),1.9002,Cluster 0,0.7708,Clear - automate,8.2893,1.9002,11.2643
463728,28,0.0,6.0,Average,Female,Yes,No,Doctor,Cat_6,Cluster 1,1,Family Size high (z=+0.93); Age low (z=-0.77); Ever Married=Yes (31% vs 59%),3.4554,Cluster 0,0.6742,Clear - automate,10.6067,3.4554,13.3554
463732,20,1.0,4.0,Low,Male,No,No,Healthcare,Cat_6,Cluster 1,1,Family Size high (z=+0.93); Age low (z=-0.77); Ever Married=Yes (31% vs 59%),0.4656,Cluster 0,0.9334,Clear - automate,6.994,0.4656,8.9602
463734,41,1.0,3.0,Average,Male,Yes,No,Executive,Cat_6,Cluster 0,0,Age high (z=+0.61); Work Experience low (z=-0.53); Ever Married=Yes (79% vs 59%),2.3293,Cluster 1,0.1004,Borderline - blend or hold back,2.3293,2.5893,6.9178
463741,37,0.0,3.0,High,Male,Yes,Yes,Artist,Cat_6,Cluster 0,0,Age high (z=+0.61); Work Experience low (z=-0.53); Ever Married=Yes (79% vs 59%),1.8346,Cluster 1,0.3846,Moderate - standard outreach,1.8346,2.9811,7.2889
463745,59,1.0,3.0,Average,Male,Yes,Yes,Artist,Cat_3,Cluster 0,0,Age high (z=+0.61); Work Experience low (z=-0.53); Ever Married=Yes (79% vs 59%),1.3838,Cluster 1,0.7756,Clear - automate,1.3838,6.1661,8.0259
463747,43,0.0,2.0,Average,Female,Yes,Yes,Artist,Cat_6,Cluster 0,0,Age high (z=+0.61); Work Experience low (z=-0.53); Ever Married=Yes (79% vs 59%),1.4961,Cluster 1,0.7236,Clear - automate,1.4961,5.4123,6.8612
463748,20,1.0,3.0,Low,Male,No,No,Healthcare,Cat_6,Cluster 1,1,Family Size high (z=+0.93); Age low (z=-0.77); Ever Married=Yes (31% vs 59%),1.1259,Cluster 0,0.8089,Clear - automate,5.8921,1.1259,8.0845
463753,30,1.0,5.0,Low,Female,No,Yes,Healthcare,Cat_2,Cluster 1,1,Family Size high (z=+0.93); Age low (z=-0.77); Ever Married=Yes (31% vs 59%),1.7369,Cluster 0,0.7636,Clear - automate,7.3484,1.7369,9.2293
463756,66,0.0,2.0,Average,Male,Yes,No,Executive,Cat_6,Cluster 0,0,Age high (z=+0.61); Work Experience low (z=-0.53); Ever Married=Yes (79% vs 59%),2.1958,Cluster 1,0.7409,Clear - automate,2.1958,8.474,11.1852
463761,28,1.0,3.0,Average,Male,Yes,Yes,Artist,Cat_6,Cluster 1,1,Family Size high (z=+0.93); Age low (z=-0.77); Ever Married=Yes (31% vs 59%),2.7255,Cluster 0,0.1343,Borderline - blend or hold back,3.1484,2.7255,6.2536
463764,49,0.0,3.0,Average,Male,Yes,Yes,Entertainment,Cat_6,Cluster 0,0,Age high (z=+0.61); Work Experience low (z=-0.53); Ever Married=Yes (79% vs 59%),1.4134,Cluster 1,0.6531,Clear - automate,1.4134,4.0748,8.2368
463766,61,0.0,3.0,Average,Female,Yes,Yes,Artist,,Cluster 0,0,Age high (z=+0.61); Work Experience low (z=-0.53); Ever Married=Yes (79% vs 59%),2.0622,Cluster 1,0.7151,Clear - automate,2.0622,7.2385,9.2548
463767,27,9.0,2.0,Average,Male,Yes,Yes,Artist,Cat_6,Cluster 2,2,Work Experience high (z=+1.58); Age low (z=-0.33); Family Size low (z=-0.27),1.5941,Cluster 0,0.822,Clear - automate,8.9547,9.6602,1.5941
463768,35,1.0,1.0,Low,Female,Yes,No,Engineer,Cat_4,Cluster 0,0,Age high (z=+0.61); Work Experience low (z=-0.53); Ever Married=Yes (79% vs 59%),3.8823,Cluster 1,0.417,Moderate - standard outreach,3.8823,6.6592,7.2387
463774,33,0.0,2.0,Average,Male,Yes,Yes,Healthcare,Cat_6,Cluster 0,0,Age high (z=+0.61); Work Experience low (z=-0.53); Ever Married=Yes (79% vs 59%),2.6353,Cluster 1,0.3195,Moderate - standard outreach,2.6353,3.8724,7.8595
463776,36,2.0,2.0,Average,Female,Yes,Yes,Artist,Cat_6,Cluster 0,0,Age high (z=+0.61); Work Experience low (z=-0.53); Ever Married=Yes (79% vs 59%),2.2373,Cluster 2,0.4621,Clear - automate,2.2373,4.8617,4.1593
463782,27,9.0,1.0,Low,Female,No,Yes,Artist,Cat_6,Cluster 2,2,Work Experience high (z=+1.58); Age low (z=-0.33); Family Size low (z=-0.27),1.9339,Cluster 0,0.8079,Clear - automate,10.0683,11.5361,1.9339
463783,29,,,Low,Female,No,No,Healthcare,,Cluster 1,1,Family Size high (z=+0.93); Age low (z=-0.77); Ever Married=Yes (31% vs 59%),1.7089,Cluster 0,0.6557,Clear - automate,4.9639,1.7089,7.1832
463784,31,1.0,5.0,Low,Female,No,No,Engineer,Cat_4,Cluster 1,1,Family Size high (z=+0.93); Age low (z=-0.77); Ever Married=Yes (31% vs 59%),1.7351,Cluster 0,0.774,Clear - automate,7.6788,1.7351,9.6738
463785,30,0.0,4.0,Low,Female,No,No,Healthcare,Cat_4,Cluster 1,1,Family Size high (z=+0.93); Age low (z=-0.77); Ever Married=Yes (31% vs 59%),1.177,Cluster 0,0.8028,Clear - automate,5.968,1.177,9.3974
463786,43,,2.0,Average,Female,Yes,Yes,Artist,Cat_6,Cluster 0,0,Age high (z=+0.61); Work Experience low (z=-0.53); Ever Married=Yes (79% vs 59%),1.4168,Cluster 1,0.7314,Clear - automate,1.4168,5.2748,5.4597
463790,47,1.0,4.0,Low,Male,Yes,No,Executive,Cat_4,Cluster 1,1,Family Size high (z=+0.93); Age low (z=-0.77); Ever Married=Yes (31% vs 59%),2.5204,Cluster 0,0.1641,Borderline - blend or hold back,3.0152,2.5204,8.062
463792,42,,1.0,Low,Female,No,No,Engineer,Cat_6,Cluster 0,0,Age high (z=+0.61); Work Experience low (z=-0.53); Ever Married=Yes (79% vs 59%),3.1109,Cluster 1,0.4869,Clear - automate,3.1109,6.0632,7.2659
463794,33,,5.0,Low,Female,No,Yes,Healthcare,Cat_2,Cluster 1,1,Family Size high (z=+0.93); Age low (z=-0.77); Ever Married=Yes (31% vs 59%),1.7539,Cluster 0,0.7444,Clear - automate,6.8617,1.7539,9.0849
463799,36,1.0,4.0,Low,Female,No,Yes,Artist,Cat_2,Cluster 1,1,Family Size high (z=+0.93); Age low (z=-0.77); Ever Married=Yes (31% vs 59%),2.1404,Cluster 0,0.4625,Clear - automate,3.9823,2.1404,6.774
463800,30,1.0,3.0,Low,Female,No,Yes,Engineer,Cat_6,Cluster 1,1,Family Size high (z=+0.93); Age low (z=-0.77); Ever Married=Yes (31% vs 59%),2.1998,Cluster 0,0.4191,Moderate - standard outreach,3.7868,2.1998,6.1202
463804,60,9.0,1.0,Low,Male,Yes,Yes,Artist,Cat_6,Cluster 2,2,Work Experience high (z=+1.58); Age low (z=-0.33); Family Size low (z=-0.27),3.2883,Cluster 0,0.5061,Clear - automate,6.6575,14.6663,3.2883
463807,32,0.0,3.0,Low,Female,No,Yes,Healthcare,Cat_4,Cluster 1,1,Family Size high (z=+0.93); Age low (z=-0.77); Ever Married=Yes (31% vs 59%),2.3412,Cluster 0,0.4197,Moderate - standard outreach,4.0342,2.3412,7.9181
463811,32,0.0,2.0,Average,Female,Yes,Yes,Artist,Cat_4,Cluster 0,0,Age high (z=+0.61); Work Experience low (z=-0.53); Ever Married=Yes (79% vs 59%),3.2901,Cluster 1,0.3861,Moderate - standard outreach,3.2901,5.3593,7.4002
463814,28,7.0,3.0,Low,Female,No,No,Healthcare,Cat_5,Cluster 2,2,Work Experience high (z=+1.58); Age low (z=-0.33); Family Size low (z=-0.27),2.6319,Cluster 1,0.4386,Moderate - standard outreach,8.4601,4.6879,2.6319
463816,46,2.0,4.0,High,Male,Yes,Yes,Healthcare,Cat_7,Cluster 1,1,Family Size high (z=+0.93); Age low (z=-0.77); Ever Married=Yes (31% vs 59%),2.9461,Cluster 0,0.0698,Borderline - blend or hold back,3.167,2.9461,6.7775
463818,38,4.0,1.0,Low,Female,Yes,Yes,Artist,Cat_6,Cluster 2,2,Work Experience high (z=+1.58); Age low (z=-0.33); Family Size low (z=-0.27),2.5833,Cluster 0,0.094,Borderline - blend or hold back,2.8514,7.4573,2.5833
463819,28,8.0,,Low,Male,Yes,,Artist,Cat_6,Cluster 2,2,Work Experience high (z=+1.58); Age low (z=-0.33); Family Size low (z=-0.27),1.4928,Cluster 1,0.7635,Clear - automate,7.6433,6.3128,1.4928
463821,30,7.0,2.0,Low,Male,Yes,Yes,Entertainment,Cat_6,Cluster 2,2,Work Experience high (z=+1.58); Age low (z=-0.33); Family Size low (z=-0.27),1.4806,Cluster 0,0.7471,Clear - automate,5.8544,6.6801,1.4806
463825,52,0.0,3.0,Average,Female,Yes,Yes,Artist,,Cluster 0,0,Age high (z=+0.61); Work Experience low (z=-0.53); Ever Married=Yes (79% vs 59%),1.8502,Cluster 1,0.6645,Clear - automate,1.8502,5.5154,8.016
463827,46,1.0,4.0,Average,Female,Yes,Yes,Engineer,Cat_6,Cluster 0,0,Age high (z=+0.61); Work Experience low (z=-0.53); Ever Married=Yes (79% vs 59%),3.066,Cluster 1,0.0991,Borderline - blend or hold back,3.066,3.4032,6.9986
463828,37,0.0,2.0,Average,Male,Yes,No,Engineer,Cat_1,Cluster 0,0,Age high (z=+0.61); Work Experience low (z=-0.53); Ever Married=Yes (79% vs 59%),3.0904,Cluster 1,0.3131,Moderate - standard outreach,3.0904,4.4992,8.771
463830,25,2.0,3.0,Low,Female,No,Yes,Engineer,Cat_6,Cluster 1,1,Family Size high (z=+0.93); Age low (z=-0.77); Ever Married=Yes (31% vs 59%),2.3628,Cluster 0,0.5126,Clear - automate,4.8476,2.3628,5.2883
463834,43,1.0,4.0,Average,Female,Yes,Yes,Engineer,Cat_6,Cluster 1,1,Family Size high (z=+0.93); Age low (z=-0.77); Ever Married=Yes (31% vs 59%),3.0964,Cluster 0,0.051,Borderline - blend or hold back,3.2628,3.0964,6.8532
463835,32,0.0,4.0,Low,Male,No,No,Marketing,Cat_6,Cluster 1,1,Family Size high (z=+0.93); Age low (z=-0.77); Ever Married=Yes (31% vs 59%),0.6809,Cluster 0,0.8531,Clear - automate,4.6362,0.6809,9.2937
463842,50,1.0,4.0,High,Female,Yes,Yes,Engineer,Cat_6,Cluster 0,0,Age high (z=+0.61); Work Experience low (z=-0.53); Ever Married=Yes (79% vs 59%),2.9075,Cluster 1,0.2576,Moderate - standard outreach,2.9075,3.9164,7.2966
463847,43,3.0,3.0,Average,Male,Yes,No,Artist,Cat_6,Cluster 0,0,Age high (z=+0.61); Work Experience low (z=-0.53); Ever Married=Yes (79% vs 59%),2.0434,Cluster 1,0.324,Moderate - standard outreach,2.0434,3.0227,4.2156
463856,37,0.0,2.0,Average,Male,Yes,Yes,Artist,Cat_4,Cluster 0,0,Age high (z=+0.61); Work Experience low (z=-0.53); Ever Married=Yes (79% vs 59%),2.0904,Cluster 1,0.5818,Clear - automate,2.0904,4.9992,7.771
463857,61,0.0,4.0,High,Male,Yes,No,Healthcare,Cat_7,Cluster 0,0,Age high (z=+0.61); Work Experience low (z=-0.53); Ever Married=Yes (79% vs 59%),3.6641,Cluster 1,0.2785,Moderate - standard outreach,3.6641,5.0782,11.6304
463859,39,5.0,2.0,Average,Male,Yes,Yes,Artist,Cat_6,Cluster 2,2,Work Experience high (z=+1.58); Age low (z=-0.33); Family Size low (z=-0.27),2.0672,Cluster 0,0.2536,Moderate - standard outreach,2.7697,5.7231,2.0672
463865,46,1.0,5.0,Average,Male,Yes,Yes,Artist,Cat_6,Cluster 1,1,Family Size high (z=+0.93); Age low (z=-0.77); Ever Married=Yes (31% vs 59%),3.1007,Cluster 0,0.2298,Moderate - standard outreach,4.0256,3.1007,8.7321
463877,37,0.0,4.0,Average,Male,Yes,No,Entertainment,Cat_4,Cluster 1,1,Family Size high (z=+0.93); Age low (z=-0.77); Ever Married=Yes (31% vs 59%),2.3208,Cluster 0,0.4769,Clear - automate,4.4365,2.3208,9.6646
463880,36,0.0,3.0,Low,Female,Yes,No,Engineer,Cat_2,Cluster 1,1,Family Size high (z=+0.93); Age low (z=-0.77); Ever Married=Yes (31% vs 59%),2.9383,Cluster 0,0.1507,Borderline - blend or hold back,3.4597,2.9383,7.7999
463884,28,0.0,1.0,Low,Female,No,No,Artist,Cat_6,Cluster 0,0,Age high (z=+0.61); Work Experience low (z=-0.53); Ever Married=Yes (79% vs 59%),4.5972,Cluster 1,0.2015,Moderate - standard outreach,4.5972,5.757,8.4771
463891,86,0.0,1.0,Low,Male,Yes,Yes,Lawyer,Cat_6,Cluster 0,0,Age high (z=+0.61); Work Experience low (z=-0.53); Ever Married=Yes (79% vs 59%),5.1784,Cluster 2,0.6895,Clear - automate,5.1784,17.577,16.6759
463892,42,8.0,1.0,Low,Male,No,Yes,Artist,Cat_6,Cluster 2,2,Work Experience high (z=+1.58); Age low (z=-0.33); Family Size low (z=-0.27),2.0051,Cluster 0,0.6716,Clear - automate,6.1058,10.1504,2.0051
463904,82,1.0,1.0,Low,Male,Yes,Yes,Executive,Cat_6,Cluster 0,0,Age high (z=+0.61); Work Experience low (z=-0.53); Ever Married=Yes (79% vs 59%),4.1876,Cluster 2,0.6989,Clear - automate,4.1876,15.8563,13.9064
463917,18,1.0,8.0,Low,Female,No,No,Healthcare,Cat_4,Cluster 1,1,Family Size high (z=+0.93); Age low (z=-0.77); Ever Married=Yes (31% vs 59%),7.5763,Cluster 2,0.6447,Clear - automate,21.4894,7.5763,21.3225
463923,18,0.0,4.0,Low,Female,No,No,Engineer,Cat_6,Cluster 1,1,Family Size high (z=+0.93); Age low (z=-0.77); Ever Married=Yes (31% vs 59%),1.7775,Cluster 0,0.7801,Clear - automate,8.0835,1.7775,10.1438
463924,36,1.0,1.0,Low,Female,No,Yes,Artist,Cat_5,Cluster 0,0,Age high (z=+0.61); Work Experience low (z=-0.53); Ever Married=Yes (79% vs 59%),3.2498,Cluster 1,0.5146,Clear - automate,3.2498,6.6946,6.7203
463926,26,1.0,6.0,Low,Female,No,No,Engineer,Cat_6,Cluster 1,1,Family Size high (z=+0.93); Age low (z=-0.77); Ever Married=Yes (31% vs 59%),2.3734,Cluster 0,0.7826,Clear - automate,10.9188,2.3734,12.117
463931,49,1.0,2.0,Average,Male,Yes,Yes,Entertainment,Cat_6,Cluster 0,0,Age high (z=+0.61); Work Experience low (z=-0.53); Ever Married=Yes (79% vs 59%),1.0899,Cluster 1,0.8002,Clear - automate,1.0899,5.4554,6.8174
463932,69,1.0,3.0,Average,Female,Yes,Yes,Artist,Cat_6,Cluster 0,0,Age high (z=+0.61); Work Experience low (z=-0.53); Ever Married=Yes (79% vs 59%),2.1766,Cluster 1,0.748,Clear - automate,2.1766,8.638,8.9597
463941,29,1.0,6.0,Low,Female,No,No,Artist,Cat_4,Cluster 1,1,Family Size high (z=+0.93); Age low (z=-0.77); Ever Married=Yes (31% vs 59%),2.8013,Cluster 0,0.7292,Clear - automate,10.3429,2.8013,11.8835
463943,68,1.0,2.0,Low,Male,No,Yes,Entertainment,Cat_6,Cluster 0,0,Age high (z=+0.61); Work Experience low (z=-0.53); Ever Married=Yes (79% vs 59%),1.8197,Cluster 1,0.7827,Clear - automate,1.8197,8.3754,9.715
463946,33,4.0,3.0,Low,Male,No,No,Healthcare,Cat_4,Cluster 1,1,Family Size high (z=+0.93); Age low (z=-0.77); Ever Married=Yes (31% vs 59%),1.8864,Cluster 2,0.5667,Clear - automate,4.6444,1.8864,4.3534
463948,38,3.0,5.0,High,Male,Yes,No,Executive,Cat_6,Cluster 1,1,Family Size high (z=+0.93); Age low (z=-0.77); Ever Married=Yes (31% vs 59%),2.197,Cluster 0,0.6388,Clear - automate,6.0817,2.197,7.2309
463951,52,1.0,3.0,Average,Male,Yes,No,Entertainment,Cat_6,Cluster 0,0,Age high (z=+0.61); Work Experience low (z=-0.53); Ever Married=Yes (79% vs 59%),1.771,Cluster 1,0.5433,Clear - automate,1.771,3.8779,7.6144
463955,28,1.0,2.0,Low,Male,Yes,Yes,Artist,Cat_6,Cluster 0,0,Age high (z=+0.61); Work Experience low (z=-0.53); Ever Married=Yes (79% vs 59%),2.4043,Cluster 1,0.3578,Moderate - standard outreach,2.4043,3.7436,5.7357
463958,27,1.0,5.0,Low,Female,No,No,Healthcare,Cat_2,Cluster 1,1,Family Size high (z=+0.93); Age low (z=-0.77); Ever Married=Yes (31% vs 59%),1.2867,Cluster 0,0.8469,Clear - automate,8.402,1.2867,9.9406
463961,28,0.0,4.0,Low,Female,No,No,Engineer,Cat_4,Cluster 1,1,Family Size high (z=+0.93); Age low (z=-0.77); Ever Married=Yes (31% vs 59%),1.7027,Cluster 0,0.731,Clear - automate,6.3296,1.7027,9.5308
463963,25,7.0,3.0,High,Female,Yes,No,Engineer,Cat_6,Cluster 2,2,Work Experience high (z=+1.58); Age low (z=-0.33); Family Size low (z=-0.27),2.3877,Cluster 1,0.5871,Clear - automate,8.5583,5.7823,2.3877
463966,30,8.0,1.0,Low,Female,No,Yes,Artist,Cat_6,Cluster 2,2,Work Experience high (z=+1.58); Age low (z=-0.33); Family Size low (z=-0.27),1.6813,Cluster 0,0.7937,Clear - automate,8.1512,10.1809,1.6813
463978,40,1.0,3.0,Average,Male,Yes,Yes,Artist,Cat_2,Cluster 0,0,Age high (z=+0.61); Work Experience low (z=-0.53); Ever Married=Yes (79% vs 59%),1.9247,Cluster 1,0.4527,Clear - automate,1.9247,3.5167,6.399
463980,25,0.0,9.0,Low,Female,No,Yes,Artist,Cat_6,Cluster 1,1,Family Size high (z=+0.93); Age low (z=-0.77); Ever Married=Yes (31% vs 59%),11.362,Cluster 0,0.5227,Clear - automate,23.8037,11.362,25.5314
463981,30,5.0,1.0,Low,Female,No,Yes,Artist,,Cluster 2,2,Work Experience high (z=+1.58); Age low (z=-0.33); Family Size low (z=-0.27),3.1396,Cluster 0,0.4436,Moderate - standard outreach,5.6427,7.8471,3.1396
463983,43,0.0,2.0,Average,Female,Yes,No,Engineer,Cat_4,Cluster 0,0,Age high (z=+0.61); Work Experience low (z=-0.53); Ever Married=Yes (79% vs 59%),2.9961,Cluster 1,0.4464,Moderate - standard outreach,2.9961,5.4123,8.3612
463986,26,1.0,4.0,Low,Female,No,Yes,Artist,Cat_6,Cluster 1,1,Family Size high (z=+0.93); Age low (z=-0.77); Ever Married=Yes (31% vs 59%),1.6207,Cluster 0,0.6848,Clear - automate,5.1417,1.6207,6.7924
463997,37,0.0,3.0,Average,Female,Yes,No,Entertainment,Cat_6,Cluster 1,1,Family Size high (z=+0.93); Age low (z=-0.77); Ever Married=Yes (31% vs 59%),2.9811,Cluster 0,0.106,Borderline - blend or hold back,3.3346,2.9811,7.7889
464000,28,1.0,5.0,Low,Female,No,No,Healthcare,Cat_7,Cluster 1,1,Family Size high (z=+0.93); Age low (z=-0.77); Ever Married=Yes (31% vs 59%),1.2627,Cluster 0,0.8462,Clear - automate,8.21,1.2627,9.8627
464004,31,1.0,5.0,Low,Female,Yes,No,Marketing,Cat_4,Cluster 1,1,Family Size high (z=+0.93); Age low (z=-0.77); Ever Married=Yes (31% vs 59%),2.2351,Cluster 0,0.6886,Clear - automate,7.1788,2.2351,9.1738
464007,46,1.0,3.0,Low,Male,Yes,Yes,Artist,Cat_6,Cluster 0,0,Age high (z=+0.61); Work Experience low (z=-0.53); Ever Married=Yes (79% vs 59%),0.4641,Cluster 1,0.8485,Clear - automate,0.4641,3.0635,5.623
464009,47,5.0,4.0,Average,Female,Yes,Yes,Artist,Cat_6,Cluster 2,2,Work Experience high (z=+1.58); Age low (z=-0.33); Family Size low (z=-0.27),2.7594,Cluster 0,0.3104,Moderate - standard outreach,4.0016,4.7739,2.7594
464010,28,1.0,4.0,Low,Male,No,No,Healthcare,Cat_6,Cluster 1,1,Family Size high (z=+0.93); Age low (z=-0.77); Ever Married=Yes (31% vs 59%),0.0652,Cluster 0,0.9876,Clear - automate,5.2504,0.0652,8.1293
464013,30,0.0,1.0,Low,Male,No,No,Healthcare,Cat_6,Cluster 0,0,Age high (z=+0.61); Work Experience low (z=-0.53); Ever Married=Yes (79% vs 59%),4.2356,Cluster 1,0.1048,Borderline - blend or hold back,4.2356,4.7312,9.3437
464016,29,1.0,1.0,High,Female,,Yes,Entertainment,Cat_1,Cluster 0,0,Age high (z=+0.61); Work Experience low (z=-0.53); Ever Married=Yes (79% vs 59%),5.3334,Cluster 1,0.2985,Moderate - standard outreach,5.3334,7.6028,8.0052
464019,23,2.0,5.0,Low,Male,No,No,Artist,Cat_6,Cluster 1,1,Family Size high (z=+0.93); Age low (z=-0.77); Ever Married=Yes (31% vs 59%),1.0,Cluster 0,0.8725,Clear - automate,7.8451,1.0,8.6051
464021,22,1.0,5.0,Low,Female,No,No,Healthcare,Cat_6,Cluster 1,1,Family Size high (z=+0.93); Age low (z=-0.77); Ever Married=Yes (31% vs 59%),1.0184,Cluster 0,0.8865,Clear - automate,8.9732,1.0184,9.9413
464023,20,1.0,5.0,Low,Male,No,No,Healthcare,Cat_7,Cluster 1,1,Family Size high (z=+0.93); Age low (z=-0.77); Ever Married=Yes (31% vs 59%),1.163,Cluster 0,0.877,Clear - automate,9.4537,1.163,11.1936
464030,22,1.0,4.0,Low,Male,No,No,Entertainment,Cat_6,Cluster 1,1,Family Size high (z=+0.93); Age low (z=-0.77); Ever Married=Yes (31% vs 59%),0.8209,Cluster 0,0.874,Clear - automate,6.5135,0.8209,8.7079
464031,19,0.0,4.0,Low,Female,No,No,Healthcare,Cat_6,Cluster 1,1,Family Size high (z=+0.93); Age low (z=-0.77); Ever Married=Yes (31% vs 59%),1.1866,Cluster 0,0.8484,Clear - automate,7.8247,1.1866,9.999
464032,21,1.0,3.0,Low,Male,No,No,Healthcare,Cat_6,Cluster 1,1,Family Size high (z=+0.93); Age low (z=-0.77); Ever Married=Yes (31% vs 59%),1.0498,Cluster 0,0.8141,Clear - automate,5.6481,1.0498,7.9547
464033,19,0.0,4.0,Low,Female,No,No,Healthcare,Cat_6,Cluster 1,1,Family Size high (z=+0.93); Age low (z=-0.77); Ever Married=Yes (31% vs 59%),1.1866,Cluster 0,0.8484,Clear - automate,7.8247,1.1866,9.999
464039,39,1.0,2.0,Low,Male,No,Yes,Artist,Cat_6,Cluster 0,0,Age high (z=+0.61); Work Experience low (z=-0.53); Ever Married=Yes (79% vs 59%),1.2833,Cluster 1,0.6301,Clear - automate,1.2833,3.4696,5.8698
464042,38,8.0,2.0,Low,Female,Yes,Yes,Artist,Cat_6,Cluster 2,2,Work Experience high (z=+1.58); Age low (z=-0.33); Family Size low (z=-0.27),0.1051,Cluster 0,0.9822,Clear - automate,5.8884,8.4992,0.1051
464046,33,3.0,1.0,Low,Male,No,Yes,Healthcare,Cat_6,Cluster 0,0,Age high (z=+0.61); Work Experience low (z=-0.53); Ever Married=Yes (79% vs 59%),3.5521,Cluster 2,0.2946,Moderate - standard outreach,3.5521,5.3767,5.0358
464048,38,4.0,1.0,Low,Female,No,Yes,Homemaker,Cat_6,Cluster 2,2,Work Experience high (z=+1.58); Age low (z=-0.33); Family Size low (z=-0.27),3.5833,Cluster 0,0.0696,Borderline - blend or hold back,3.8514,6.9573,3.5833
464049,29,0.0,3.0,Low,Female,No,Yes,Healthcare,Cat_6,Cluster 1,1,Family Size high (z=+0.93); Age low (z=-0.77); Ever Married=Yes (31% vs 59%),1.8464,Cluster 0,0.5433,Clear - automate,4.0432,1.8464,7.5848
464053,35,4.0,1.0,Low,Female,Yes,No,Entertainment,Cat_6,Cluster 2,2,Work Experience high (z=+1.58); Age low (z=-0.33); Family Size low (z=-0.27),3.6162,Cluster 0,0.1444,Borderline - blend or hold back,4.2266,6.8288,3.6162
464054,32,9.0,2.0,Average,Male,Yes,Yes,Artist,Cat_6,Cluster 2,2,Work Experience high (z=+1.58); Age low (z=-0.33); Family Size low (z=-0.27),1.2791,Cluster 0,0.8415,Clear - automate,8.0692,9.6144,1.2791
464059,59,0.0,1.0,Low,Male,Yes,Yes,Artist,Cat_6,Cluster 0,0,Age high (z=+0.61); Work Experience low (z=-0.53); Ever Married=Yes (79% vs 59%),0.8325,Cluster 1,0.9095,Clear - automate,0.8325,9.1975,9.2494
464063,32,0.0,1.0,Low,Female,No,Yes,Doctor,Cat_6,Cluster 0,0,Age high (z=+0.61); Work Experience low (z=-0.53); Ever Married=Yes (79% vs 59%),3.9037,Cluster 1,0.3739,Moderate - standard outreach,3.9037,6.2351,8.24
464066,29,8.0,3.0,Low,Female,No,Yes,Healthcare,Cat_4,Cluster 2,2,Work Experience high (z=+1.58); Age low (z=-0.33); Family Size low (z=-0.27),1.9224,Cluster 1,0.6947,Clear - automate,8.9588,6.2962,1.9224
464067,31,0.0,4.0,Low,Female,No,Yes,Entertainment,Cat_2,Cluster 1,1,Family Size high (z=+0.93); Age low (z=-0.77); Ever Married=Yes (31% vs 59%),2.1752,Cluster 0,0.5895,Clear - automate,5.2984,2.1752,8.8419
464068,59,0.0,4.0,High,Male,Yes,No,Executive,Cat_6,Cluster 0,0,Age high (z=+0.61); Work Experience low (z=-0.53); Ever Married=Yes (79% vs 59%),3.065,Cluster 1,0.3399,Moderate - standard outreach,3.065,4.6433,10.8031
464071,87,0.0,2.0,High,Male,Yes,Yes,Lawyer,Cat_6,Cluster 0,0,Age high (z=+0.61); Work Experience low (z=-0.53); Ever Married=Yes (79% vs 59%),5.3113,Cluster 1,0.6704,Clear - automate,5.3113,16.1156,16.6966
464072,53,0.0,2.0,Low,Male,Yes,Yes,Executive,Cat_6,Cluster 0,0,Age high (z=+0.61); Work Experience low (z=-0.53); Ever Married=Yes (79% vs 59%),0.5999,Cluster 1,0.8947,Clear - automate,0.5999,5.6952,8.106
464076,83,0.0,2.0,High,Male,Yes,No,Lawyer,Cat_6,Cluster 0,0,Age high (z=+0.61); Work Experience low (z=-0.53); Ever Married=Yes (79% vs 59%),4.87,Cluster 1,0.6522,Clear - automate,4.87,14.0026,15.7989
464084,33,1.0,5.0,Low,Male,No,No,Healthcare,Cat_4,Cluster 1,1,Family Size high (z=+0.93); Age low (z=-0.77); Ever Married=Yes (31% vs 59%),0.7539,Cluster 0,0.8901,Clear - automate,6.8617,0.7539,10.0849
464087,26,,4.0,Low,Female,No,No,Engineer,Cat_6,Cluster 1,1,Family Size high (z=+0.93); Age low (z=-0.77); Ever Married=Yes (31% vs 59%),1.1207,Cluster 0,0.8175,Clear - automate,6.1417,1.1207,7.7924
464089,39,7.0,5.0,High,Female,Yes,Yes,Artist,,Cluster 2,2,Work Experience high (z=+1.58); Age low (z=-0.33); Family Size low (z=-0.27),3.875,Cluster 1,0.3993,Moderate - standard outreach,8.9007,6.451,3.875
464096,27,1.0,5.0,Low,Female,No,No,Healthcare,Cat_4,Cluster 1,1,Family Size high (z=+0.93); Age low (z=-0.77); Ever Married=Yes (31% vs 59%),1.2867,Cluster 0,0.8469,Clear - automate,8.402,1.2867,9.9406
464099,42,5.0,2.0,Average,Female,Yes,Yes,Artist,Cat_4,Cluster 2,2,Work Experience high (z=+1.58); Age low (z=-0.33); Family Size low (z=-0.27),2.1235,Cluster 0,0.3905,Moderate - standard outreach,3.4836,6.9408,2.1235
464103,46,4.0,2.0,Average,Male,Yes,Yes,Artist,Cat_6,Cluster 0,0,Age high (z=+0.61); Work Experience low (z=-0.53); Ever Married=Yes (79% vs 59%),1.5642,Cluster 2,0.4756,Clear - automate,1.5642,5.7512,2.9826
464110,63,0.0,2.0,High,Male,Yes,Yes,Doctor,Cat_6,Cluster 0,0,Age high (z=+0.61); Work Experience low (z=-0.53); Ever Married=Yes (79% vs 59%),1.4469,Cluster 1,0.824,Clear - automate,1.4469,8.2213,10.0939
464112,32,1.0,2.0,Low,Male,No,Yes,Doctor,Cat_6,Cluster 0,0,Age high (z=+0.61); Work Experience low (z=-0.53); Ever Married=Yes (79% vs 59%),2.7108,Cluster 1,0.1586,Borderline - blend or hold back,2.7108,3.2218,6.4986
464115,38,0.0,3.0,Low,Female,No,Yes,Engineer,Cat_6,Cluster 1,1,Family Size high (z=+0.93); Age low (z=-0.77); Ever Married=Yes (31% vs 59%),2.5314,Cluster 0,0.0683,Borderline - blend or hold back,2.7169,2.5314,7.2854
464118,38,1.0,2.0,Low,Male,No,Yes,Entertainment,Cat_6,Cluster 0,0,Age high (z=+0.61); Work Experience low (z=-0.53); Ever Married=Yes (79% vs 59%),1.8935,Cluster 1,0.445,Moderate - standard outreach,1.8935,3.4119,6.3659
464121,63,1.0,1.0,Low,Female,Yes,Yes,Engineer,Cat_6,Cluster 0,0,Age high (z=+0.61); Work Experience low (z=-0.53); Ever Married=Yes (79% vs 59%),1.9812,Cluster 2,0.7678,Clear - automate,1.9812,10.4596,8.5322
464123,45,1.0,1.0,Low,Female,No,Yes,Artist,Cat_6,Cluster 0,0,Age high (z=+0.61); Work Experience low (z=-0.53); Ever Married=Yes (79% vs 59%),1.8917,Cluster 2,0.7039,Clear - automate,1.8917,6.8477,6.389
464127,33,1.0,5.0,Low,Female,No,Yes,Healthcare,Cat_2,Cluster 1,1,Family Size high (z=+0.93); Age low (z=-0.77); Ever Married=Yes (31% vs 59%),1.7539,Cluster 0,0.7444,Clear - automate,6.8617,1.7539,9.0849
464132,27,0.0,2.0,Low,Male,No,No,Entertainment,Cat_6,Cluster 1,1,Family Size high (z=+0.93); Age low (z=-0.77); Ever Married=Yes (31% vs 59%),2.9052,Cluster 0,0.3042,Moderate - standard outreach,4.1755,2.9052,8.7151
464137,87,7.0,2.0,High,Female,Yes,No,Artist,Cat_7,Cluster 0,0,Age high (z=+0.61); Work Experience low (z=-0.53); Ever Married=Yes (79% vs 59%),9.5437,Cluster 2,0.1058,Borderline - blend or hold back,9.5437,19.4404,10.6733
464139,25,14.0,1.0,Low,Female,No,No,Healthcare,Cat_6,Cluster 2,2,Work Experience high (z=+1.58); Age low (z=-0.33); Family Size low (z=-0.27),6.0237,Cluster 1,0.6964,Clear - automate,20.9975,19.8383,6.0237
464144,61,0.0,4.0,Average,Male,Yes,Yes,Artist,Cat_6,Cluster 0,0,Age high (z=+0.61); Work Experience low (z=-0.53); Ever Married=Yes (79% vs 59%),2.1641,Cluster 1,0.612,Clear - automate,2.1641,5.5782,10.1304
464152,41,1.0,4.0,High,Male,Yes,Yes,Artist,Cat_6,Cluster 1,1,Family Size high (z=+0.93); Age low (z=-0.77); Ever Married=Yes (31% vs 59%),2.4289,Cluster 0,0.0009,Borderline - blend or hold back,2.4312,2.4289,6.7934
464162,86,,2.0,High,Male,Yes,Yes,Lawyer,Cat_6,Cluster 0,0,Age high (z=+0.61); Work Experience low (z=-0.53); Ever Married=Yes (79% vs 59%),4.9855,Cluster 2,0.6662,Clear - automate,4.9855,15.5637,14.9345
464167,51,4.0,3.0,High,Male,Yes,Yes,Executive,Cat_6,Cluster 0,0,Age high (z=+0.61); Work Experience low (z=-0.53); Ever Married=Yes (79% vs 59%),2.1288,Cluster 2,0.453,Clear - automate,2.1288,4.8932,3.8915
464169,83,0.0,2.0,High,Male,,No,Lawyer,Cat_6,Cluster 0,0,Age high (z=+0.61); Work Experience low (z=-0.53); Ever Married=Yes (79% vs 59%),5.37,Cluster 1,0.6165,Clear - automate,5.37,14.0026,16.2989
464172,60,3.0,3.0,High,Male,Yes,Yes,Artist,Cat_6,Cluster 0,0,Age high (z=+0.61); Work Experience low (z=-0.53); Ever Married=Yes (79% vs 59%),1.3121,Cluster 2,0.7581,Clear - automate,1.3121,6.1459,5.4239
464173,65,6.0,3.0,Average,Male,Yes,Yes,Artist,Cat_6,Cluster 0,0,Age high (z=+0.61); Work Experience low (z=-0.53); Ever Married=Yes (79% vs 59%),3.5791,Cluster 2,0.1666,Borderline - blend or hold back,3.5791,9.0778,4.2946
464175,32,1.0,,Low,Female,No,No,Healthcare,Cat_6,Cluster 1,1,Family Size high (z=+0.93); Age low (z=-0.77); Ever Married=Yes (31% vs 59%),1.2037,Cluster 0,0.6956,Clear - automate,3.955,1.2037,6.5165
464176,41,1.0,1.0,Low,Female,Yes,Yes,Artist,Cat_6,Cluster 0,0,Age high (z=+0.61); Work Experience low (z=-0.53); Ever Married=Yes (79% vs 59%),1.6988,Cluster 2,0.704,Clear - automate,1.6988,6.9832,5.7397
464179,56,0.0,3.0,Average,Female,Yes,Yes,Artist,Cat_6,Cluster 0,0,Age high (z=+0.61); Work Experience low (z=-0.53); Ever Married=Yes (79% vs 59%),1.3701,Cluster 1,0.7599,Clear - automate,1.3701,5.7069,7.9922
464180,74,1.0,2.0,High,Female,Yes,No,Lawyer,Cat_6,Cluster 0,0,Age high (z=+0.61); Work Experience low (z=-0.53); Ever Married=Yes (79% vs 59%),3.6075,Cluster 1,0.6771,Clear - automate,3.6075,11.1707,11.1873
464182,39,4.0,2.0,Average,Male,Yes,Yes,Artist,Cat_2,Cluster 0,0,Age high (z=+0.61); Work Experience low (z=-0.53); Ever Married=Yes (79% vs 59%),2.6276,Cluster 2,0.1909,Borderline - blend or hold back,2.6276,5.6392,3.2473
464183,42,2.0,2.0,Low,Female,No,No,Artist,Cat_6,Cluster 0,0,Age high (z=+0.61); Work Experience low (z=-0.53); Ever Married=Yes (79% vs 59%),2.0983,Cluster 1,0.4375,Moderate - standard outreach,2.0983,3.7302,4.7049
464185,68,5.0,2.0,High,Male,Yes,Yes,Artist,Cat_6,Cluster 0,0,Age high (z=+0.61); Work Experience low (z=-0.53); Ever Married=Yes (79% vs 59%),2.8061,Cluster 2,0.4815,Clear - automate,2.8061,10.6289,5.4124
464195,30,1.0,1.0,Low,Male,No,Yes,Artist,Cat_6,Cluster 0,0,Age high (z=+0.61); Work Experience low (z=-0.53); Ever Married=Yes (79% vs 59%),3.1563,Cluster 1,0.4357,Moderate - standard outreach,3.1563,5.5937,6.9422
464200,32,1.0,3.0,Low,Female,No,No,Healthcare,Cat_6,Cluster 1,1,Family Size high (z=+0.93); Age low (z=-0.77); Ever Married=Yes (31% vs 59%),1.2037,Cluster 0,0.6956,Clear - automate,3.955,1.2037,6.5165
464202,43,13.0,1.0,Low,Male,Yes,Yes,Artist,Cat_6,Cluster 2,2,Work Experience high (z=+1.58); Age low (z=-0.33); Family Size low (z=-0.27),3.5487,Cluster 0,0.7491,Clear - automate,14.1465,19.068,3.5487
464204,40,3.0,2.0,High,Female,Yes,Yes,Artist,Cat_5,Cluster 0,0,Age high (z=+0.61); Work Experience low (z=-0.53); Ever Married=Yes (79% vs 59%),2.563,Cluster 2,0.2918,Moderate - standard outreach,2.563,5.8008,3.6191
464205,87,0.0,2.0,High,Female,Yes,No,Entertainment,Cat_6,Cluster 0,0,Age high (z=+0.61); Work Experience low (z=-0.53); Ever Married=Yes (79% vs 59%),6.3113,Cluster 1,0.6084,Clear - automate,6.3113,16.1156,16.6966
464206,43,1.0,2.0,Low,Male,Yes,No,Entertainment,Cat_6,Cluster 0,0,Age high (z=+0.61); Work Experience low (z=-0.53); Ever Married=Yes (79% vs 59%),1.4168,Cluster 1,0.6247,Clear - automate,1.4168,3.7748,6.4597
464211,48,1.0,3.0,Average,Male,Yes,Yes,Doctor,Cat_2,Cluster 0,0,Age high (z=+0.61); Work Experience low (z=-0.53); Ever Married=Yes (79% vs 59%),1.87,Cluster 1,0.5657,Clear - automate,1.87,4.3053,7.2571
464212,58,0.0,2.0,Average,Female,Yes,Yes,Marketing,Cat_6,Cluster 0,0,Age high (z=+0.61); Work Experience low (z=-0.53); Ever Married=Yes (79% vs 59%),1.6805,Cluster 1,0.7793,Clear - automate,1.6805,7.6154,8.7571
464216,52,,3.0,High,Male,Yes,Yes,Artist,Cat_6,Cluster 0,0,Age high (z=+0.61); Work Experience low (z=-0.53); Ever Married=Yes (79% vs 59%),0.771,Cluster 1,0.8239,Clear - automate,0.771,4.3779,6.6144
464217,30,14.0,3.0,Low,Female,No,No,Healthcare,Cat_6,Cluster 2,2,Work Experience high (z=+1.58); Age low (z=-0.33); Family Size low (z=-0.27),4.8125,Cluster 1,0.6959,Clear - automate,19.6683,15.8242,4.8125
464223,53,2.0,2.0,Low,Female,Yes,Yes,Artist,Cat_6,Cluster 0,0,Age high (z=+0.61); Work Experience low (z=-0.53); Ever Married=Yes (79% vs 59%),0.6217,Cluster 2,0.8613,Clear - automate,0.6217,6.1005,4.4833
464226,56,3.0,3.0,Average,Female,Yes,Yes,Artist,Cat_6,Cluster 0,0,Age high (z=+0.61); Work Experience low (z=-0.53); Ever Married=Yes (79% vs 59%),1.6733,Cluster 2,0.6134,Clear - automate,1.6733,5.8355,4.3287
464231,48,1.0,4.0,Average,Male,Yes,Yes,Artist,Cat_6,Cluster 0,0,Age high (z=+0.61); Work Experience low (z=-0.53); Ever Married=Yes (79% vs 59%),1.9719,Cluster 1,0.373,Moderate - standard outreach,1.9719,3.145,7.1327
464232,28,1.0,5.0,Low,Male,Yes,No,Doctor,Cat_6,Cluster 1,1,Family Size high (z=+0.93); Age low (z=-0.77); Ever Married=Yes (31% vs 59%),1.2627,Cluster 0,0.8118,Clear - automate,6.71,1.2627,9.3627
464246,61,0.0,2.0,Average,Female,Yes,Yes,Artist,Cat_6,Cluster 0,0,Age high (z=+0.61); Work Experience low (z=-0.53); Ever Married=Yes (79% vs 59%),1.318,Cluster 1,0.8404,Clear - automate,1.318,8.2566,8.7369
464254,62,1.0,3.0,Average,Male,Yes,Yes,Entertainment,Cat_6,Cluster 0,0,Age high (z=+0.61); Work Experience low (z=-0.53); Ever Married=Yes (79% vs 59%),1.5436,Cluster 1,0.7561,Clear - automate,1.5436,6.3296,8.528
464255,49,1.0,5.0,Average,Female,Yes,Yes,Artist,Cat_4,Cluster 1,1,Family Size high (z=+0.93); Age low (z=-0.77); Ever Married=Yes (31% vs 59%),4.4744,Cluster 0,0.086,Borderline - blend or hold back,4.8957,4.4744,8.9444
464257,40,0.0,2.0,High,Male,Yes,,Entertainment,Cat_6,Cluster 0,0,Age high (z=+0.61); Work Experience low (z=-0.53); Ever Married=Yes (79% vs 59%),2.2598,Cluster 1,0.5163,Clear - automate,2.2598,4.6723,8.2827
464265,62,1.0,2.0,Low,Male,Yes,Yes,Entertainment,Cat_6,Cluster 0,0,Age high (z=+0.61); Work Experience low (z=-0.53); Ever Married=Yes (79% vs 59%),0.7994,Cluster 1,0.8912,Clear - automate,0.7994,7.3477,8.0101
464269,35,1.0,,Low,Male,No,Yes,Entertainment,Cat_1,Cluster 1,1,Family Size high (z=+0.93); Age low (z=-0.77); Ever Married=Yes (31% vs 59%),2.2653,Cluster 0,0.2481,Moderate - standard outreach,3.0129,2.2653,6.9167
464270,48,4.0,1.0,Low,Female,No,Yes,Artist,Cat_6,Cluster 0,0,Age high (z=+0.61); Work Experience low (z=-0.53); Ever Married=Yes (79% vs 59%),2.5837,Cluster 2,0.2525,Moderate - standard outreach,2.5837,7.8687,3.4566
464271,36,1.0,3.0,Average,Female,Yes,Yes,Artist,Cat_2,Cluster 0,0,Age high (z=+0.61); Work Experience low (z=-0.53); Ever Married=Yes (79% vs 59%),2.8804,Cluster 1,0.2422,Moderate - standard outreach,2.8804,3.8007,5.8983
464274,56,1.0,5.0,Average,Female,Yes,Yes,Artist,Cat_6,Cluster 0,0,Age high (z=+0.61); Work Experience low (z=-0.53); Ever Married=Yes (79% vs 59%),4.3524,Cluster 1,0.1477,Borderline - blend or hold back,4.3524,5.1066,9.1998
464276,66,0.0,2.0,High,Female,Yes,No,Marketing,Cat_1,Cluster 0,0,Age high (z=+0.61); Work Experience low (z=-0.53); Ever Married=Yes (79% vs 59%),3.1958,Cluster 1,0.6627,Clear - automate,3.1958,9.474,11.1852
464283,40,6.0,2.0,Low,Male,No,Yes,Artist,Cat_6,Cluster 2,2,Work Experience high (z=+1.58); Age low (z=-0.33); Family Size low (z=-0.27),1.5788,Cluster 0,0.5476,Clear - automate,3.4894,5.5525,1.5788
464286,57,0.0,2.0,Average,Female,Yes,Yes,Artist,Cat_6,Cluster 0,0,Age high (z=+0.61); Work Experience low (z=-0.53); Ever Married=Yes (79% vs 59%),1.1495,Cluster 1,0.845,Clear - automate,1.1495,7.4165,8.112
464287,42,,3.0,Average,Male,Yes,Yes,Artist,Cat_2,Cluster 0,0,Age high (z=+0.61); Work Experience low (z=-0.53); Ever Married=Yes (79% vs 59%),1.7414,Cluster 1,0.5254,Clear - automate,1.7414,3.6693,6.444
464289,35,1.0,3.0,Low,Male,Yes,No,Marketing,Cat_6,Cluster 1,1,Family Size high (z=+0.93); Age low (z=-0.77); Ever Married=Yes (31% vs 59%),1.7653,Cluster 0,0.2975,Moderate - standard outreach,2.5129,1.7653,6.4167
464292,58,0.0,2.0,Average,Male,Yes,Yes,Artist,Cat_6,Cluster 0,0,Age high (z=+0.61); Work Experience low (z=-0.53); Ever Married=Yes (79% vs 59%),0.6805,Cluster 1,0.9044,Clear - automate,0.6805,7.1154,8.7571
464297,29,8.0,5.0,Low,Male,No,No,Artist,Cat_5,Cluster 2,2,Work Experience high (z=+1.58); Age low (z=-0.33); Family Size low (z=-0.27),5.0315,Cluster 1,0.0566,Borderline - blend or hold back,11.5204,5.3333,5.0315
464298,26,0.0,1.0,Low,Male,No,No,Doctor,Cat_6,Cluster 0,0,Age high (z=+0.61); Work Experience low (z=-0.53); Ever Married=Yes (79% vs 59%),4.9885,Cluster 1,0.061,Borderline - blend or hold back,4.9885,5.3125,9.6403
464308,84,1.0,2.0,High,Female,Yes,Yes,Lawyer,Cat_6,Cluster 0,0,Age high (z=+0.61); Work Experience low (z=-0.53); Ever Married=Yes (79% vs 59%),5.0149,Cluster 2,0.6349,Clear - automate,5.0149,15.2572,13.7357
464318,86,0.0,1.0,Low,Male,Yes,Yes,Executive,Cat_6,Cluster 0,0,Age high (z=+0.61); Work Experience low (z=-0.53); Ever Married=Yes (79% vs 59%),5.1784,Cluster 2,0.6895,Clear - automate,5.1784,17.577,16.6759
464320,77,1.0,2.0,High,Male,Yes,No,Lawyer,Cat_6,Cluster 0,0,Age high (z=+0.61); Work Experience low (z=-0.53); Ever Married=Yes (79% vs 59%),3.6017,Cluster 1,0.6913,Clear - automate,3.6017,11.6686,12.5238
464326,37,0.0,3.0,Low,Female,No,Yes,Artist,Cat_6,Cluster 0,0,Age high (z=+0.61); Work Experience low (z=-0.53); Ever Married=Yes (79% vs 59%),2.3346,Cluster 1,0.0591,Borderline - blend or hold back,2.3346,2.4811,6.7889
464332,74,0.0,2.0,High,Male,Yes,No,Executive,Cat_6,Cluster 0,0,Age high (z=+0.61); Work Experience low (z=-0.53); Ever Married=Yes (79% vs 59%),3.1868,Cluster 1,0.7052,Clear - automate,3.1868,10.8082,13.0888
464339,27,1.0,2.0,Low,Male,No,No,Artist,Cat_6,Cluster 1,1,Family Size high (z=+0.93); Age low (z=-0.77); Ever Married=Yes (31% vs 59%),2.7676,Cluster 0,0.2304,Moderate - standard outreach,3.5962,2.7676,6.8136
464344,56,0.0,1.0,Low,Female,Yes,Yes,Artist,Cat_6,Cluster 0,0,Age high (z=+0.61); Work Experience low (z=-0.53); Ever Married=Yes (79% vs 59%),1.2396,Cluster 2,0.8509,Clear - automate,1.2396,9.1008,8.3142
464351,27,0.0,1.0,Low,Female,No,Yes,Healthcare,Cat_6,Cluster 0,0,Age high (z=+0.61); Work Experience low (z=-0.53); Ever Married=Yes (79% vs 59%),4.7891,Cluster 1,0.1716,Borderline - blend or hold back,4.7891,5.781,8.555
464364,39,7.0,2.0,Average,Male,Yes,Yes,Artist,Cat_6,Cluster 2,2,Work Experience high (z=+1.58); Age low (z=-0.33); Family Size low (z=-0.27),1.248,Cluster 0,0.7284,Clear - automate,4.595,7.432,1.248
464368,35,3.0,2.0,Average,Male,Yes,Yes,Entertainment,Cat_6,Cluster 0,0,Age high (z=+0.61); Work Experience low (z=-0.53); Ever Married=Yes (79% vs 59%),2.6512,Cluster 2,0.3591,Moderate - standard outreach,2.6512,4.5494,4.1368
464370,66,1.0,2.0,Average,Male,Yes,Yes,Entertainment,Cat_6,Cluster 0,0,Age high (z=+0.61); Work Experience low (z=-0.53); Ever Married=Yes (79% vs 59%),1.6166,Cluster 1,0.8171,Clear - automate,1.6166,8.8365,9.2836
464373,47,0.0,2.0,Low,Female,No,Yes,Artist,Cat_6,Cluster 0,0,Age high (z=+0.61); Work Experience low (z=-0.53); Ever Married=Yes (79% vs 59%),1.2484,Cluster 1,0.7419,Clear - automate,1.2484,4.8363,7.0699
464378,36,8.0,2.0,Average,Female,Yes,Yes,Artist,Cat_6,Cluster 2,2,Work Experience high (z=+1.58); Age low (z=-0.33); Family Size low (z=-0.27),0.6196,Cluster 0,0.9066,Clear - automate,6.6311,8.9061,0.6196
464381,43,4.0,2.0,Average,Male,Yes,Yes,Artist,Cat_6,Cluster 0,0,Age high (z=+0.61); Work Experience low (z=-0.53); Ever Married=Yes (79% vs 59%),1.761,Cluster 2,0.3793,Moderate - standard outreach,1.761,5.4443,2.8372
464382,55,0.0,4.0,Average,Female,Yes,Yes,Artist,Cat_6,Cluster 0,0,Age high (z=+0.61); Work Experience low (z=-0.53); Ever Married=Yes (79% vs 59%),2.4559,Cluster 1,0.4949,Clear - automate,2.4559,4.8626,8.7377
464386,41,0.0,3.0,Average,Male,Yes,Yes,Doctor,Cat_6,Cluster 0,0,Age high (z=+0.61); Work Experience low (z=-0.53); Ever Married=Yes (79% vs 59%),1.9086,Cluster 1,0.4085,Moderate - standard outreach,1.9086,3.2268,7.8193
464387,26,9.0,5.0,Low,Female,No,Yes,Artist,Cat_6,Cluster 2,2,Work Experience high (z=+1.58); Age low (z=-0.33); Family Size low (z=-0.27),3.8063,Cluster 1,0.4721,Clear - automate,12.9598,7.2108,3.8063
464389,72,0.0,2.0,High,Male,Yes,Yes,Artist,Cat_2,Cluster 0,0,Age high (z=+0.61); Work Experience low (z=-0.53); Ever Married=Yes (79% vs 59%),2.3944,Cluster 1,0.7858,Clear - automate,2.3944,11.1801,12.0683
464392,59,0.0,2.0,Average,Male,Yes,,Artist,Cat_6,Cluster 0,0,Age high (z=+0.61); Work Experience low (z=-0.53); Ever Married=Yes (79% vs 59%),1.2189,Cluster 1,0.8335,Clear - automate,1.2189,7.3217,9.4096
464396,38,1.0,3.0,Average,Male,Yes,Yes,Entertainment,Cat_6,Cluster 0,0,Age high (z=+0.61); Work Experience low (z=-0.53); Ever Married=Yes (79% vs 59%),2.1377,Cluster 1,0.2613,Moderate - standard outreach,2.1377,2.8939,6.3838
464412,72,1.0,2.0,Low,Male,Yes,No,Lawyer,Cat_6,Cluster 0,0,Age high (z=+0.61); Work Experience low (z=-0.53); Ever Married=Yes (79% vs 59%),2.3152,Cluster 1,0.7574,Clear - automate,2.3152,9.5425,10.6668
464424,31,1.0,4.0,Low,Male,No,Yes,Healthcare,Cat_6,Cluster 1,1,Family Size high (z=+0.93); Age low (z=-0.77); Ever Married=Yes (31% vs 59%),0.5377,Cluster 0,0.8726,Clear - automate,4.2191,0.5377,7.4403
464425,41,9.0,1.0,Low,Male,No,Yes,Artist,Cat_6,Cluster 2,2,Work Experience high (z=+1.58); Age low (z=-0.33); Family Size low (z=-0.27),2.0202,Cluster 0,0.7327,Clear - automate,7.5572,11.3758,2.0202
464432,25,9.0,2.0,Low,Male,No,No,Engineer,Cat_3,Cluster 2,2,Work Experience high (z=+1.58); Age low (z=-0.33); Family Size low (z=-0.27),3.2721,Cluster 1,0.6252,Clear - automate,10.8608,8.7306,3.2721
464433,29,,,Low,Male,No,Yes,Artist,Cat_2,Cluster 1,1,Family Size high (z=+0.93); Age low (z=-0.77); Ever Married=Yes (31% vs 59%),2.2089,Cluster 0,0.3623,Moderate - standard outreach,3.4639,2.2089,6.6832
464436,83,0.0,2.0,High,Male,Yes,Yes,Lawyer,Cat_4,Cluster 0,0,Age high (z=+0.61); Work Experience low (z=-0.53); Ever Married=Yes (79% vs 59%),4.87,Cluster 1,0.6754,Clear - automate,4.87,15.0026,15.7989
464437,51,0.0,4.0,Average,Female,Yes,Yes,Engineer,Cat_6,Cluster 0,0,Age high (z=+0.61); Work Experience low (z=-0.53); Ever Married=Yes (79% vs 59%),2.9658,Cluster 1,0.294,Moderate - standard outreach,2.9658,4.2008,8.7912
464441,40,0.0,2.0,Low,Male,Yes,Yes,Artist,Cat_2,Cluster 0,0,Age high (z=+0.61); Work Experience low (z=-0.53); Ever Married=Yes (79% vs 59%),1.2598,Cluster 1,0.7304,Clear - automate,1.2598,4.6723,7.2827
464451,76,0.0,2.0,Average,Female,Yes,Yes,Artist,Cat_6,Cluster 0,0,Age high (z=+0.61); Work Experience low (z=-0.53); Ever Married=Yes (79% vs 59%),3.0088,Cluster 2,0.7521,Clear - automate,3.0088,12.466,12.1391
464456,29,1.0,4.0,Low,Male,Yes,Yes,Artist,Cat_6,Cluster 1,1,Family Size high (z=+0.93); Age low (z=-0.77); Ever Married=Yes (31% vs 59%),1.5486,Cluster 0,0.5657,Clear - automate,3.5658,1.5486,6.5589
464468,46,1.0,3.0,Low,Male,Yes,Yes,Artist,Cat_6,Cluster 0,0,Age high (z=+0.61); Work Experience low (z=-0.53); Ever Married=Yes (79% vs 59%),0.4641,Cluster 1,0.8485,Clear - automate,0.4641,3.0635,5.623
464473,58,0.0,4.0,Average,Female,Yes,Yes,Artist,Cat_6,Cluster 0,0,Age high (z=+0.61); Work Experience low (z=-0.53); Ever Married=Yes (79% vs 59%),2.5266,Cluster 1,0.5353,Clear - automate,2.5266,5.437,9.1506
464474,46,1.0,1.0,Low,Female,No,Yes,Artist,Cat_6,Cluster 0,0,Age high (z=+0.61); Work Experience low (z=-0.53); Ever Married=Yes (79% vs 59%),1.8335,Cluster 2,0.7155,Clear - automate,1.8335,6.9574,6.4449
464478,74,0.0,2.0,High,Female,Yes,No,Lawyer,Cat_6,Cluster 0,0,Age high (z=+0.61); Work Experience low (z=-0.53); Ever Married=Yes (79% vs 59%),3.6868,Cluster 1,0.674,Clear - automate,3.6868,11.3082,12.5888
464481,53,1.0,3.0,High,Male,Yes,Yes,Executive,Cat_6,Cluster 0,0,Age high (z=+0.61); Work Experience low (z=-0.53); Ever Married=Yes (79% vs 59%),1.2648,Cluster 1,0.7214,Clear - automate,1.2648,4.5396,7.2224
464482,63,1.0,1.0,Low,Male,Yes,Yes,Artist,Cat_6,Cluster 0,0,Age high (z=+0.61); Work Experience low (z=-0.53); Ever Married=Yes (79% vs 59%),0.9812,Cluster 2,0.885,Clear - automate,0.9812,9.9596,8.5322
464483,49,1.0,3.0,Average,Female,Yes,Yes,Artist,Cat_6,Cluster 0,0,Age high (z=+0.61); Work Experience low (z=-0.53); Ever Married=Yes (79% vs 59%),1.3341,Cluster 1,0.6994,Clear - automate,1.3341,4.4373,5.8353
464485,25,5.0,2.0,Low,Male,No,Yes,Entertainment,Cat_3,Cluster 2,2,Work Experience high (z=+1.58); Age low (z=-0.33); Family Size low (z=-0.27),3.689,Cluster 1,0.2755,Moderate - standard outreach,5.9888,5.0915,3.689
464487,46,1.0,3.0,Low,Male,No,No,Engineer,Cat_4,Cluster 0,0,Age high (z=+0.61); Work Experience low (z=-0.53); Ever Married=Yes (79% vs 59%),2.4641,Cluster 1,0.0388,Borderline - blend or hold back,2.4641,2.5635,7.623
464488,43,7.0,9.0,Low,Female,No,Yes,Artist,Cat_6,Cluster 1,1,Family Size high (z=+0.93); Age low (z=-0.77); Ever Married=Yes (31% vs 59%),14.6235,Cluster 2,0.2294,Moderate - standard outreach,24.4505,14.6235,18.9761
464494,58,1.0,4.0,Average,Female,Yes,Yes,Artist,Cat_3,Cluster 0,0,Age high (z=+0.61); Work Experience low (z=-0.53); Ever Married=Yes (79% vs 59%),2.9473,Cluster 1,0.4918,Clear - automate,2.9473,5.7995,8.2491
464499,41,1.0,4.0,High,Male,Yes,Yes,Executive,Cat_6,Cluster 1,1,Family Size high (z=+0.93); Age low (z=-0.77); Ever Married=Yes (31% vs 59%),2.4289,Cluster 0,0.1714,Borderline - blend or hold back,2.9312,2.4289,7.2934
464501,28,1.0,3.0,Low,Female,No,No,Healthcare,Cat_6,Cluster 1,1,Family Size high (z=+0.93); Age low (z=-0.77); Ever Married=Yes (31% vs 59%),1.2255,Cluster 0,0.7364,Clear - automate,4.6484,1.2255,6.7536
464504,26,0.0,4.0,Low,Male,No,Yes,Healthcare,Cat_6,Cluster 1,1,Family Size high (z=+0.93); Age low (z=-0.77); Ever Married=Yes (31% vs 59%),0.7582,Cluster 0,0.8548,Clear - automate,5.221,0.7582,9.194
464506,29,9.0,2.0,Low,Male,No,Yes,Healthcare,Cat_4,Cluster 2,2,Work Experience high (z=+1.58); Age low (z=-0.33); Family Size low (z=-0.27),2.4458,Cluster 1,0.7163,Clear - automate,9.5782,8.6196,2.4458
464517,33,0.0,,Low,Male,No,Yes,Healthcare,Cat_5,Cluster 1,1,Family Size high (z=+0.93); Age low (z=-0.77); Ever Married=Yes (31% vs 59%),1.8543,Cluster 0,0.4513,Clear - automate,3.3795,1.8543,8.3774
464522,39,14.0,1.0,Low,Female,No,Yes,Engineer,Cat_6,Cluster 2,2,Work Experience high (z=+1.58); Age low (z=-0.33); Family Size low (z=-0.27),4.9019,Cluster 0,0.7318,Clear - automate,18.2783,20.9699,4.9019
464526,51,0.0,4.0,Average,Male,Yes,Yes,Entertainment,Cat_6,Cluster 0,0,Age high (z=+0.61); Work Experience low (z=-0.53); Ever Married=Yes (79% vs 59%),2.4658,Cluster 1,0.3337,Moderate - standard outreach,2.4658,3.7008,9.2912
464528,46,4.0,4.0,High,Male,Yes,Yes,Entertainment,Cat_2,Cluster 0,0,Age high (z=+0.61); Work Experience low (z=-0.53); Ever Married=Yes (79% vs 59%),3.9102,Cluster 1,0.0399,Borderline - blend or hold back,3.9102,4.0728,4.8762
464533,38,,6.0,High,Male,Yes,No,Executive,Cat_6,Cluster 1,1,Family Size high (z=+0.93); Age low (z=-0.77); Ever Married=Yes (31% vs 59%),2.9862,Cluster 0,0.6494,Clear - automate,8.5167,2.9862,12.0841
464536,26,1.0,3.0,Average,Male,Yes,Yes,Artist,Cat_6,Cluster 1,1,Family Size high (z=+0.93); Age low (z=-0.77); Ever Married=Yes (31% vs 59%),2.781,Cluster 0,0.2143,Moderate - standard outreach,3.5398,2.781,6.4168
464540,42,1.0,4.0,Average,Female,Yes,Yes,Engineer,Cat_4,Cluster 1,1,Family Size high (z=+0.93); Age low (z=-0.77); Ever Married=Yes (31% vs 59%),3.5089,Cluster 0,0.087,Borderline - blend or hold back,3.8433,3.5089,7.3196
464544,43,5.0,3.0,Average,Female,Yes,Yes,Entertainment,Cat_6,Cluster 2,2,Work Experience high (z=+1.58); Age low (z=-0.33); Family Size low (z=-0.27),2.175,Cluster 0,0.4037,Moderate - standard outreach,3.6473,5.0102,2.175
464549,53,1.0,4.0,Low,Male,Yes,Yes,Executive,Cat_6,Cluster 0,0,Age high (z=+0.61); Work Experience low (z=-0.53); Ever Married=Yes (79% vs 59%),1.8667,Cluster 1,0.4476,Moderate - standard outreach,1.8667,3.3793,7.598
464550,46,,4.0,Low,Male,Yes,Yes,Artist,Cat_6,Cluster 0,0,Age high (z=+0.61); Work Experience low (z=-0.53); Ever Married=Yes (79% vs 59%),1.566,Cluster 1,0.3484,Moderate - standard outreach,1.566,2.4032,6.4986
464552,40,1.0,3.0,Average,Female,Yes,Yes,Artist,Cat_4,Cluster 0,0,Age high (z=+0.61); Work Experience low (z=-0.53); Ever Married=Yes (79% vs 59%),2.4247,Cluster 1,0.3964,Moderate - standard outreach,2.4247,4.0167,5.899
464553,71,1.0,2.0,Low,Male,Yes,Yes,Artist,Cat_6,Cluster 0,0,Age high (z=+0.61); Work Experience low (z=-0.53); Ever Married=Yes (79% vs 59%),1.1801,Cluster 2,0.8747,Clear - automate,1.1801,9.7396,9.4177
464555,32,13.0,4.0,High,Male,Yes,Yes,Marketing,Cat_4,Cluster 2,2,Work Experience high (z=+1.58); Age low (z=-0.33); Family Size low (z=-0.27),5.1414,Cluster 1,0.6563,Clear - automate,17.673,14.9608,5.1414
464560,41,9.0,2.0,Low,Male,No,Yes,Entertainment,Cat_6,Cluster 2,2,Work Experience high (z=+1.58); Age low (z=-0.33); Family Size low (z=-0.27),1.6803,Cluster 0,0.7743,Clear - automate,7.4436,8.9999,1.6803
464561,46,8.0,2.0,Low,Female,No,Yes,Entertainment,Cat_6,Cluster 2,2,Work Experience high (z=+1.58); Age low (z=-0.33); Family Size low (z=-0.27),1.3442,Cluster 0,0.7837,Clear - automate,6.2148,8.6689,1.3442
464566,40,0.0,4.0,High,Male,Yes,Yes,Executive,Cat_6,Cluster 1,1,Family Size high (z=+0.93); Age low (z=-0.77); Ever Married=Yes (31% vs 59%),2.4939,Cluster 0,0.197,Borderline - blend or hold back,3.1059,2.4939,8.6762
464569,29,1.0,5.0,Low,Male,No,No,Doctor,Cat_6,Cluster 1,1,Family Size high (z=+0.93); Age low (z=-0.77); Ever Married=Yes (31% vs 59%),0.7461,Cluster 0,0.8938,Clear - automate,7.0255,0.7461,9.7923
464570,25,1.0,2.0,Average,Male,Yes,Yes,Doctor,Cat_6,Cluster 0,0,Age high (z=+0.61); Work Experience low (z=-0.53); Ever Married=Yes (79% vs 59%),4.0024,Cluster 1,0.0774,Borderline - blend or hold back,4.0024,4.338,6.9916
464572,52,0.0,1.0,Low,Female,Yes,Yes,Marketing,Cat_6,Cluster 0,0,Age high (z=+0.61); Work Experience low (z=-0.53); Ever Married=Yes (79% vs 59%),1.7197,Cluster 2,0.7938,Clear - automate,1.7197,8.4093,8.3379
464576,30,9.0,5.0,Low,Male,No,Yes,Doctor,Cat_6,Cluster 2,2,Work Experience high (z=+1.58); Age low (z=-0.33); Family Size low (z=-0.27),4.5098,Cluster 1,0.3197,Moderate - standard outreach,12.2068,6.6295,4.5098
464577,25,12.0,2.0,High,Female,Yes,Yes,Healthcare,Cat_6,Cluster 2,2,Work Experience high (z=+1.58); Age low (z=-0.33); Family Size low (z=-0.27),2.9781,Cluster 1,0.7978,Clear - automate,15.5336,14.7287,2.9781
464580,32,9.0,4.0,Low,Male,No,No,Artist,Cat_6,Cluster 2,2,Work Experience high (z=+1.58); Age low (z=-0.33); Family Size low (z=-0.27),2.6727,Cluster 1,0.5498,Clear - automate,9.9153,5.936,2.6727
464581,33,,4.0,Low,Female,No,No,Doctor,Cat_6,Cluster 1,1,Family Size high (z=+0.93); Age low (z=-0.77); Ever Married=Yes (31% vs 59%),1.0565,Cluster 0,0.7845,Clear - automate,4.9021,1.0565,7.3515
464586,49,1.0,1.0,Low,Female,No,Yes,Artist,Cat_3,Cluster 0,0,Age high (z=+0.61); Work Experience low (z=-0.53); Ever Married=Yes (79% vs 59%),2.2035,Cluster 2,0.6921,Clear - automate,2.2035,7.8312,7.1572
464593,43,1.0,4.0,Low,Female,No,Yes,Doctor,Cat_2,Cluster 1,1,Family Size high (z=+0.93); Age low (z=-0.77); Ever Married=Yes (31% vs 59%),2.5964,Cluster 0,0.31,Moderate - standard outreach,3.7628,2.5964,7.3532
464594,48,1.0,1.0,Low,Male,Yes,Yes,Artist,Cat_2,Cluster 0,0,Age high (z=+0.61); Work Experience low (z=-0.53); Ever Married=Yes (79% vs 59%),1.2394,Cluster 2,0.8249,Clear - automate,1.2394,7.6992,7.079
464597,41,5.0,2.0,Low,Male,No,No,Artist,Cat_6,Cluster 2,2,Work Experience high (z=+1.58); Age low (z=-0.33); Family Size low (z=-0.27),2.5973,Cluster 0,0.1544,Borderline - blend or hold back,3.0716,4.3608,2.5973
464601,29,9.0,2.0,Low,Female,No,Yes,Healthcare,Cat_6,Cluster 2,2,Work Experience high (z=+1.58); Age low (z=-0.33); Family Size low (z=-0.27),1.4458,Cluster 1,0.8323,Clear - automate,9.5782,8.6196,1.4458
464603,35,0.0,2.0,Low,Female,No,Yes,Artist,Cat_3,Cluster 0,0,Age high (z=+0.61); Work Experience low (z=-0.53); Ever Married=Yes (79% vs 59%),2.848,Cluster 1,0.3558,Moderate - standard outreach,2.848,4.4209,7.3004
464606,41,1.0,2.0,Average,Male,Yes,Yes,Artist,Cat_6,Cluster 0,0,Age high (z=+0.61); Work Experience low (z=-0.53); Ever Married=Yes (79% vs 59%),1.0852,Cluster 1,0.7645,Clear - automate,1.0852,4.6073,5.8999
464607,47,1.0,4.0,Average,Female,Yes,Yes,Artist,Cat_2,Cluster 0,0,Age high (z=+0.61); Work Experience low (z=-0.53); Ever Married=Yes (79% vs 59%),3.0152,Cluster 1,0.25,Moderate - standard outreach,3.0152,4.0204,7.062
464608,53,1.0,3.0,Average,Female,Yes,Yes,Artist,Cat_6,Cluster 0,0,Age high (z=+0.61); Work Experience low (z=-0.53); Ever Married=Yes (79% vs 59%),1.2648,Cluster 1,0.749,Clear - automate,1.2648,5.0396,6.2224
464618,40,5.0,1.0,Low,Male,,Yes,Artist,Cat_6,Cluster 2,2,Work Experience high (z=+1.58); Age low (z=-0.33); Family Size low (z=-0.27),2.9184,Cluster 0,0.1104,Borderline - blend or hold back,3.2805,7.6641,2.9184
464620,40,0.0,2.0,High,Female,Yes,Yes,Artist,Cat_6,Cluster 0,0,Age high (z=+0.61); Work Experience low (z=-0.53); Ever Married=Yes (79% vs 59%),1.7598,Cluster 1,0.6598,Clear - automate,1.7598,5.1723,6.7827
464621,46,0.0,1.0,Low,Male,Yes,Yes,Artist,Cat_6,Cluster 0,0,Age high (z=+0.61); Work Experience low (z=-0.53); Ever Married=Yes (79% vs 59%),0.9128,Cluster 1,0.8713,Clear - automate,0.9128,7.095,7.8465
464637,36,,4.0,Low,Female,No,Yes,Marketing,Cat_4,Cluster 1,1,Family Size high (z=+0.93); Age low (z=-0.77); Ever Married=Yes (31% vs 59%),2.1404,Cluster 0,0.5225,Clear - automate,4.4823,2.1404,7.274
464641,71,2.0,6.0,Low,Female,Yes,Yes,Lawyer,Cat_1,Cluster 0,0,Age high (z=+0.61); Work Experience low (z=-0.53); Ever Married=Yes (79% vs 59%),8.9044,Cluster 1,0.0966,Borderline - blend or hold back,8.9044,9.8567,13.9147
464652,30,5.0,2.0,Average,Female,Yes,No,Engineer,Cat_4,Cluster 2,2,Work Experience high (z=+1.58); Age low (z=-0.33); Family Size low (z=-0.27),3.2997,Cluster 1,0.4474,Moderate - standard outreach,6.0291,5.9713,3.2997
464654,40,1.0,4.0,Average,Female,Yes,No,Engineer,Cat_4,Cluster 1,1,Family Size high (z=+0.93); Age low (z=-0.77); Ever Married=Yes (31% vs 59%),2.8564,Cluster 0,0.369,Moderate - standard outreach,4.5266,2.8564,7.7747
464664,43,0.0,5.0,Average,Male,Yes,No,Entertainment,Cat_4,Cluster 1,1,Family Size high (z=+0.93); Age low (z=-0.77); Ever Married=Yes (31% vs 59%),2.9313,Cluster 0,0.4948,Clear - automate,5.8018,2.9313,11.4882
464666,40,3.0,3.0,Average,Male,Yes,Yes,Entertainment,Cat_4,Cluster 0,0,Age high (z=+0.61); Work Experience low (z=-0.53); Ever Married=Yes (79% vs 59%),2.8072,Cluster 1,0.2579,Moderate - standard outreach,2.8072,3.7827,4.637
464670,39,1.0,4.0,Average,Male,Yes,No,Entertainment,Cat_4,Cluster 1,1,Family Size high (z=+0.93); Age low (z=-0.77); Ever Married=Yes (31% vs 59%),2.2913,Cluster 0,0.4451,Moderate - standard outreach,4.1294,2.2913,8.2634
464673,49,1.0,7.0,High,Male,Yes,No,Executive,Cat_2,Cluster 1,1,Family Size high (z=+0.93); Age low (z=-0.77); Ever Married=Yes (31% vs 59%),6.4426,Cluster 0,0.4581,Clear - automate,11.8883,6.4426,16.4845
464674,51,0.0,5.0,Average,Male,Yes,No,Artist,Cat_4,Cluster 1,1,Family Size high (z=+0.93); Age low (z=-0.77); Ever Married=Yes (31% vs 59%),3.8983,Cluster 0,0.2085,Moderate - standard outreach,4.9254,3.8983,11.5246
464675,39,1.0,9.0,Average,Female,Yes,No,Doctor,Cat_4,Cluster 1,1,Family Size high (z=+0.93); Age low (z=-0.77); Ever Married=Yes (31% vs 59%),12.3561,Cluster 0,0.4629,Clear - automate,23.0053,12.3561,25.0081
464677,23,1.0,5.0,Low,Male,Yes,No,Healthcare,Cat_4,Cluster 1,1,Family Size high (z=+0.93); Age low (z=-0.77); Ever Married=Yes (31% vs 59%),1.4572,Cluster 0,0.8232,Clear - automate,8.2441,1.4572,10.3263
464683,53,0.0,6.0,Average,Male,Yes,No,Engineer,Cat_4,Cluster 1,1,Family Size high (z=+0.93); Age low (z=-0.77); Ever Married=Yes (31% vs 59%),5.2695,Cluster 0,0.3592,Moderate - standard outreach,8.2231,5.2695,14.8242
464684,35,9.0,5.0,Low,Female,No,No,Engineer,Cat_4,Cluster 2,2,Work Experience high (z=+1.58); Age low (z=-0.33); Family Size low (z=-0.27),4.8063,Cluster 1,0.332,Moderate - standard outreach,12.9329,7.1951,4.8063
464685,35,2.0,4.0,Low,Male,No,No,Executive,Cat_4,Cluster 1,1,Family Size high (z=+0.93); Age low (z=-0.77); Ever Married=Yes (31% vs 59%),1.1479,Cluster 0,0.7566,Clear - automate,4.7158,1.1479,7.0712
464688,30,1.0,9.0,Low,Male,Yes,Yes,Doctor,Cat_4,Cluster 1,1,Family Size high (z=+0.93); Age low (z=-0.77); Ever Married=Yes (31% vs 59%),11.6043,Cluster 0,0.4903,Clear - automate,22.7647,11.6043,24.7406
464690,39,2.0,,Average,Male,Yes,No,Engineer,Cat_4,Cluster 1,1,Family Size high (z=+0.93); Age low (z=-0.77); Ever Married=Yes (31% vs 59%),2.9944,Cluster 0,0.0429,Borderline - blend or hold back,3.1285,2.9944,6.1665
464691,38,1.0,3.0,Low,Male,No,Yes,Artist,Cat_4,Cluster 0,0,Age high (z=+0.61); Work Experience low (z=-0.53); Ever Married=Yes (79% vs 59%),2.1377,Cluster 1,0.107,Borderline - blend or hold back,2.1377,2.3939,6.3838
464692,53,0.0,1.0,Low,Female,No,No,Marketing,Cat_3,Cluster 0,0,Age high (z=+0.61); Work Experience low (z=-0.53); Ever Married=Yes (79% vs 59%),3.2135,Cluster 1,0.6018,Clear - automate,3.2135,8.0711,9.9459
464693,36,8.0,1.0,Low,Female,No,Yes,Engineer,Cat_4,Cluster 2,2,Work Experience high (z=+1.58); Age low (z=-0.33); Family Size low (z=-0.27),2.4595,Cluster 0,0.7017,Clear - automate,8.2447,10.7819,2.4595
464695,33,0.0,4.0,Low,Male,No,No,Engineer,Cat_4,Cluster 1,1,Family Size high (z=+0.93); Age low (z=-0.77); Ever Married=Yes (31% vs 59%),1.194,Cluster 0,0.7603,Clear - automate,4.9814,1.194,9.753
464696,40,1.0,1.0,Low,Female,No,Yes,Engineer,Cat_4,Cluster 0,0,Age high (z=+0.61); Work Experience low (z=-0.53); Ever Married=Yes (79% vs 59%),3.2941,Cluster 1,0.5233,Clear - automate,3.2941,6.9106,7.221
464697,36,0.0,4.0,Average,Female,Yes,Yes,Artist,Cat_4,Cluster 1,1,Family Size high (z=+0.93); Age low (z=-0.77); Ever Married=Yes (31% vs 59%),3.278,Cluster 0,0.1929,Borderline - blend or hold back,4.0616,3.278,8.1755
464699,31,1.0,5.0,Low,Male,No,No,Doctor,Cat_4,Cluster 1,1,Family Size high (z=+0.93); Age low (z=-0.77); Ever Married=Yes (31% vs 59%),1.2351,Cluster 0,0.8279,Clear - automate,7.1788,1.2351,10.1738
464701,31,1.0,2.0,Low,Male,No,No,Doctor,Cat_4,Cluster 1,1,Family Size high (z=+0.93); Age low (z=-0.77); Ever Married=Yes (31% vs 59%),3.2161,Cluster 0,0.1696,Borderline - blend or hold back,3.873,3.2161,7.5468
464704,41,0.0,4.0,Average,Male,Yes,Yes,Healthcare,Cat_4,Cluster 1,1,Family Size high (z=+0.93); Age low (z=-0.77); Ever Married=Yes (31% vs 59%),2.5665,Cluster 0,0.2689,Moderate - standard outreach,3.5105,2.5665,9.195
464707,48,0.0,4.0,Average,Male,Yes,No,,Cat_4,Cluster 1,1,Family Size high (z=+0.93); Age low (z=-0.77); Ever Married=Yes (31% vs 59%),3.2825,Cluster 0,0.0757,Borderline - blend or hold back,3.5512,3.2825,10.0343
464711,38,5.0,3.0,Average,Female,Yes,Yes,Artist,Cat_1,Cluster 2,2,Work Experience high (z=+1.58); Age low (z=-0.33); Family Size low (z=-0.27),2.0812,Cluster 0,0.4953,Clear - automate,4.124,5.1473,2.0812
464712,49,1.0,5.0,Low,Male,Yes,No,Artist,Cat_4,Cluster 1,1,Family Size high (z=+0.93); Age low (z=-0.77); Ever Married=Yes (31% vs 59%),2.9744,Cluster 0,0.3233,Moderate - standard outreach,4.3957,2.9744,9.4444
464722,42,1.0,,Low,Male,Yes,Yes,Doctor,Cat_4,Cluster 0,0,Age high (z=+0.61); Work Experience low (z=-0.53); Ever Married=Yes (79% vs 59%),1.7414,Cluster 1,0.4505,Clear - automate,1.7414,3.1693,6.444
464726,28,14.0,9.0,High,Male,Yes,Yes,Executive,Cat_4,Cluster 2,2,Work Experience high (z=+1.58); Age low (z=-0.33); Family Size low (z=-0.27),23.5662,Cluster 1,0.1192,Borderline - blend or hold back,39.0077,26.7545,23.5662
464728,51,0.0,4.0,High,Male,Yes,No,Entertainment,Cat_4,Cluster 0,0,Age high (z=+0.61); Work Experience low (z=-0.53); Ever Married=Yes (79% vs 59%),3.4658,Cluster 1,0.0635,Borderline - blend or hold back,3.4658,3.7008,10.2912
464732,41,1.0,2.0,Average,Male,Yes,No,Artist,Cat_4,Cluster 0,0,Age high (z=+0.61); Work Experience low (z=-0.53); Ever Married=Yes (79% vs 59%),2.0852,Cluster 1,0.5474,Clear - automate,2.0852,4.6073,6.8999
464737,57,0.0,6.0,Average,Female,Yes,No,Engineer,Cat_4,Cluster 1,1,Family Size high (z=+0.93); Age low (z=-0.77); Ever Married=Yes (31% vs 59%),6.4907,Cluster 0,0.2601,Moderate - standard outreach,8.7727,6.4907,14.8302
464739,67,0.0,1.0,Low,Male,Yes,Yes,Artist,Cat_4,Cluster 0,0,Age high (z=+0.61); Work Experience low (z=-0.53); Ever Married=Yes (79% vs 59%),1.9073,Cluster 2,0.8303,Clear - automate,1.9073,11.6156,11.237
464746,29,3.0,5.0,Average,Male,Yes,No,Executive,Cat_4,Cluster 1,1,Family Size high (z=+0.93); Age low (z=-0.77); Ever Married=Yes (31% vs 59%),2.5121,Cluster 0,0.6823,Clear - automate,7.908,2.5121,8.0303
464752,46,,1.0,Low,Female,Yes,,Marketing,Cat_4,Cluster 0,0,Age high (z=+0.61); Work Experience low (z=-0.53); Ever Married=Yes (79% vs 59%),2.8335,Cluster 2,0.6194,Clear - automate,2.8335,7.9574,7.4449
464755,49,0.0,2.0,High,Male,Yes,Yes,Artist,Cat_6,Cluster 0,0,Age high (z=+0.61); Work Experience low (z=-0.53); Ever Married=Yes (79% vs 59%),0.6692,Cluster 1,0.8803,Clear - automate,0.6692,5.5929,7.7189
464756,28,6.0,3.0,Low,Female,No,No,Engineer,Cat_4,Cluster 2,2,Work Experience high (z=+1.58); Age low (z=-0.33); Family Size low (z=-0.27),2.9513,Cluster 1,0.3045,Moderate - standard outreach,7.4573,4.2433,2.9513
464758,48,1.0,4.0,Average,Female,Yes,No,Engineer,Cat_4,Cluster 1,1,Family Size high (z=+0.93); Age low (z=-0.77); Ever Married=Yes (31% vs 59%),3.645,Cluster 0,0.0823,Borderline - blend or hold back,3.9719,3.645,8.1327
464760,51,5.0,4.0,Average,Female,Yes,No,Engineer,Cat_4,Cluster 2,2,Work Experience high (z=+1.58); Age low (z=-0.33); Family Size low (z=-0.27),4.587,Cluster 1,0.1373,Borderline - blend or hold back,5.3729,5.3168,4.587
464765,48,5.0,6.0,Average,Female,Yes,No,Engineer,Cat_4,Cluster 1,1,Family Size high (z=+0.93); Age low (z=-0.77); Ever Married=Yes (31% vs 59%),6.1511,Cluster 2,0.2893,Moderate - standard outreach,10.2354,6.1511,8.6547
464766,48,5.0,5.0,Average,Female,Yes,No,Engineer,Cat_4,Cluster 1,1,Family Size high (z=+0.93); Age low (z=-0.77); Ever Married=Yes (31% vs 59%),5.0959,Cluster 2,0.1596,Borderline - blend or hold back,7.4179,5.0959,6.0636
464769,52,9.0,4.0,Average,Female,,No,Engineer,Cat_4,Cluster 2,2,Work Experience high (z=+1.58); Age low (z=-0.33); Family Size low (z=-0.27),4.2706,Cluster 1,0.5556,Clear - automate,10.2313,9.6102,4.2706
464772,39,8.0,4.0,Average,Female,Yes,No,Engineer,Cat_4,Cluster 2,2,Work Experience high (z=+1.58); Age low (z=-0.33); Family Size low (z=-0.27),3.0025,Cluster 1,0.5635,Clear - automate,9.1242,6.8785,3.0025
464774,50,7.0,5.0,Average,Female,Yes,No,Engineer,Cat_4,Cluster 2,2,Work Experience high (z=+1.58); Age low (z=-0.33); Family Size low (z=-0.27),5.4082,Cluster 1,0.2357,Moderate - standard outreach,9.1789,7.0762,5.4082
464780,33,1.0,9.0,Low,Female,No,No,Engineer,Cat_4,Cluster 1,1,Family Size high (z=+0.93); Age low (z=-0.77); Ever Married=Yes (31% vs 59%),11.1213,Cluster 0,0.5323,Clear - automate,23.778,11.1213,25.0962
464790,35,,1.0,Low,Female,No,Yes,Artist,Cat_4,Cluster 0,0,Age high (z=+0.61); Work Experience low (z=-0.53); Ever Married=Yes (79% vs 59%),3.3823,Cluster 1,0.4921,Clear - automate,3.3823,6.6592,6.7387
464792,30,2.0,5.0,High,Male,Yes,No,Marketing,Cat_4,Cluster 1,1,Family Size high (z=+0.93); Age low (z=-0.77); Ever Married=Yes (31% vs 59%),2.2797,Cluster 0,0.694,Clear - automate,7.4495,2.2797,9.0081
464794,46,8.0,,Average,Female,Yes,No,Engineer,Cat_4,Cluster 2,2,Work Experience high (z=+1.58); Age low (z=-0.33); Family Size low (z=-0.27),2.3621,Cluster 0,0.6833,Clear - automate,7.4589,8.1508,2.3621
464799,36,0.0,4.0,Low,Male,No,No,Marketing,Cat_4,Cluster 1,1,Family Size high (z=+0.93); Age low (z=-0.77); Ever Married=Yes (31% vs 59%),1.278,Cluster 0,0.7198,Clear - automate,4.5616,1.278,9.6755
464802,43,0.0,1.0,Low,Male,No,No,Entertainment,Cat_4,Cluster 0,0,Age high (z=+0.61); Work Experience low (z=-0.53); Ever Married=Yes (79% vs 59%),3.1097,Cluster 1,0.5055,Clear - automate,3.1097,6.2881,9.701
464804,26,1.0,1.0,Low,Male,Yes,No,Entertainment,Cat_4,Cluster 0,0,Age high (z=+0.61); Work Experience low (z=-0.53); Ever Married=Yes (79% vs 59%),4.9092,Cluster 1,0.205,Moderate - standard outreach,4.9092,6.1749,8.2387
464806,33,0.0,2.0,Low,Male,Yes,No,Executive,Cat_4,Cluster 0,0,Age high (z=+0.61); Work Experience low (z=-0.53); Ever Married=Yes (79% vs 59%),3.1353,Cluster 1,0.1903,Borderline - blend or hold back,3.1353,3.8724,8.3595
464809,50,,5.0,Average,Male,Yes,,Entertainment,Cat_4,Cluster 1,1,Family Size high (z=+0.93); Age low (z=-0.77); Ever Married=Yes (31% vs 59%),4.1139,Cluster 0,0.2335,Moderate - standard outreach,5.3672,4.1139,10.53
464812,49,1.0,5.0,High,Female,Yes,Yes,Engineer,Cat_4,Cluster 1,1,Family Size high (z=+0.93); Age low (z=-0.77); Ever Married=Yes (31% vs 59%),4.4744,Cluster 0,0.1707,Borderline - blend or hold back,5.3957,4.4744,9.4444
464813,48,6.0,5.0,Average,Male,Yes,Yes,Engineer,Cat_6,Cluster 2,2,Work Experience high (z=+1.58); Age low (z=-0.33); Family Size low (z=-0.27),5.0638,Cluster 1,0.0553,Borderline - blend or hold back,6.7404,5.3601,5.0638
464817,31,5.0,1.0,Low,Male,No,Yes,Artist,Cat_4,Cluster 2,2,Work Experience high (z=+1.58); Age low (z=-0.33); Family Size low (z=-0.27),3.584,Cluster 0,0.2793,Moderate - standard outreach,4.973,7.3454,3.584
464818,38,,2.0,Average,Female,Yes,No,Engineer,Cat_4,Cluster 0,0,Age high (z=+0.61); Work Experience low (z=-0.53); Ever Married=Yes (79% vs 59%),3.3935,Cluster 1,0.3091,Moderate - standard outreach,3.3935,4.9119,6.8659
464825,21,5.0,1.0,Low,Female,No,No,Healthcare,Cat_4,Cluster 2,2,Work Experience high (z=+1.58); Age low (z=-0.33); Family Size low (z=-0.27),4.974,Cluster 1,0.3089,Moderate - standard outreach,8.504,7.1972,4.974
464827,50,8.0,5.0,Average,Female,Yes,No,Entertainment,Cat_4,Cluster 2,2,Work Experience high (z=+1.58); Age low (z=-0.33); Family Size low (z=-0.27),5.2692,Cluster 1,0.3575,Moderate - standard outreach,10.3621,8.2011,5.2692
464828,23,9.0,6.0,Low,Male,No,No,Healthcare,Cat_4,Cluster 1,1,Family Size high (z=+0.93); Age low (z=-0.77); Ever Married=Yes (31% vs 59%),7.405,Cluster 2,0.1487,Borderline - blend or hold back,17.4199,7.405,8.6979
464831,21,0.0,2.0,Low,Female,Yes,No,Healthcare,Cat_4,Cluster 1,1,Family Size high (z=+0.93); Age low (z=-0.77); Ever Married=Yes (31% vs 59%),4.2054,Cluster 0,0.2971,Moderate - standard outreach,5.9833,4.2054,8.8383
464832,71,1.0,,Low,Male,Yes,No,Lawyer,Cat_4,Cluster 0,0,Age high (z=+0.61); Work Experience low (z=-0.53); Ever Married=Yes (79% vs 59%),2.9243,Cluster 1,0.6443,Clear - automate,2.9243,8.2215,10.9356
464835,20,0.0,6.0,Low,Male,No,No,Healthcare,Cat_4,Cluster 1,1,Family Size high (z=+0.93); Age low (z=-0.77); Ever Married=Yes (31% vs 59%),2.3557,Cluster 0,0.8093,Clear - automate,12.3504,2.3557,15.1863
464836,32,7.0,5.0,High,Female,,No,Engineer,Cat_4,Cluster 2,2,Work Experience high (z=+1.58); Age low (z=-0.33); Family Size low (z=-0.27),5.5039,Cluster 1,0.0349,Borderline - blend or hold back,11.3282,5.7032,5.5039
464845,29,0.0,3.0,Average,Male,Yes,No,Engineer,Cat_4,Cluster 1,1,Family Size high (z=+0.93); Age low (z=-0.77); Ever Married=Yes (31% vs 59%),2.8464,Cluster 0,0.3735,Moderate - standard outreach,4.5432,2.8464,9.0848
464849,42,0.0,4.0,Average,Male,Yes,Yes,Artist,Cat_4,Cluster 0,0,Age high (z=+0.61); Work Experience low (z=-0.53); Ever Married=Yes (79% vs 59%),2.9226,Cluster 1,0.0711,Borderline - blend or hold back,2.9226,3.1465,8.7211
464851,20,0.0,6.0,Low,Male,No,No,Doctor,Cat_4,Cluster 1,1,Family Size high (z=+0.93); Age low (z=-0.77); Ever Married=Yes (31% vs 59%),2.8557,Cluster 0,0.7688,Clear - automate,12.3504,2.8557,15.1863
464852,36,1.0,6.0,Low,Male,Yes,No,Executive,Cat_4,Cluster 1,1,Family Size high (z=+0.93); Age low (z=-0.77); Ever Married=Yes (31% vs 59%),2.8931,Cluster 0,0.6697,Clear - automate,8.7594,2.8931,12.0986
464854,42,0.0,6.0,High,Female,Yes,No,Engineer,Cat_4,Cluster 1,1,Family Size high (z=+0.93); Age low (z=-0.77); Ever Married=Yes (31% vs 59%),4.3991,Cluster 0,0.5218,Clear - automate,9.1997,4.3991,13.5457
464857,18,7.0,4.0,Low,Male,No,No,Healthcare,Cat_4,Cluster 1,1,Family Size high (z=+0.93); Age low (z=-0.77); Ever Married=Yes (31% vs 59%),4.1023,Cluster 2,0.1988,Borderline - blend or hold back,11.3159,4.1023,5.1204
464861,25,,2.0,Low,Male,No,No,Homemaker,Cat_4,Cluster 1,1,Family Size high (z=+0.93); Age low (z=-0.77); Ever Married=Yes (31% vs 59%),3.338,Cluster 0,0.3327,Moderate - standard outreach,5.0024,3.338,7.9916
464864,30,10.0,8.0,Low,Female,No,No,Engineer,Cat_4,Cluster 1,1,Family Size high (z=+0.93); Age low (z=-0.77); Ever Married=Yes (31% vs 59%),14.354,Cluster 2,0.0786,Borderline - blend or hold back,26.2763,14.354,15.5782
464865,28,9.0,9.0,Low,Female,No,No,Homemaker,Cat_4,Cluster 1,1,Family Size high (z=+0.93); Age low (z=-0.77); Ever Married=Yes (31% vs 59%),16.5226,Cluster 2,0.2,Moderate - standard outreach,30.4847,16.5226,20.6545
464868,42,7.0,6.0,Low,Male,Yes,Yes,Entertainment,Cat_4,Cluster 1,1,Family Size high (z=+0.93); Age low (z=-0.77); Ever Married=Yes (31% vs 59%),6.7239,Cluster 2,0.0425,Borderline - blend or hold back,10.9321,6.7239,7.0224
464872,38,1.0,4.0,Low,Male,Yes,Yes,Artist,Cat_4,Cluster 1,1,Family Size high (z=+0.93); Age low (z=-0.77); Ever Married=Yes (31% vs 59%),2.2335,Cluster 0,0.1847,Borderline - blend or hold back,2.7396,2.2335,6.7595
464873,42,1.0,2.0,Average,Male,Yes,Yes,Artist,Cat_4,Cluster 0,0,Age high (z=+0.61); Work Experience low (z=-0.53); Ever Married=Yes (79% vs 59%),1.4973,Cluster 1,0.7114,Clear - automate,1.4973,5.1873,6.426
464876,52,,5.0,Average,Female,Yes,No,Engineer,Cat_4,Cluster 1,1,Family Size high (z=+0.93); Age low (z=-0.77); Ever Married=Yes (31% vs 59%),4.415,Cluster 0,0.243,Moderate - standard outreach,5.8325,4.415,10.2235
464879,29,0.0,2.0,Average,Female,Yes,Yes,Doctor,Cat_4,Cluster 0,0,Age high (z=+0.61); Work Experience low (z=-0.53); Ever Married=Yes (79% vs 59%),4.2991,Cluster 1,0.1986,Borderline - blend or hold back,4.2991,5.3645,8.0669
464884,40,1.0,2.0,Low,Male,Yes,Yes,Artist,Cat_4,Cluster 0,0,Age high (z=+0.61); Work Experience low (z=-0.53); Ever Married=Yes (79% vs 59%),1.1805,Cluster 1,0.7397,Clear - automate,1.1805,4.5348,5.8811
464885,38,1.0,2.0,Low,Female,No,No,Engineer,Cat_4,Cluster 0,0,Age high (z=+0.61); Work Experience low (z=-0.53); Ever Married=Yes (79% vs 59%),3.3935,Cluster 1,0.1325,Borderline - blend or hold back,3.3935,3.9119,6.8659
464886,37,1.0,4.0,Average,Male,Yes,Yes,Engineer,Cat_4,Cluster 1,1,Family Size high (z=+0.93); Age low (z=-0.77); Ever Married=Yes (31% vs 59%),2.6833,Cluster 0,0.3043,Moderate - standard outreach,3.8572,2.6833,7.763
464902,65,1.0,1.0,Low,Female,Yes,No,Lawyer,Cat_4,Cluster 0,0,Age high (z=+0.61); Work Experience low (z=-0.53); Ever Married=Yes (79% vs 59%),3.1397,Cluster 2,0.6835,Clear - automate,3.1397,10.954,9.919
464905,81,,2.0,High,Male,,No,Executive,Cat_4,Cluster 0,0,Age high (z=+0.61); Work Experience low (z=-0.53); Ever Married=Yes (79% vs 59%),5.3646,Cluster 1,0.6056,Clear - automate,5.3646,13.6032,14.7431
464907,59,0.0,2.0,Average,Male,,Yes,Engineer,Cat_4,Cluster 0,0,Age high (z=+0.61); Work Experience low (z=-0.53); Ever Married=Yes (79% vs 59%),2.2189,Cluster 1,0.7163,Clear - automate,2.2189,7.8217,10.4096
464910,47,1.0,5.0,Average,Female,Yes,Yes,Artist,Cat_4,Cluster 1,1,Family Size high (z=+0.93); Age low (z=-0.77); Ever Married=Yes (31% vs 59%),4.2178,Cluster 0,0.1522,Borderline - blend or hold back,4.9749,4.2178,8.7954
464911,57,0.0,3.0,Average,Male,Yes,Yes,Artist,Cat_4,Cluster 0,0,Age high (z=+0.61); Work Experience low (z=-0.53); Ever Married=Yes (79% vs 59%),1.3937,Cluster 1,0.7637,Clear - automate,1.3937,5.8984,9.1299
464915,39,,4.0,High,Male,Yes,Yes,Executive,Cat_4,Cluster 1,1,Family Size high (z=+0.93); Age low (z=-0.77); Ever Married=Yes (31% vs 59%),2.7913,Cluster 0,0.2309,Moderate - standard outreach,3.6294,2.7913,7.7634
464916,32,8.0,2.0,High,Female,,,Doctor,Cat_4,Cluster 2,2,Work Experience high (z=+1.58); Age low (z=-0.33); Family Size low (z=-0.27),2.7378,Cluster 0,0.7026,Clear - automate,9.2057,9.309,2.7378
464919,37,9.0,1.0,Low,Male,Yes,Yes,Artist,Cat_4,Cluster 2,2,Work Experience high (z=+1.58); Age low (z=-0.33); Family Size low (z=-0.27),1.9898,Cluster 0,0.7508,Clear - automate,7.9832,12.1301,1.9898
464920,39,4.0,1.0,Low,Male,No,Yes,Artist,Cat_4,Cluster 0,0,Age high (z=+0.61); Work Experience low (z=-0.53); Ever Married=Yes (79% vs 59%),3.2412,Cluster 2,0.207,Moderate - standard outreach,3.2412,7.015,4.0872
464921,39,1.0,5.0,Average,Male,Yes,No,Doctor,Cat_4,Cluster 1,1,Family Size high (z=+0.93); Age low (z=-0.77); Ever Married=Yes (31% vs 59%),2.4887,Cluster 0,0.5913,Clear - automate,6.089,2.4887,9.9968
464925,60,7.0,2.0,Average,Male,,No,Executive,Cat_4,Cluster 2,2,Work Experience high (z=+1.58); Age low (z=-0.33); Family Size low (z=-0.27),5.0462,Cluster 0,0.1586,Borderline - blend or hold back,5.9972,10.3602,5.0462
464927,70,1.0,2.0,Average,Female,Yes,Yes,Artist,Cat_4,Cluster 0,0,Age high (z=+0.61); Work Experience low (z=-0.53); Ever Married=Yes (79% vs 59%),2.5526,Cluster 2,0.7362,Clear - automate,2.5526,10.9441,9.676
464932,51,9.0,1.0,Low,Male,Yes,Yes,Executive,Cat_4,Cluster 2,2,Work Experience high (z=+1.58); Age low (z=-0.33); Family Size low (z=-0.27),3.1164,Cluster 0,0.5852,Clear - automate,7.5124,13.5101,3.1164
464938,48,1.0,3.0,Low,Male,Yes,No,Artist,Cat_4,Cluster 0,0,Age high (z=+0.61); Work Experience low (z=-0.53); Ever Married=Yes (79% vs 59%),1.37,Cluster 1,0.5855,Clear - automate,1.37,3.3053,6.7571
464939,43,0.0,1.0,Low,Male,No,No,Entertainment,Cat_4,Cluster 0,0,Age high (z=+0.61); Work Experience low (z=-0.53); Ever Married=Yes (79% vs 59%),3.1097,Cluster 1,0.5055,Clear - automate,3.1097,6.2881,9.701
464940,29,1.0,2.0,Low,Female,Yes,No,Engineer,Cat_4,Cluster 0,0,Age high (z=+0.61); Work Experience low (z=-0.53); Ever Married=Yes (79% vs 59%),4.2198,Cluster 1,0.0017,Borderline - blend or hold back,4.2198,4.227,6.6653
464944,43,0.0,2.0,Low,Female,Yes,Yes,Entertainment,Cat_4,Cluster 0,0,Age high (z=+0.61); Work Experience low (z=-0.53); Ever Married=Yes (79% vs 59%),1.9961,Cluster 1,0.6312,Clear - automate,1.9961,5.4123,7.3612
464947,25,5.0,1.0,Low,Male,No,No,Doctor,Cat_4,Cluster 2,2,Work Experience high (z=+1.58); Age low (z=-0.33); Family Size low (z=-0.27),5.0288,Cluster 1,0.2782,Moderate - standard outreach,7.1024,6.9673,5.0288
464957,75,0.0,1.0,Low,Female,Yes,No,Lawyer,Cat_4,Cluster 0,0,Age high (z=+0.61); Work Experience low (z=-0.53); Ever Married=Yes (79% vs 59%),4.4577,Cluster 2,0.6746,Clear - automate,4.4577,14.0092,13.7001
464960,22,0.0,5.0,Low,Female,No,No,Healthcare,Cat_4,Cluster 1,1,Family Size high (z=+0.93); Age low (z=-0.77); Ever Married=Yes (31% vs 59%),1.6559,Cluster 0,0.8267,Clear - automate,9.5525,1.6559,11.8428
464961,86,1.0,1.0,Low,Male,Yes,No,Marketing,Cat_4,Cluster 0,0,Age high (z=+0.61); Work Experience low (z=-0.53); Ever Married=Yes (79% vs 59%),6.0991,Cluster 2,0.6252,Clear - automate,6.0991,17.4395,16.2744
464963,50,1.0,2.0,Low,Female,Yes,Yes,Entertainment,Cat_4,Cluster 0,0,Age high (z=+0.61); Work Experience low (z=-0.53); Ever Married=Yes (79% vs 59%),1.5614,Cluster 1,0.7438,Clear - automate,1.5614,6.0948,6.403
464972,73,1.0,9.0,High,Male,Yes,No,Lawyer,Cat_4,Cluster 1,1,Family Size high (z=+0.93); Age low (z=-0.77); Ever Married=Yes (31% vs 59%),18.2393,Cluster 0,0.2131,Moderate - standard outreach,23.1796,18.2393,30.0616
464973,87,1.0,2.0,Low,Male,No,,Lawyer,Cat_4,Cluster 0,0,Age high (z=+0.61); Work Experience low (z=-0.53); Ever Married=Yes (79% vs 59%),6.232,Cluster 1,0.5974,Clear - automate,6.232,15.4781,16.2951
464981,49,0.0,4.0,Average,Male,Yes,Yes,Artist,Cat_6,Cluster 0,0,Age high (z=+0.61); Work Experience low (z=-0.53); Ever Married=Yes (79% vs 59%),2.0153,Cluster 1,0.4098,Moderate - standard outreach,2.0153,3.4145,8.6125
464987,46,1.0,5.0,High,Male,Yes,Yes,Executive,Cat_6,Cluster 1,1,Family Size high (z=+0.93); Age low (z=-0.77); Ever Married=Yes (31% vs 59%),3.1007,Cluster 0,0.3149,Moderate - standard outreach,4.5256,3.1007,9.2321
464990,73,0.0,2.0,High,Male,Yes,No,Executive,Cat_6,Cluster 0,0,Age high (z=+0.61); Work Experience low (z=-0.53); Ever Married=Yes (79% vs 59%),3.0369,Cluster 1,0.7105,Clear - automate,3.0369,10.4904,12.8249
464991,87,1.0,2.0,High,Female,Yes,Yes,Lawyer,Cat_6,Cluster 0,0,Age high (z=+0.61); Work Experience low (z=-0.53); Ever Married=Yes (79% vs 59%),5.732,Cluster 2,0.6126,Clear - automate,5.732,16.4781,14.7951
464995,53,2.0,4.0,High,Male,Yes,No,Executive,Cat_4,Cluster 0,0,Age high (z=+0.61); Work Experience low (z=-0.53); Ever Married=Yes (79% vs 59%),3.4678,Cluster 1,0.1159,Borderline - blend or hold back,3.4678,3.9222,7.8769
465001,84,1.0,2.0,High,Male,Yes,Yes,Lawyer,Cat_6,Cluster 0,0,Age high (z=+0.61); Work Experience low (z=-0.53); Ever Married=Yes (79% vs 59%),4.5149,Cluster 2,0.6828,Clear - automate,4.5149,14.7572,14.2357
465005,47,3.0,3.0,High,Male,Yes,Yes,Executive,Cat_6,Cluster 0,0,Age high (z=+0.61); Work Experience low (z=-0.53); Ever Married=Yes (79% vs 59%),1.7958,Cluster 1,0.545,Clear - automate,1.7958,3.9467,4.4243
465012,59,1.0,4.0,High,Male,Yes,No,Executive,Cat_6,Cluster 0,0,Age high (z=+0.61); Work Experience low (z=-0.53); Ever Married=Yes (79% vs 59%),2.9857,Cluster 1,0.3374,Moderate - standard outreach,2.9857,4.5058,9.4016
465014,82,1.0,1.0,Low,Male,Yes,No,Lawyer,Cat_6,Cluster 0,0,Age high (z=+0.61); Work Experience low (z=-0.53); Ever Married=Yes (79% vs 59%),4.6876,Cluster 2,0.6746,Clear - automate,4.6876,15.3563,14.4064
465022,71,0.0,2.0,High,Female,Yes,Yes,Lawyer,Cat_6,Cluster 0,0,Age high (z=+0.61); Work Experience low (z=-0.53); Ever Married=Yes (79% vs 59%),2.7594,Cluster 1,0.7463,Clear - automate,2.7594,10.8771,11.3192
465023,39,9.0,2.0,Average,Male,Yes,Yes,Artist,Cat_2,Cluster 2,2,Work Experience high (z=+1.58); Age low (z=-0.33); Family Size low (z=-0.27),1.6503,Cluster 0,0.784,Clear - automate,7.6417,10.3622,1.6503
465026,25,0.0,2.0,Low,Female,No,No,Doctor,Cat_6,Cluster 1,1,Family Size high (z=+0.93); Age low (z=-0.77); Ever Married=Yes (31% vs 59%),3.4755,Cluster 0,0.3161,Moderate - standard outreach,5.0817,3.4755,8.3931
465032,67,1.0,2.0,High,Male,Yes,Yes,Executive,Cat_6,Cluster 0,0,Age high (z=+0.61); Work Experience low (z=-0.53); Ever Married=Yes (79% vs 59%),1.7144,Cluster 1,0.8116,Clear - automate,1.7144,9.1022,9.4956
465035,83,13.0,2.0,High,Female,Yes,Yes,Lawyer,Cat_6,Cluster 2,2,Work Experience high (z=+1.58); Age low (z=-0.33); Family Size low (z=-0.27),10.6466,Cluster 0,0.4054,Moderate - standard outreach,17.9068,27.2825,10.6466
465038,49,0.0,4.0,High,Male,Yes,No,Executive,Cat_6,Cluster 1,1,Family Size high (z=+0.93); Age low (z=-0.77); Ever Married=Yes (31% vs 59%),2.9145,Cluster 0,0.0334,Borderline - blend or hold back,3.0153,2.9145,9.6125
465039,87,0.0,2.0,High,Female,Yes,No,Lawyer,Cat_6,Cluster 0,0,Age high (z=+0.61); Work Experience low (z=-0.53); Ever Married=Yes (79% vs 59%),6.3113,Cluster 1,0.6084,Clear - automate,6.3113,16.1156,16.6966
465040,69,1.0,2.0,Average,Male,Yes,No,Lawyer,Cat_6,Cluster 0,0,Age high (z=+0.61); Work Experience low (z=-0.53); Ever Married=Yes (79% vs 59%),2.4324,Cluster 1,0.7343,Clear - automate,2.4324,9.1561,10.4418
465045,40,9.0,2.0,Average,Male,Yes,Yes,Entertainment,Cat_6,Cluster 2,2,Work Experience high (z=+1.58); Age low (z=-0.33); Family Size low (z=-0.27),1.6616,Cluster 0,0.7796,Clear - automate,7.5389,9.9274,1.6616
465056,87,1.0,2.0,High,Male,Yes,Yes,Lawyer,Cat_6,Cluster 0,0,Age high (z=+0.61); Work Experience low (z=-0.53); Ever Married=Yes (79% vs 59%),5.232,Cluster 2,0.6579,Clear - automate,5.232,15.9781,15.2951
465069,68,0.0,3.0,Average,Male,Yes,Yes,Healthcare,Cat_6,Cluster 0,0,Age high (z=+0.61); Work Experience low (z=-0.53); Ever Married=Yes (79% vs 59%),2.1431,Cluster 1,0.7141,Clear - automate,2.1431,7.4949,11.1344
465075,43,,2.0,Average,Female,Yes,Yes,Artist,Cat_6,Cluster 0,0,Age high (z=+0.61); Work Experience low (z=-0.53); Ever Married=Yes (79% vs 59%),1.4168,Cluster 1,0.7314,Clear - automate,1.4168,5.2748,5.4597
465076,67,0.0,5.0,High,Male,Yes,Yes,Artist,Cat_6,Cluster 0,0,Age high (z=+0.61); Work Experience low (z=-0.53); Ever Married=Yes (79% vs 59%),4.5994,Cluster 1,0.3664,Moderate - standard outreach,4.5994,7.2588,13.0241
465079,80,1.0,1.0,Low,Male,Yes,Yes,Lawyer,Cat_6,Cluster 0,0,Age high (z=+0.61); Work Experience low (z=-0.53); Ever Married=Yes (79% vs 59%),3.7764,Cluster 2,0.7154,Clear - automate,3.7764,15.1092,13.267
465082,65,1.0,1.0,Low,Male,Yes,Yes,Lawyer,Cat_3,Cluster 0,0,Age high (z=+0.61); Work Experience low (z=-0.53); Ever Married=Yes (79% vs 59%),2.1397,Cluster 2,0.7843,Clear - automate,2.1397,10.954,9.919
465087,29,0.0,4.0,Low,Male,No,Yes,Doctor,Cat_6,Cluster 1,1,Family Size high (z=+0.93); Age low (z=-0.77); Ever Married=Yes (31% vs 59%),1.1861,Cluster 0,0.7446,Clear - automate,4.6451,1.1861,8.9604
465091,60,,3.0,Average,Male,Yes,Yes,Entertainment,Cat_6,Cluster 0,0,Age high (z=+0.61); Work Experience low (z=-0.53); Ever Married=Yes (79% vs 59%),1.4296,Cluster 1,0.7569,Clear - automate,1.4296,5.8798,8.1859
465092,72,1.0,2.0,High,Male,Yes,Yes,Executive,Cat_6,Cluster 0,0,Age high (z=+0.61); Work Experience low (z=-0.53); Ever Married=Yes (79% vs 59%),2.3152,Cluster 1,0.7804,Clear - automate,2.3152,10.5425,10.6668
465093,57,0.0,1.0,Low,Male,Yes,Yes,Doctor,Cat_6,Cluster 0,0,Age high (z=+0.61); Work Experience low (z=-0.53); Ever Married=Yes (79% vs 59%),1.2631,Cluster 1,0.8563,Clear - automate,1.2631,8.7923,9.4518
465095,47,1.0,4.0,High,Male,Yes,Yes,Executive,Cat_6,Cluster 0,0,Age high (z=+0.61); Work Experience low (z=-0.53); Ever Married=Yes (79% vs 59%),2.5152,Cluster 1,0.1673,Borderline - blend or hold back,2.5152,3.0204,7.562
465099,39,1.0,2.0,Average,Male,Yes,No,Entertainment,Cat_6,Cluster 0,0,Age high (z=+0.61); Work Experience low (z=-0.53); Ever Married=Yes (79% vs 59%),2.2833,Cluster 1,0.4248,Moderate - standard outreach,2.2833,3.9696,6.8698
465100,62,0.0,2.0,High,Male,Yes,Yes,Artist,Cat_6,Cluster 0,0,Age high (z=+0.61); Work Experience low (z=-0.53); Ever Married=Yes (79% vs 59%),0.8787,Cluster 1,0.89,Clear - automate,0.8787,7.9852,9.4117
465101,81,1.0,1.0,Low,Female,Yes,Yes,Lawyer,Cat_6,Cluster 0,0,Age high (z=+0.61); Work Experience low (z=-0.53); Ever Married=Yes (79% vs 59%),4.4782,Cluster 2,0.6577,Clear - automate,4.4782,15.979,13.083
465105,65,8.0,2.0,Average,Male,Yes,No,Executive,Cat_6,Cluster 2,2,Work Experience high (z=+1.58); Age low (z=-0.33); Family Size low (z=-0.27),4.8183,Cluster 0,0.2611,Moderate - standard outreach,6.521,12.1654,4.8183
465109,47,,2.0,Low,Male,No,No,Lawyer,Cat_6,Cluster 0,0,Age high (z=+0.61); Work Experience low (z=-0.53); Ever Married=Yes (79% vs 59%),1.6691,Cluster 1,0.5487,Clear - automate,1.6691,3.6988,7.1684
465111,40,8.0,2.0,Average,Female,Yes,Yes,Artist,Cat_6,Cluster 2,2,Work Experience high (z=+1.58); Age low (z=-0.33); Family Size low (z=-0.27),0.6203,Cluster 0,0.8996,Clear - automate,6.1754,9.1221,0.6203
465112,86,0.0,2.0,High,Female,Yes,No,Lawyer,Cat_6,Cluster 0,0,Age high (z=+0.61); Work Experience low (z=-0.53); Ever Married=Yes (79% vs 59%),6.0648,Cluster 1,0.6137,Clear - automate,6.0648,15.7012,16.3361
465113,67,0.0,2.0,High,Male,Yes,Yes,Lawyer,Cat_4,Cluster 0,0,Age high (z=+0.61); Work Experience low (z=-0.53); Ever Married=Yes (79% vs 59%),2.2937,Cluster 1,0.7645,Clear - automate,2.2937,9.7398,11.3971
465119,45,0.0,5.0,Average,Female,Yes,Yes,Artist,Cat_6,Cluster 1,1,Family Size high (z=+0.93); Age low (z=-0.77); Ever Married=Yes (31% vs 59%),3.6285,Cluster 0,0.2219,Moderate - standard outreach,4.6631,3.6285,9.5777
465120,27,1.0,4.0,Low,Female,No,Yes,Healthcare,Cat_6,Cluster 1,1,Family Size high (z=+0.93); Age low (z=-0.77); Ever Married=Yes (31% vs 59%),1.0893,Cluster 0,0.7999,Clear - automate,5.4423,1.0893,7.2072
465121,32,7.0,1.0,Low,Female,No,Yes,Artist,Cat_3,Cluster 2,2,Work Experience high (z=+1.58); Age low (z=-0.33); Family Size low (z=-0.27),2.2167,Cluster 0,0.6894,Clear - automate,7.1361,9.5599,2.2167
465122,41,3.0,2.0,Average,Female,Yes,Yes,Artist,Cat_6,Cluster 0,0,Age high (z=+0.61); Work Experience low (z=-0.53); Ever Married=Yes (79% vs 59%),1.9677,Cluster 2,0.3729,Moderate - standard outreach,1.9677,5.3734,3.1379
465124,27,6.0,2.0,Average,Female,Yes,Yes,Healthcare,Cat_6,Cluster 2,2,Work Experience high (z=+1.58); Age low (z=-0.33); Family Size low (z=-0.27),2.0112,Cluster 1,0.68,Clear - automate,6.4051,6.2854,2.0112
465128,58,0.0,3.0,Average,Female,Yes,No,Artist,Cat_6,Cluster 0,0,Age high (z=+0.61); Work Experience low (z=-0.53); Ever Married=Yes (79% vs 59%),1.9247,Cluster 1,0.6561,Clear - automate,1.9247,5.5973,8.775
465134,61,1.0,5.0,Average,Female,Yes,Yes,Entertainment,Cat_6,Cluster 0,0,Age high (z=+0.61); Work Experience low (z=-0.53); Ever Married=Yes (79% vs 59%),5.0445,Cluster 1,0.1782,Borderline - blend or hold back,5.0445,6.1382,10.4623
465136,52,0.0,2.0,Average,Male,Yes,Yes,Artist,Cat_6,Cluster 0,0,Age high (z=+0.61); Work Experience low (z=-0.53); Ever Married=Yes (79% vs 59%),0.6061,Cluster 1,0.8995,Clear - automate,0.6061,6.0335,7.9981
465144,25,8.0,1.0,Low,Male,No,Yes,Doctor,Cat_6,Cluster 2,2,Work Experience high (z=+1.58); Age low (z=-0.33); Family Size low (z=-0.27),3.0706,Cluster 0,0.663,Clear - automate,9.1109,9.8011,3.0706
465147,33,2.0,3.0,Low,Male,No,Yes,Healthcare,Cat_6,Cluster 1,1,Family Size high (z=+0.93); Age low (z=-0.77); Ever Married=Yes (31% vs 59%),1.2596,Cluster 0,0.5658,Clear - automate,2.9012,1.2596,5.2547
465148,31,0.0,,Low,Male,No,No,Artist,,Cluster 1,1,Family Size high (z=+0.93); Age low (z=-0.77); Ever Married=Yes (31% vs 59%),1.8355,Cluster 0,0.5034,Clear - automate,3.6965,1.8355,8.4662
465150,37,1.0,1.0,Low,Male,No,Yes,Entertainment,Cat_6,Cluster 0,0,Age high (z=+0.61); Work Experience low (z=-0.53); Ever Married=Yes (79% vs 59%),2.6248,Cluster 1,0.5425,Clear - automate,2.6248,5.7375,7.2093
465153,38,1.0,2.0,Average,Male,Yes,Yes,Artist,Cat_6,Cluster 0,0,Age high (z=+0.61); Work Experience low (z=-0.53); Ever Married=Yes (79% vs 59%),1.3935,Cluster 1,0.6842,Clear - automate,1.3935,4.4119,5.8659
465155,81,0.0,1.0,Low,Male,Yes,Yes,Lawyer,Cat_6,Cluster 0,0,Age high (z=+0.61); Work Experience low (z=-0.53); Ever Married=Yes (79% vs 59%),4.0575,Cluster 2,0.7292,Clear - automate,4.0575,15.6166,14.9845
465160,61,0.0,3.0,High,Male,Yes,Yes,Executive,Cat_6,Cluster 0,0,Age high (z=+0.61); Work Experience low (z=-0.53); Ever Married=Yes (79% vs 59%),1.5622,Cluster 1,0.7496,Clear - automate,1.5622,6.2385,9.7548
465164,20,0.0,3.0,Low,Male,No,No,Healthcare,Cat_6,Cluster 1,1,Family Size high (z=+0.93); Age low (z=-0.77); Ever Married=Yes (31% vs 59%),1.2634,Cluster 0,0.7884,Clear - automate,5.9714,1.2634,9.4861
465171,48,8.0,4.0,High,Female,Yes,Yes,Artist,Cat_6,Cluster 2,2,Work Experience high (z=+1.58); Age low (z=-0.33); Family Size low (z=-0.27),1.8719,Cluster 0,0.7313,Clear - automate,6.9668,7.7322,1.8719
465172,43,8.0,2.0,Average,Female,Yes,Yes,Artist,Cat_6,Cluster 2,2,Work Experience high (z=+1.58); Age low (z=-0.33); Family Size low (z=-0.27),0.6988,Cluster 0,0.8818,Clear - automate,5.9117,9.362,0.6988
465175,22,0.0,4.0,Low,Female,No,No,Homemaker,Cat_6,Cluster 1,1,Family Size high (z=+0.93); Age low (z=-0.77); Ever Married=Yes (31% vs 59%),1.4584,Cluster 0,0.7944,Clear - automate,7.0928,1.4584,9.6094
465176,63,1.0,4.0,Average,Female,Yes,Yes,Artist,Cat_6,Cluster 0,0,Age high (z=+0.61); Work Experience low (z=-0.53); Ever Married=Yes (79% vs 59%),2.7136,Cluster 1,0.5764,Clear - automate,2.7136,6.4054,8.5859
465181,25,8.0,1.0,Low,Female,No,Yes,Healthcare,Cat_4,Cluster 2,2,Work Experience high (z=+1.58); Age low (z=-0.33); Family Size low (z=-0.27),3.0706,Cluster 0,0.6963,Clear - automate,10.1109,10.3011,3.0706
465182,73,1.0,1.0,Low,Female,No,Yes,Lawyer,Cat_6,Cluster 0,0,Age high (z=+0.61); Work Experience low (z=-0.53); Ever Married=Yes (79% vs 59%),3.5712,Cluster 2,0.6829,Clear - automate,3.5712,12.7287,11.2632
465186,43,4.0,4.0,Average,Female,Yes,No,Artist,Cat_1,Cluster 1,1,Family Size high (z=+0.93); Age low (z=-0.77); Ever Married=Yes (31% vs 59%),3.7659,Cluster 2,0.1099,Borderline - blend or hold back,4.6071,3.7659,4.2307
465187,39,1.0,4.0,Average,Female,Yes,No,Doctor,Cat_4,Cluster 1,1,Family Size high (z=+0.93); Age low (z=-0.77); Ever Married=Yes (31% vs 59%),2.7913,Cluster 0,0.3971,Moderate - standard outreach,4.6294,2.7913,7.7634
465188,49,0.0,4.0,Average,Female,Yes,Yes,Artist,Cat_6,Cluster 0,0,Age high (z=+0.61); Work Experience low (z=-0.53); Ever Married=Yes (79% vs 59%),2.5153,Cluster 1,0.3574,Moderate - standard outreach,2.5153,3.9145,8.1125
465189,83,1.0,2.0,High,Female,Yes,Yes,Lawyer,Cat_6,Cluster 0,0,Age high (z=+0.61); Work Experience low (z=-0.53); Ever Married=Yes (79% vs 59%),4.7907,Cluster 2,0.6424,Clear - automate,4.7907,14.8651,13.3974
465194,22,9.0,6.0,Low,Male,No,No,Healthcare,Cat_2,Cluster 1,1,Family Size high (z=+0.93); Age low (z=-0.77); Ever Married=Yes (31% vs 59%),7.4662,Cluster 2,0.1528,Borderline - blend or hold back,17.649,7.4662,8.8129
465196,31,2.0,2.0,Low,Female,No,Yes,Artist,Cat_4,Cluster 0,0,Age high (z=+0.61); Work Experience low (z=-0.53); Ever Married=Yes (79% vs 59%),3.4741,Cluster 1,0.1843,Borderline - blend or hold back,3.4741,4.2589,4.8256
465197,60,1.0,4.0,High,Female,Yes,Yes,Artist,Cat_6,Cluster 0,0,Age high (z=+0.61); Work Experience low (z=-0.53); Ever Married=Yes (79% vs 59%),2.5315,Cluster 1,0.5574,Clear - automate,2.5315,5.7195,8.0615
465201,42,1.0,4.0,Average,Male,Yes,Yes,Entertainment,Cat_3,Cluster 1,1,Family Size high (z=+0.93); Age low (z=-0.77); Ever Married=Yes (31% vs 59%),3.0089,Cluster 0,0.1,Borderline - blend or hold back,3.3433,3.0089,7.8196
465202,25,7.0,4.0,Low,Male,No,No,Entertainment,Cat_6,Cluster 1,1,Family Size high (z=+0.93); Age low (z=-0.77); Ever Married=Yes (31% vs 59%),3.622,Cluster 2,0.0376,Borderline - blend or hold back,9.1602,3.622,3.7634
465203,29,3.0,3.0,Low,Male,No,Yes,Healthcare,Cat_6,Cluster 1,1,Family Size high (z=+0.93); Age low (z=-0.77); Ever Married=Yes (31% vs 59%),1.475,Cluster 0,0.6165,Clear - automate,3.8464,1.475,4.4212
465204,29,1.0,2.0,Low,Male,Yes,Yes,Healthcare,Cat_6,Cluster 0,0,Age high (z=+0.61); Work Experience low (z=-0.53); Ever Married=Yes (79% vs 59%),2.7198,Cluster 1,0.1572,Borderline - blend or hold back,2.7198,3.227,6.1653
465213,39,2.0,2.0,Average,Male,Yes,Yes,Entertainment,Cat_6,Cluster 0,0,Age high (z=+0.61); Work Experience low (z=-0.53); Ever Married=Yes (79% vs 59%),1.8844,Cluster 1,0.5824,Clear - automate,1.8844,4.5125,5.1486
465214,33,14.0,1.0,Low,Male,Yes,No,Engineer,Cat_6,Cluster 2,2,Work Experience high (z=+1.58); Age low (z=-0.33); Family Size low (z=-0.27),5.49,Cluster 0,0.7041,Clear - automate,18.551,20.2352,5.49
465216,35,9.0,4.0,High,Male,Yes,Yes,Executive,Cat_6,Cluster 2,2,Work Experience high (z=+1.58); Age low (z=-0.33); Family Size low (z=-0.27),2.5729,Cluster 1,0.6568,Clear - automate,9.4732,7.4976,2.5729
465226,38,2.0,3.0,Low,Male,Yes,No,Entertainment,Cat_6,Cluster 1,1,Family Size high (z=+0.93); Age low (z=-0.77); Ever Married=Yes (31% vs 59%),1.9367,Cluster 0,0.1349,Borderline - blend or hold back,2.2387,1.9367,5.1626
465228,59,1.0,2.0,High,Male,Yes,Yes,Artist,Cat_6,Cluster 0,0,Age high (z=+0.61); Work Experience low (z=-0.53); Ever Married=Yes (79% vs 59%),0.6396,Cluster 1,0.911,Clear - automate,0.6396,7.1842,7.508
465231,67,1.0,2.0,Average,Male,Yes,No,Artist,Cat_6,Cluster 0,0,Age high (z=+0.61); Work Experience low (z=-0.53); Ever Married=Yes (79% vs 59%),1.7144,Cluster 1,0.8007,Clear - automate,1.7144,8.6022,9.4956
465236,45,1.0,1.0,Low,Male,Yes,Yes,Artist,Cat_6,Cluster 0,0,Age high (z=+0.61); Work Experience low (z=-0.53); Ever Married=Yes (79% vs 59%),0.8917,Cluster 2,0.8604,Clear - automate,0.8917,6.8477,6.389
465237,70,,2.0,High,Male,Yes,Yes,Lawyer,Cat_6,Cluster 0,0,Age high (z=+0.61); Work Experience low (z=-0.53); Ever Married=Yes (79% vs 59%),2.0526,Cluster 1,0.7936,Clear - automate,2.0526,9.9441,10.176
465242,19,5.0,4.0,Low,Male,No,No,Healthcare,Cat_3,Cluster 1,1,Family Size high (z=+0.93); Age low (z=-0.77); Ever Married=Yes (31% vs 59%),2.3025,Cluster 2,0.6027,Clear - automate,9.2318,2.3025,5.7949
465249,23,0.0,4.0,Low,Female,No,No,Healthcare,Cat_6,Cluster 1,1,Family Size high (z=+0.93); Age low (z=-0.77); Ever Married=Yes (31% vs 59%),0.8972,Cluster 0,0.8693,Clear - automate,6.8637,0.8972,9.4944
465254,22,1.0,4.0,Low,Male,No,No,Healthcare,Cat_7,Cluster 1,1,Family Size high (z=+0.93); Age low (z=-0.77); Ever Married=Yes (31% vs 59%),0.8209,Cluster 0,0.883,Clear - automate,7.0135,0.8209,9.2079
465261,23,1.0,4.0,Low,Female,No,Yes,Healthcare,Cat_1,Cluster 1,1,Family Size high (z=+0.93); Age low (z=-0.77); Ever Married=Yes (31% vs 59%),1.7597,Cluster 0,0.7406,Clear - automate,6.7844,1.7597,8.0929
465264,80,0.0,1.0,Low,Male,Yes,No,Executive,Cat_6,Cluster 0,0,Age high (z=+0.61); Work Experience low (z=-0.53); Ever Married=Yes (79% vs 59%),4.3556,Cluster 1,0.7046,Clear - automate,4.3556,14.7468,15.1685
465267,40,14.0,5.0,Average,Male,Yes,No,Engineer,Cat_4,Cluster 2,2,Work Experience high (z=+1.58); Age low (z=-0.33); Family Size low (z=-0.27),8.2003,Cluster 1,0.5226,Clear - automate,21.3677,17.1783,8.2003
465274,36,0.0,1.0,Low,Male,No,Yes,Artist,Cat_4,Cluster 0,0,Age high (z=+0.61); Work Experience low (z=-0.53); Ever Married=Yes (79% vs 59%),2.8291,Cluster 1,0.5532,Clear - automate,2.8291,6.3322,8.6218
465285,31,8.0,4.0,Low,Female,Yes,No,Engineer,Cat_6,Cluster 2,2,Work Experience high (z=+1.58); Age low (z=-0.33); Family Size low (z=-0.27),2.1795,Cluster 1,0.6125,Clear - automate,9.214,5.625,2.1795
465288,20,1.0,2.0,Low,Female,Yes,No,Engineer,Cat_4,Cluster 1,1,Family Size high (z=+0.93); Age low (z=-0.77); Ever Married=Yes (31% vs 59%),4.644,Cluster 0,0.2446,Moderate - standard outreach,6.1479,4.644,7.5666
465289,31,1.0,2.0,High,Male,Yes,Yes,Executive,Cat_6,Cluster 0,0,Age high (z=+0.61); Work Experience low (z=-0.53); Ever Married=Yes (79% vs 59%),2.873,Cluster 1,0.3186,Moderate - standard outreach,2.873,4.2161,6.5468
465290,50,0.0,5.0,High,Male,Yes,Yes,Executive,Cat_6,Cluster 1,1,Family Size high (z=+0.93); Age low (z=-0.77); Ever Married=Yes (31% vs 59%),3.7514,Cluster 0,0.1563,Borderline - blend or hold back,4.4465,3.7514,10.9315
465294,67,0.0,2.0,Low,Male,Yes,No,Lawyer,Cat_6,Cluster 0,0,Age high (z=+0.61); Work Experience low (z=-0.53); Ever Married=Yes (79% vs 59%),1.7937,Cluster 1,0.7823,Clear - automate,1.7937,8.2398,10.8971
465295,43,9.0,1.0,Average,Female,,Yes,Doctor,Cat_6,Cluster 2,2,Work Experience high (z=+1.58); Age low (z=-0.33); Family Size low (z=-0.27),2.58,Cluster 0,0.7098,Clear - automate,8.8888,13.0432,2.58
465296,85,5.0,3.0,High,Female,Yes,Yes,Lawyer,Cat_6,Cluster 0,0,Age high (z=+0.61); Work Experience low (z=-0.53); Ever Married=Yes (79% vs 59%),6.977,Cluster 2,0.3224,Moderate - standard outreach,6.977,15.3921,10.2967
465303,65,1.0,3.0,Average,Female,Yes,Yes,Artist,Cat_2,Cluster 0,0,Age high (z=+0.61); Work Experience low (z=-0.53); Ever Married=Yes (79% vs 59%),2.2703,Cluster 1,0.7183,Clear - automate,2.2703,8.0601,8.597
465306,71,1.0,4.0,Average,Male,Yes,No,Executive,Cat_2,Cluster 0,0,Age high (z=+0.61); Work Experience low (z=-0.53); Ever Married=Yes (79% vs 59%),4.5262,Cluster 1,0.4385,Moderate - standard outreach,4.5262,8.0612,12.3113
465310,20,1.0,6.0,Low,Female,No,No,Healthcare,Cat_4,Cluster 1,1,Family Size high (z=+0.93); Age low (z=-0.77); Ever Married=Yes (31% vs 59%),2.7182,Cluster 0,0.7872,Clear - automate,12.7711,2.7182,13.2848
465319,20,0.0,5.0,Low,Male,No,No,Healthcare,Cat_6,Cluster 1,1,Family Size high (z=+0.93); Age low (z=-0.77); Ever Married=Yes (31% vs 59%),0.8005,Cluster 0,0.9114,Clear - automate,9.033,0.8005,12.0951
465326,87,,1.0,Low,Male,Yes,Yes,Artist,Cat_6,Cluster 0,0,Age high (z=+0.61); Work Experience low (z=-0.53); Ever Married=Yes (79% vs 59%),4.8456,Cluster 2,0.6798,Clear - automate,4.8456,17.8539,15.135
465333,37,4.0,2.0,Low,Female,Yes,Yes,Artist,Cat_7,Cluster 2,2,Work Experience high (z=+1.58); Age low (z=-0.33); Family Size low (z=-0.27),2.247,Cluster 0,0.2131,Moderate - standard outreach,2.8554,5.5312,2.247
465335,59,1.0,2.0,Average,Male,Yes,No,Entertainment,Cat_7,Cluster 0,0,Age high (z=+0.61); Work Experience low (z=-0.53); Ever Married=Yes (79% vs 59%),2.1396,Cluster 1,0.7022,Clear - automate,2.1396,7.1842,9.008
465340,29,3.0,4.0,Low,Female,No,Yes,Artist,Cat_2,Cluster 1,1,Family Size high (z=+0.93); Age low (z=-0.77); Ever Married=Yes (31% vs 59%),2.3146,Cluster 2,0.5175,Clear - automate,5.4483,2.3146,4.7969
465342,85,0.0,2.0,High,Male,Yes,Yes,Executive,Cat_6,Cluster 0,0,Age high (z=+0.61); Work Experience low (z=-0.53); Ever Married=Yes (79% vs 59%),4.8258,Cluster 1,0.6845,Clear - automate,4.8258,15.2942,15.9829
465344,72,1.0,2.0,High,Female,Yes,Yes,Lawyer,Cat_6,Cluster 0,0,Age high (z=+0.61); Work Experience low (z=-0.53); Ever Married=Yes (79% vs 59%),2.8152,Cluster 2,0.7231,Clear - automate,2.8152,11.0425,10.1668
465345,42,0.0,,Low,Female,No,Yes,Artist,Cat_6,Cluster 0,0,Age high (z=+0.61); Work Experience low (z=-0.53); Ever Married=Yes (79% vs 59%),1.8207,Cluster 1,0.3513,Moderate - standard outreach,1.8207,2.8068,6.8455
465351,45,9.0,2.0,Average,Female,Yes,Yes,Artist,Cat_6,Cluster 2,2,Work Experience high (z=+1.58); Age low (z=-0.33); Family Size low (z=-0.27),0.8296,Cluster 0,0.8837,Clear - automate,7.1365,10.8645,0.8296
465352,59,1.0,4.0,Average,Male,Yes,Yes,Entertainment,Cat_6,Cluster 0,0,Age high (z=+0.61); Work Experience low (z=-0.53); Ever Married=Yes (79% vs 59%),2.4857,Cluster 1,0.5034,Clear - automate,2.4857,5.0058,8.9016
465354,19,0.0,5.0,Low,Male,No,No,Doctor,Cat_2,Cluster 1,1,Family Size high (z=+0.93); Age low (z=-0.77); Ever Married=Yes (31% vs 59%),1.884,Cluster 0,0.8074,Clear - automate,9.7843,1.884,12.7324
465357,47,0.0,3.0,Average,Female,Yes,Yes,Artist,Cat_6,Cluster 0,0,Age high (z=+0.61); Work Experience low (z=-0.53); Ever Married=Yes (79% vs 59%),1.4926,Cluster 1,0.6544,Clear - automate,1.4926,4.3182,7.0878
465358,73,0.0,2.0,High,Female,Yes,Yes,Artist,Cat_6,Cluster 0,0,Age high (z=+0.61); Work Experience low (z=-0.53); Ever Married=Yes (79% vs 59%),2.5369,Cluster 2,0.776,Clear - automate,2.5369,11.4904,11.3249
465359,42,1.0,1.0,Low,Female,Yes,No,Artist,Cat_6,Cluster 0,0,Age high (z=+0.61); Work Experience low (z=-0.53); Ever Married=Yes (79% vs 59%),2.1109,Cluster 2,0.6631,Clear - automate,2.1109,6.5632,6.2659
465364,37,7.0,5.0,Low,Female,No,Yes,Doctor,Cat_2,Cluster 2,2,Work Experience high (z=+1.58); Age low (z=-0.33); Family Size low (z=-0.27),4.3747,Cluster 1,0.1812,Borderline - blend or hold back,9.6286,5.343,4.3747
465366,38,8.0,1.0,Low,Female,No,Yes,Artist,Cat_6,Cluster 2,2,Work Experience high (z=+1.58); Age low (z=-0.33); Family Size low (z=-0.27),1.4449,Cluster 0,0.7936,Clear - automate,7.002,10.375,1.4449
465371,41,1.0,1.0,Low,Female,No,Yes,Artist,Cat_6,Cluster 0,0,Age high (z=+0.61); Work Experience low (z=-0.53); Ever Married=Yes (79% vs 59%),2.1988,Cluster 2,0.6476,Clear - automate,2.1988,6.4832,6.2397
465372,40,0.0,1.0,Low,Female,No,Yes,Entertainment,Cat_6,Cluster 0,0,Age high (z=+0.61); Work Experience low (z=-0.53); Ever Married=Yes (79% vs 59%),2.8734,Cluster 1,0.5612,Clear - automate,2.8734,6.5481,8.1225
465383,30,0.0,4.0,Low,Female,Yes,Yes,Entertainment,Cat_6,Cluster 1,1,Family Size high (z=+0.93); Age low (z=-0.77); Ever Married=Yes (31% vs 59%),2.177,Cluster 0,0.5128,Clear - automate,4.468,2.177,7.8974
465384,56,0.0,2.0,High,Male,Yes,Yes,Artist,Cat_6,Cluster 0,0,Age high (z=+0.61); Work Experience low (z=-0.53); Ever Married=Yes (79% vs 59%),0.626,Cluster 1,0.9069,Clear - automate,0.626,6.725,8.4743
465391,65,1.0,2.0,High,Female,Yes,Yes,Lawyer,Cat_6,Cluster 0,0,Age high (z=+0.61); Work Experience low (z=-0.53); Ever Married=Yes (79% vs 59%),2.0261,Cluster 2,0.7638,Clear - automate,2.0261,9.0781,8.5791
465393,35,5.0,2.0,Average,Male,Yes,Yes,Artist,Cat_6,Cluster 2,2,Work Experience high (z=+1.58); Age low (z=-0.33); Family Size low (z=-0.27),2.0962,Cluster 0,0.356,Moderate - standard outreach,3.2551,5.5369,2.0962
465395,37,0.0,5.0,Average,Female,Yes,No,Engineer,Cat_4,Cluster 1,1,Family Size high (z=+0.93); Age low (z=-0.77); Ever Married=Yes (31% vs 59%),3.0182,Cluster 0,0.5623,Clear - automate,6.8962,3.0182,10.898
465399,36,0.0,1.0,Low,Male,No,Yes,Entertainment,Cat_4,Cluster 0,0,Age high (z=+0.61); Work Experience low (z=-0.53); Ever Married=Yes (79% vs 59%),3.3291,Cluster 1,0.4743,Clear - automate,3.3291,6.3322,9.1218
465405,26,1.0,4.0,High,Female,,Yes,Homemaker,Cat_2,Cluster 1,1,Family Size high (z=+0.93); Age low (z=-0.77); Ever Married=Yes (31% vs 59%),3.1207,Cluster 0,0.5301,Clear - automate,6.6417,3.1207,8.2924
465408,25,,4.0,Low,Male,No,No,Executive,Cat_6,Cluster 1,1,Family Size high (z=+0.93); Age low (z=-0.77); Ever Married=Yes (31% vs 59%),0.6596,Cluster 0,0.8872,Clear - automate,5.8485,0.6596,8.3852
465410,30,0.0,4.0,Low,Male,No,No,Healthcare,Cat_5,Cluster 1,1,Family Size high (z=+0.93); Age low (z=-0.77); Ever Married=Yes (31% vs 59%),0.677,Cluster 0,0.8762,Clear - automate,5.468,0.677,9.8974
465417,37,,2.0,Average,Male,Yes,Yes,Entertainment,Cat_4,Cluster 0,0,Age high (z=+0.61); Work Experience low (z=-0.53); Ever Married=Yes (79% vs 59%),2.5111,Cluster 1,0.4835,Clear - automate,2.5111,4.8617,6.8695
465419,30,0.0,3.0,Low,Male,No,No,Artist,Cat_6,Cluster 1,1,Family Size high (z=+0.93); Age low (z=-0.77); Ever Married=Yes (31% vs 59%),1.3373,Cluster 0,0.6027,Clear - automate,3.3661,1.3373,8.0218
465423,46,1.0,4.0,Average,Male,Yes,Yes,Entertainment,Cat_7,Cluster 0,0,Age high (z=+0.61); Work Experience low (z=-0.53); Ever Married=Yes (79% vs 59%),3.066,Cluster 1,0.0991,Borderline - blend or hold back,3.066,3.4032,7.9986
465428,38,1.0,1.0,Low,Female,No,Yes,Engineer,Cat_4,Cluster 0,0,Age high (z=+0.61); Work Experience low (z=-0.53); Ever Married=Yes (79% vs 59%),3.5071,Cluster 1,0.4833,Clear - automate,3.5071,6.7878,7.2058
465433,40,,1.0,Low,Female,No,Yes,Artist,Cat_2,Cluster 0,0,Age high (z=+0.61); Work Experience low (z=-0.53); Ever Married=Yes (79% vs 59%),2.7941,Cluster 2,0.5843,Clear - automate,2.7941,6.9106,6.721
465435,31,5.0,1.0,Low,Female,No,Yes,Artist,Cat_6,Cluster 2,2,Work Experience high (z=+1.58); Age low (z=-0.33); Family Size low (z=-0.27),2.584,Cluster 0,0.4804,Clear - automate,4.973,7.3454,2.584
465437,45,4.0,5.0,High,Male,Yes,Yes,Executive,Cat_6,Cluster 1,1,Family Size high (z=+0.93); Age low (z=-0.77); Ever Married=Yes (31% vs 59%),3.6605,Cluster 0,0.3256,Moderate - standard outreach,5.4281,3.6605,6.0537
465440,55,1.0,5.0,Low,Male,Yes,No,Engineer,Cat_6,Cluster 1,1,Family Size high (z=+0.93); Age low (z=-0.77); Ever Married=Yes (31% vs 59%),3.4225,Cluster 0,0.2107,Moderate - standard outreach,4.3363,3.4225,10.0696
465441,51,2.0,1.0,Low,Female,Yes,Yes,Engineer,Cat_4,Cluster 0,0,Age high (z=+0.61); Work Experience low (z=-0.53); Ever Married=Yes (79% vs 59%),2.2551,Cluster 2,0.6312,Clear - automate,2.2551,8.6603,6.1147
465445,29,5.0,7.0,Low,Female,No,Yes,Homemaker,Cat_6,Cluster 1,1,Family Size high (z=+0.93); Age low (z=-0.77); Ever Married=Yes (31% vs 59%),5.9677,Cluster 2,0.4589,Clear - automate,15.0045,5.9677,11.0298
465458,74,1.0,2.0,High,Female,Yes,Yes,Artist,Cat_6,Cluster 0,0,Age high (z=+0.61); Work Experience low (z=-0.53); Ever Married=Yes (79% vs 59%),2.6075,Cluster 2,0.744,Clear - automate,2.6075,11.6707,10.1873
465461,69,1.0,3.0,Average,Male,Yes,No,Entertainment,Cat_6,Cluster 0,0,Age high (z=+0.61); Work Experience low (z=-0.53); Ever Married=Yes (79% vs 59%),2.6766,Cluster 1,0.6496,Clear - automate,2.6766,7.638,10.4597
465463,28,,5.0,Low,Female,No,No,Doctor,Cat_2,Cluster 1,1,Family Size high (z=+0.93); Age low (z=-0.77); Ever Married=Yes (31% vs 59%),1.7627,Cluster 0,0.7853,Clear - automate,8.21,1.7627,9.8627
465464,41,0.0,,Average,Male,Yes,Yes,Executive,Cat_4,Cluster 0,0,Age high (z=+0.61); Work Experience low (z=-0.53); Ever Married=Yes (79% vs 59%),2.4086,Cluster 1,0.3537,Moderate - standard outreach,2.4086,3.7268,8.3193
465467,29,1.0,3.0,Low,Male,,No,Healthcare,Cat_6,Cluster 1,1,Family Size high (z=+0.93); Age low (z=-0.77); Ever Married=Yes (31% vs 59%),1.2089,Cluster 0,0.695,Clear - automate,3.9639,1.2089,7.1832
465471,39,0.0,1.0,Low,Male,Yes,Yes,Artist,Cat_6,Cluster 0,0,Age high (z=+0.61); Work Experience low (z=-0.53); Ever Married=Yes (79% vs 59%),1.4762,Cluster 1,0.7723,Clear - automate,1.4762,6.483,7.6112
465472,74,,3.0,High,Female,Yes,No,Entertainment,Cat_6,Cluster 0,0,Age high (z=+0.61); Work Experience low (z=-0.53); Ever Married=Yes (79% vs 59%),3.8516,Cluster 1,0.601,Clear - automate,3.8516,9.6526,11.2052
465473,59,4.0,1.0,Low,Female,No,Yes,Artist,Cat_6,Cluster 0,0,Age high (z=+0.61); Work Experience low (z=-0.53); Ever Married=Yes (79% vs 59%),2.5975,Cluster 2,0.4503,Clear - automate,2.5975,9.7296,4.7254
465477,27,1.0,3.0,Low,Male,No,No,Healthcare,Cat_2,Cluster 1,1,Family Size high (z=+0.93); Age low (z=-0.77); Ever Married=Yes (31% vs 59%),1.2496,Cluster 0,0.7418,Clear - automate,4.8404,1.2496,7.8315
465479,33,0.0,1.0,Low,Male,No,No,Artist,Cat_4,Cluster 0,0,Age high (z=+0.61); Work Experience low (z=-0.53); Ever Married=Yes (79% vs 59%),3.7489,Cluster 1,0.3478,Moderate - standard outreach,3.7489,5.7482,9.1993
465482,31,9.0,2.0,Low,Male,No,No,Entertainment,Cat_2,Cluster 2,2,Work Experience high (z=+1.58); Age low (z=-0.33); Family Size low (z=-0.27),2.8272,Cluster 1,0.6716,Clear - automate,9.7315,8.6087,2.8272
465483,46,0.0,3.0,Average,Male,Yes,No,Artist,Cat_6,Cluster 0,0,Age high (z=+0.61); Work Experience low (z=-0.53); Ever Married=Yes (79% vs 59%),1.5433,Cluster 1,0.5179,Clear - automate,1.5433,3.2011,8.0245
465484,63,0.0,2.0,Low,Female,Yes,Yes,Artist,Cat_6,Cluster 0,0,Age high (z=+0.61); Work Experience low (z=-0.53); Ever Married=Yes (79% vs 59%),0.9469,Cluster 1,0.8848,Clear - automate,0.9469,8.2213,8.5939
465488,22,1.0,4.0,Low,Male,No,No,Healthcare,Cat_6,Cluster 1,1,Family Size high (z=+0.93); Age low (z=-0.77); Ever Married=Yes (31% vs 59%),0.3209,Cluster 0,0.9507,Clear - automate,6.5135,0.3209,8.7079
465489,53,1.0,5.0,Low,Female,No,Yes,Engineer,Cat_6,Cluster 1,1,Family Size high (z=+0.93); Age low (z=-0.77); Ever Married=Yes (31% vs 59%),3.5768,Cluster 0,0.2589,Moderate - standard outreach,4.8264,3.5768,9.3315
465492,59,1.0,1.0,Low,Male,Yes,No,Entertainment,Cat_2,Cluster 0,0,Age high (z=+0.61); Work Experience low (z=-0.53); Ever Married=Yes (79% vs 59%),2.2532,Cluster 1,0.7513,Clear - automate,2.2532,9.06,9.3479
465496,84,,2.0,Low,Male,Yes,Yes,Lawyer,Cat_2,Cluster 0,0,Age high (z=+0.61); Work Experience low (z=-0.53); Ever Married=Yes (79% vs 59%),4.5149,Cluster 2,0.6828,Clear - automate,4.5149,14.7572,14.2357
465505,63,1.0,4.0,Average,Male,Yes,Yes,Artist,Cat_6,Cluster 0,0,Age high (z=+0.61); Work Experience low (z=-0.53); Ever Married=Yes (79% vs 59%),2.2136,Cluster 1,0.6251,Clear - automate,2.2136,5.9054,9.0859
465507,35,8.0,1.0,Low,Male,Yes,Yes,Artist,Cat_6,Cluster 2,2,Work Experience high (z=+1.58); Age low (z=-0.33); Family Size low (z=-0.27),1.4779,Cluster 0,0.7683,Clear - automate,6.3772,10.2465,1.4779
465508,21,1.0,4.0,Low,Male,No,No,Healthcare,Cat_6,Cluster 1,1,Family Size high (z=+0.93); Age low (z=-0.77); Ever Married=Yes (31% vs 59%),0.3895,Cluster 0,0.9423,Clear - automate,6.75,0.3895,8.8303
465510,67,0.0,2.0,High,Male,Yes,No,Lawyer,Cat_6,Cluster 0,0,Age high (z=+0.61); Work Experience low (z=-0.53); Ever Married=Yes (79% vs 59%),2.2937,Cluster 1,0.7376,Clear - automate,2.2937,8.7398,11.3971
465518,41,1.0,3.0,Average,Female,Yes,Yes,Artist,Cat_4,Cluster 0,0,Age high (z=+0.61); Work Experience low (z=-0.53); Ever Married=Yes (79% vs 59%),2.3293,Cluster 1,0.4304,Moderate - standard outreach,2.3293,4.0893,5.9178
465520,27,0.0,8.0,Low,Female,No,Yes,Artist,Cat_2,Cluster 1,1,Family Size high (z=+0.93); Age low (z=-0.77); Ever Married=Yes (31% vs 59%),8.1631,Cluster 0,0.5589,Clear - automate,18.5068,8.1631,20.6889
465521,53,1.0,2.0,Average,Female,Yes,Yes,Artist,Cat_7,Cluster 0,0,Age high (z=+0.61); Work Experience low (z=-0.53); Ever Married=Yes (79% vs 59%),1.5206,Cluster 2,0.7732,Clear - automate,1.5206,7.0577,6.7045
465522,33,4.0,8.0,Low,Female,No,Yes,Healthcare,Cat_5,Cluster 1,1,Family Size high (z=+0.93); Age low (z=-0.77); Ever Married=Yes (31% vs 59%),8.1624,Cluster 2,0.4995,Clear - automate,18.7316,8.1624,16.3093
465529,32,0.0,4.0,Low,Female,No,No,Doctor,Cat_6,Cluster 1,1,Family Size high (z=+0.93); Age low (z=-0.77); Ever Married=Yes (31% vs 59%),1.1809,Cluster 0,0.7701,Clear - automate,5.1362,1.1809,8.7937
465538,59,5.0,2.0,High,Male,Yes,No,,Cat_6,Cluster 0,0,Age high (z=+0.61); Work Experience low (z=-0.53); Ever Married=Yes (79% vs 59%),3.126,Cluster 2,0.3357,Moderate - standard outreach,3.126,7.9376,4.7054
465539,50,1.0,5.0,High,Female,Yes,Yes,Artist,Cat_6,Cluster 1,1,Family Size high (z=+0.93); Age low (z=-0.77); Ever Married=Yes (31% vs 59%),4.1139,Cluster 0,0.058,Borderline - blend or hold back,4.3672,4.1139,8.53
465541,50,1.0,4.0,Average,Female,Yes,Yes,Artist,Cat_7,Cluster 0,0,Age high (z=+0.61); Work Experience low (z=-0.53); Ever Married=Yes (79% vs 59%),2.9075,Cluster 1,0.3417,Moderate - standard outreach,2.9075,4.4164,7.2966
465543,41,1.0,2.0,Average,Female,Yes,Yes,Healthcare,Cat_3,Cluster 0,0,Age high (z=+0.61); Work Experience low (z=-0.53); Ever Married=Yes (79% vs 59%),2.5852,Cluster 1,0.4938,Clear - automate,2.5852,5.1073,6.3999
465547,71,1.0,1.0,Low,Female,Yes,,Lawyer,Cat_6,Cluster 0,0,Age high (z=+0.61); Work Experience low (z=-0.53); Ever Married=Yes (79% vs 59%),3.2937,Cluster 2,0.6938,Clear - automate,3.2937,12.6154,10.7575
465550,33,1.0,6.0,Low,Female,No,Yes,Healthcare,Cat_3,Cluster 1,1,Family Size high (z=+0.93); Age low (z=-0.77); Ever Married=Yes (31% vs 59%),2.8091,Cluster 0,0.7098,Clear - automate,9.6792,2.8091,11.6761
465551,46,,2.0,Average,Female,Yes,Yes,Artist,Cat_3,Cluster 0,0,Age high (z=+0.61); Work Experience low (z=-0.53); Ever Married=Yes (79% vs 59%),1.7199,Cluster 1,0.7172,Clear - automate,1.7199,6.0816,6.1051
465554,78,1.0,3.0,Low,Female,No,Yes,Lawyer,Cat_6,Cluster 0,0,Age high (z=+0.61); Work Experience low (z=-0.53); Ever Married=Yes (79% vs 59%),4.0254,Cluster 1,0.6166,Clear - automate,4.0254,10.498,11.8354
465555,69,,2.0,High,Female,Yes,No,Lawyer,Cat_4,Cluster 0,0,Age high (z=+0.61); Work Experience low (z=-0.53); Ever Married=Yes (79% vs 59%),3.4324,Cluster 1,0.662,Clear - automate,3.4324,10.1561,10.4418
465558,40,8.0,1.0,Low,Female,No,Yes,Healthcare,Cat_7,Cluster 2,2,Work Experience high (z=+1.58); Age low (z=-0.33); Family Size low (z=-0.27),2.4601,Cluster 0,0.6842,Clear - automate,7.789,10.4979,2.4601
465568,43,2.0,3.0,High,Male,Yes,Yes,Executive,Cat_6,Cluster 0,0,Age high (z=+0.61); Work Experience low (z=-0.53); Ever Married=Yes (79% vs 59%),1.762,Cluster 1,0.466,Clear - automate,1.762,3.2995,5.2564
465569,36,0.0,3.0,High,Male,Yes,Yes,Artist,Cat_6,Cluster 0,0,Age high (z=+0.61); Work Experience low (z=-0.53); Ever Married=Yes (79% vs 59%),1.9597,Cluster 1,0.3331,Moderate - standard outreach,1.9597,2.9383,7.2999
465571,35,1.0,2.0,Average,Male,Yes,Yes,Entertainment,Cat_2,Cluster 0,0,Age high (z=+0.61); Work Experience low (z=-0.53); Ever Married=Yes (79% vs 59%),2.7687,Cluster 1,0.4212,Moderate - standard outreach,2.7687,4.7834,6.8988
465577,30,0.0,4.0,Low,Male,No,No,Healthcare,Cat_3,Cluster 1,1,Family Size high (z=+0.93); Age low (z=-0.77); Ever Married=Yes (31% vs 59%),0.677,Cluster 0,0.8762,Clear - automate,5.468,0.677,9.8974
465584,47,3.0,2.0,Average,Male,Yes,No,Entertainment,Cat_6,Cluster 0,0,Age high (z=+0.61); Work Experience low (z=-0.53); Ever Married=Yes (79% vs 59%),2.0516,Cluster 2,0.5818,Clear - automate,2.0516,4.9648,4.9064
465586,69,0.0,1.0,Low,Male,Yes,No,Artist,Cat_6,Cluster 0,0,Age high (z=+0.61); Work Experience low (z=-0.53); Ever Married=Yes (79% vs 59%),2.1253,Cluster 1,0.8097,Clear - automate,2.1253,11.1694,11.6832
465587,41,,5.0,Low,Male,Yes,Yes,Entertainment,Cat_3,Cluster 1,1,Family Size high (z=+0.93); Age low (z=-0.77); Ever Married=Yes (31% vs 59%),2.6264,Cluster 0,0.463,Clear - automate,4.8909,2.6264,9.0269
465594,33,4.0,6.0,Low,Male,Yes,No,Executive,Cat_3,Cluster 1,1,Family Size high (z=+0.93); Age low (z=-0.77); Ever Married=Yes (31% vs 59%),3.4787,Cluster 2,0.6158,Clear - automate,10.0234,3.4787,9.0536
465598,27,6.0,5.0,Low,Male,No,Yes,Healthcare,Cat_2,Cluster 1,1,Family Size high (z=+0.93); Age low (z=-0.77); Ever Married=Yes (31% vs 59%),3.3044,Cluster 2,0.4139,Moderate - standard outreach,9.7108,3.3044,5.6382
465600,38,6.0,2.0,Low,Male,Yes,Yes,Engineer,Cat_3,Cluster 2,2,Work Experience high (z=+1.58); Age low (z=-0.33); Family Size low (z=-0.27),2.0636,Cluster 0,0.509,Clear - automate,4.2024,6.4297,2.0636
465601,35,,4.0,Average,Male,Yes,Yes,Artist,Cat_3,Cluster 1,1,Family Size high (z=+0.93); Age low (z=-0.77); Ever Married=Yes (31% vs 59%),2.605,Cluster 0,0.2793,Moderate - standard outreach,3.6148,2.605,7.2924
465602,27,10.0,2.0,Low,Male,Yes,Yes,Artist,Cat_3,Cluster 2,2,Work Experience high (z=+1.58); Age low (z=-0.33); Family Size low (z=-0.27),1.8157,Cluster 0,0.8271,Clear - automate,10.4986,11.1459,1.8157
465603,51,9.0,,Low,Female,Yes,Yes,Homemaker,Cat_3,Cluster 2,2,Work Experience high (z=+1.58); Age low (z=-0.33); Family Size low (z=-0.27),1.7944,Cluster 0,0.7652,Clear - automate,7.643,10.1162,1.7944
465605,52,4.0,1.0,Low,Female,Yes,Yes,Engineer,Cat_3,Cluster 0,0,Age high (z=+0.61); Work Experience low (z=-0.53); Ever Married=Yes (79% vs 59%),2.9847,Cluster 2,0.3081,Moderate - standard outreach,2.9847,9.4414,4.3139
465611,53,0.0,1.0,Low,Male,No,Yes,Doctor,Cat_6,Cluster 0,0,Age high (z=+0.61); Work Experience low (z=-0.53); Ever Married=Yes (79% vs 59%),1.7135,Cluster 1,0.7737,Clear - automate,1.7135,7.5711,9.4459
465612,43,8.0,2.0,Average,Male,Yes,Yes,Artist,Cat_6,Cluster 2,2,Work Experience high (z=+1.58); Age low (z=-0.33); Family Size low (z=-0.27),1.1988,Cluster 0,0.7785,Clear - automate,5.4117,8.862,1.1988
465616,42,8.0,2.0,Low,Male,Yes,Yes,Doctor,Cat_6,Cluster 2,2,Work Experience high (z=+1.58); Age low (z=-0.33); Family Size low (z=-0.27),1.1652,Cluster 0,0.7878,Clear - automate,5.4921,8.2746,1.1652
465621,36,9.0,1.0,Low,Male,No,Yes,Doctor,Cat_6,Cluster 2,2,Work Experience high (z=+1.58); Age low (z=-0.33); Family Size low (z=-0.27),2.5007,Cluster 0,0.7095,Clear - automate,8.6082,11.0872,2.5007
465625,36,14.0,2.0,Low,Male,No,Yes,Artist,Cat_6,Cluster 2,2,Work Experience high (z=+1.58); Age low (z=-0.33); Family Size low (z=-0.27),4.0727,Cluster 0,0.7607,Clear - automate,17.0176,17.9433,4.0727
465627,40,1.0,1.0,Low,Female,No,Yes,Healthcare,Cat_6,Cluster 0,0,Age high (z=+0.61); Work Experience low (z=-0.53); Ever Married=Yes (79% vs 59%),2.7941,Cluster 1,0.5273,Clear - automate,2.7941,5.9106,6.721
465629,47,2.0,3.0,Average,Male,Yes,Yes,Entertainment,Cat_6,Cluster 0,0,Age high (z=+0.61); Work Experience low (z=-0.53); Ever Married=Yes (79% vs 59%),1.5144,Cluster 1,0.5933,Clear - automate,1.5144,3.7235,5.4651
465635,30,1.0,2.0,Low,Male,No,No,Doctor,Cat_4,Cluster 1,1,Family Size high (z=+0.93); Age low (z=-0.77); Ever Married=Yes (31% vs 59%),3.2178,Cluster 0,0.204,Moderate - standard outreach,4.0427,3.2178,7.6023
465638,53,,,Low,Female,Yes,Yes,Artist,Cat_3,Cluster 0,0,Age high (z=+0.61); Work Experience low (z=-0.53); Ever Married=Yes (79% vs 59%),1.2648,Cluster 1,0.749,Clear - automate,1.2648,5.0396,6.2224
465640,45,5.0,2.0,Average,Male,Yes,Yes,Artist,Cat_6,Cluster 2,2,Work Experience high (z=+1.58); Age low (z=-0.33); Family Size low (z=-0.27),2.2466,Cluster 0,0.0079,Borderline - blend or hold back,2.2645,6.2254,2.2466
465644,33,0.0,5.0,Low,Male,No,Yes,Healthcare,Cat_6,Cluster 1,1,Family Size high (z=+0.93); Age low (z=-0.77); Ever Married=Yes (31% vs 59%),0.8915,Cluster 0,0.8499,Clear - automate,5.941,0.8915,10.4865
465645,40,8.0,2.0,Low,Female,No,Yes,Artist,Cat_6,Cluster 2,2,Work Experience high (z=+1.58); Age low (z=-0.33); Family Size low (z=-0.27),0.6203,Cluster 0,0.8996,Clear - automate,6.1754,8.1221,0.6203
465649,36,5.0,1.0,Low,Female,Yes,Yes,Marketing,Cat_6,Cluster 2,2,Work Experience high (z=+1.58); Age low (z=-0.33); Family Size low (z=-0.27),2.4177,Cluster 0,0.4293,Moderate - standard outreach,4.2362,7.9481,2.4177
465651,32,0.0,4.0,Low,Male,No,No,Engineer,Cat_6,Cluster 1,1,Family Size high (z=+0.93); Age low (z=-0.77); Ever Married=Yes (31% vs 59%),0.6809,Cluster 0,0.8531,Clear - automate,4.6362,0.6809,9.2937
465653,51,0.0,2.0,Low,Female,Yes,Yes,Artist,Cat_6,Cluster 0,0,Age high (z=+0.61); Work Experience low (z=-0.53); Ever Married=Yes (79% vs 59%),0.6197,Cluster 1,0.8946,Clear - automate,0.6197,5.8792,6.8976
465655,49,0.0,1.0,Low,Female,No,Yes,Artist,Cat_6,Cluster 0,0,Age high (z=+0.61); Work Experience low (z=-0.53); Ever Married=Yes (79% vs 59%),1.7828,Cluster 1,0.7613,Clear - automate,1.7828,7.4687,8.0588
465656,81,1.0,,Low,Male,Yes,No,Lawyer,Cat_6,Cluster 0,0,Age high (z=+0.61); Work Experience low (z=-0.53); Ever Married=Yes (79% vs 59%),4.1088,Cluster 1,0.6293,Clear - automate,4.1088,11.0851,13.261
465658,72,1.0,4.0,Average,Male,Yes,Yes,Artist,Cat_6,Cluster 0,0,Age high (z=+0.61); Work Experience low (z=-0.53); Ever Married=Yes (79% vs 59%),3.1612,Cluster 1,0.6221,Clear - automate,3.1612,8.3642,11.0604
465663,70,0.0,2.0,Low,Female,No,Yes,Artist,Cat_6,Cluster 0,0,Age high (z=+0.61); Work Experience low (z=-0.53); Ever Married=Yes (79% vs 59%),2.1318,Cluster 1,0.7775,Clear - automate,2.1318,9.5816,10.5776
465667,21,0.0,3.0,Low,Male,No,No,Healthcare,Cat_2,Cluster 1,1,Family Size high (z=+0.93); Age low (z=-0.77); Ever Married=Yes (31% vs 59%),1.6874,Cluster 0,0.729,Clear - automate,6.2274,1.6874,9.8562
465668,21,1.0,5.0,Low,Male,No,No,Healthcare,Cat_4,Cluster 1,1,Family Size high (z=+0.93); Age low (z=-0.77); Ever Married=Yes (31% vs 59%),1.087,Cluster 0,0.882,Clear - automate,9.2097,1.087,11.0637
465669,41,4.0,4.0,Average,Female,Yes,No,Entertainment,Cat_4,Cluster 1,1,Family Size high (z=+0.93); Age low (z=-0.77); Ever Married=Yes (31% vs 59%),3.5985,Cluster 2,0.2296,Moderate - standard outreach,5.2755,3.5985,4.671
465670,49,12.0,1.0,Low,Female,No,No,Engineer,Cat_4,Cluster 2,2,Work Experience high (z=+1.58); Age low (z=-0.33); Family Size low (z=-0.27),4.6437,Cluster 0,0.6738,Clear - automate,14.2347,17.7218,4.6437
465675,51,0.0,1.0,Low,Female,No,No,Entertainment,Cat_4,Cluster 0,0,Age high (z=+0.61); Work Experience low (z=-0.53); Ever Married=Yes (79% vs 59%),3.2333,Cluster 1,0.5831,Clear - automate,3.2333,7.755,9.7374
465680,28,0.0,5.0,Average,Male,Yes,No,Healthcare,Cat_4,Cluster 1,1,Family Size high (z=+0.93); Age low (z=-0.77); Ever Married=Yes (31% vs 59%),1.9002,Cluster 0,0.7561,Clear - automate,7.7893,1.9002,11.7643
465685,37,5.0,2.0,Low,Male,No,Yes,Healthcare,Cat_3,Cluster 2,2,Work Experience high (z=+1.58); Age low (z=-0.33); Family Size low (z=-0.27),3.0669,Cluster 0,0.2328,Moderate - standard outreach,3.9975,4.6151,3.0669
465688,63,1.0,3.0,Average,Female,Yes,,Artist,Cat_3,Cluster 0,0,Age high (z=+0.61); Work Experience low (z=-0.53); Ever Married=Yes (79% vs 59%),2.6117,Cluster 1,0.6548,Clear - automate,2.6117,7.5657,8.7103
465689,19,8.0,4.0,Low,Male,No,No,Healthcare,Cat_3,Cluster 2,2,Work Experience high (z=+1.58); Age low (z=-0.33); Family Size low (z=-0.27),4.8367,Cluster 1,0.0583,Borderline - blend or hold back,12.2403,5.1363,4.8367
465695,32,,3.0,Low,Female,No,No,Healthcare,Cat_4,Cluster 1,1,Family Size high (z=+0.93); Age low (z=-0.77); Ever Married=Yes (31% vs 59%),1.7037,Cluster 0,0.6176,Clear - automate,4.455,1.7037,7.0165
465697,51,6.0,1.0,Low,Female,Yes,No,Artist,Cat_6,Cluster 2,2,Work Experience high (z=+1.58); Age low (z=-0.33); Family Size low (z=-0.27),2.5335,Cluster 0,0.3607,Moderate - standard outreach,3.9629,9.6352,2.5335
465703,26,3.0,2.0,Low,Male,Yes,No,Entertainment,Cat_4,Cluster 1,1,Family Size high (z=+0.93); Age low (z=-0.77); Ever Married=Yes (31% vs 59%),4.0651,Cluster 0,0.131,Borderline - blend or hold back,4.6781,4.0651,5.1369
465704,61,0.0,1.0,Low,Male,Yes,No,Artist,Cat_6,Cluster 0,0,Age high (z=+0.61); Work Experience low (z=-0.53); Ever Married=Yes (79% vs 59%),1.4316,Cluster 1,0.8432,Clear - automate,1.4316,9.1324,10.0767
465705,51,0.0,4.0,Average,Female,Yes,Yes,Artist,Cat_6,Cluster 0,0,Age high (z=+0.61); Work Experience low (z=-0.53); Ever Married=Yes (79% vs 59%),2.4658,Cluster 1,0.413,Moderate - standard outreach,2.4658,4.2008,8.2912
465706,45,0.0,3.0,Average,Female,Yes,Yes,Artist,Cat_6,Cluster 0,0,Age high (z=+0.61); Work Experience low (z=-0.53); Ever Married=Yes (79% vs 59%),1.6015,Cluster 1,0.6086,Clear - automate,1.6015,4.0913,6.9686
465721,29,1.0,2.0,High,Male,Yes,Yes,Entertainment,Cat_3,Cluster 0,0,Age high (z=+0.61); Work Experience low (z=-0.53); Ever Married=Yes (79% vs 59%),3.7198,Cluster 1,0.2131,Moderate - standard outreach,3.7198,4.727,7.1653
465722,47,0.0,5.0,Low,Male,Yes,No,,Cat_3,Cluster 1,1,Family Size high (z=+0.93); Age low (z=-0.77); Ever Married=Yes (31% vs 59%),2.8553,Cluster 0,0.4351,Moderate - standard outreach,5.0542,2.8553,11.1969
465725,25,1.0,2.0,Low,Male,No,Yes,Doctor,Cat_3,Cluster 1,1,Family Size high (z=+0.93); Age low (z=-0.77); Ever Married=Yes (31% vs 59%),3.838,Cluster 0,0.1476,Borderline - blend or hold back,4.5024,3.838,7.4916
465727,40,0.0,5.0,Low,Male,No,No,Marketing,Cat_4,Cluster 1,1,Family Size high (z=+0.93); Age low (z=-0.77); Ever Married=Yes (31% vs 59%),1.6913,Cluster 0,0.7212,Clear - automate,6.0655,1.6913,11.4096
465728,45,1.0,1.0,Low,Male,No,Yes,,Cat_4,Cluster 0,0,Age high (z=+0.61); Work Experience low (z=-0.53); Ever Married=Yes (79% vs 59%),2.3917,Cluster 1,0.6507,Clear - automate,2.3917,6.8477,7.889
465733,32,1.0,2.0,Average,Male,Yes,Yes,Entertainment,Cat_4,Cluster 0,0,Age high (z=+0.61); Work Experience low (z=-0.53); Ever Married=Yes (79% vs 59%),3.2108,Cluster 1,0.32,Moderate - standard outreach,3.2108,4.7218,6.9986
465734,38,0.0,3.0,Low,Male,Yes,Yes,Artist,Cat_1,Cluster 0,0,Age high (z=+0.61); Work Experience low (z=-0.53); Ever Married=Yes (79% vs 59%),1.7169,Cluster 1,0.4336,Moderate - standard outreach,1.7169,3.0314,7.2854
465736,38,8.0,2.0,Low,Female,No,Yes,Artist,Cat_3,Cluster 2,2,Work Experience high (z=+1.58); Age low (z=-0.33); Family Size low (z=-0.27),1.1051,Cluster 0,0.8396,Clear - automate,6.8884,8.4992,1.1051
465737,48,7.0,3.0,Low,Female,Yes,Yes,Engineer,Cat_3,Cluster 2,2,Work Experience high (z=+1.58); Age low (z=-0.33); Family Size low (z=-0.27),1.6353,Cluster 0,0.6844,Clear - automate,5.1817,7.2676,1.6353
465740,71,0.0,1.0,Low,Female,No,Yes,Doctor,Cat_6,Cluster 0,0,Age high (z=+0.61); Work Experience low (z=-0.53); Ever Married=Yes (79% vs 59%),3.373,Cluster 2,0.7226,Clear - automate,3.373,12.253,12.1591
465742,46,3.0,3.0,Low,Female,Yes,Yes,Artist,Cat_6,Cluster 0,0,Age high (z=+0.61); Work Experience low (z=-0.53); Ever Married=Yes (79% vs 59%),1.3465,Cluster 2,0.5293,Clear - automate,1.3465,3.8296,2.861
465751,46,9.0,2.0,Low,Female,Yes,Yes,Artist,Cat_6,Cluster 2,2,Work Experience high (z=+1.58); Age low (z=-0.33); Family Size low (z=-0.27),0.3855,Cluster 0,0.9414,Clear - automate,6.5783,10.4742,0.3855
465753,49,7.0,2.0,Low,Female,Yes,Yes,Artist,Cat_6,Cluster 2,2,Work Experience high (z=+1.58); Age low (z=-0.33); Family Size low (z=-0.27),0.6956,Cluster 0,0.8217,Clear - automate,3.9016,8.4177,0.6956
465766,43,0.0,3.0,Low,Male,Yes,No,Entertainment,Cat_4,Cluster 0,0,Age high (z=+0.61); Work Experience low (z=-0.53); Ever Married=Yes (79% vs 59%),2.2402,Cluster 1,0.226,Moderate - standard outreach,2.2402,2.8942,8.3791
465768,38,6.0,4.0,Low,Female,No,Yes,Artist,Cat_4,Cluster 2,2,Work Experience high (z=+1.58); Age low (z=-0.33); Family Size low (z=-0.27),2.4571,Cluster 1,0.422,Moderate - standard outreach,6.0484,4.2513,2.4571
465769,25,8.0,4.0,Low,Male,No,Yes,Healthcare,Cat_6,Cluster 2,2,Work Experience high (z=+1.58); Age low (z=-0.33); Family Size low (z=-0.27),3.1243,Cluster 1,0.3418,Moderate - standard outreach,9.8434,4.7469,3.1243
465772,46,0.0,4.0,Low,Female,Yes,Yes,Engineer,Cat_1,Cluster 0,0,Age high (z=+0.61); Work Experience low (z=-0.53); Ever Married=Yes (79% vs 59%),3.1453,Cluster 1,0.1117,Borderline - blend or hold back,3.1453,3.5407,8.4002
465775,28,9.0,3.0,Low,Female,No,Yes,Engineer,Cat_6,Cluster 2,2,Work Experience high (z=+1.58); Age low (z=-0.33); Family Size low (z=-0.27),1.5341,Cluster 1,0.7986,Clear - automate,10.0069,7.6181,1.5341
465776,41,5.0,4.0,Low,Female,No,Yes,Entertainment,Cat_6,Cluster 2,2,Work Experience high (z=+1.58); Age low (z=-0.33); Family Size low (z=-0.27),2.9908,Cluster 1,0.0602,Borderline - blend or hold back,4.9176,3.1824,2.9908
465777,32,9.0,5.0,Low,Female,No,Yes,Artist,Cat_6,Cluster 2,2,Work Experience high (z=+1.58); Age low (z=-0.33); Family Size low (z=-0.27),3.4061,Cluster 1,0.5225,Clear - automate,11.875,7.1334,3.4061
465784,21,0.0,4.0,Low,Female,No,No,Healthcare,Cat_3,Cluster 1,1,Family Size high (z=+0.93); Age low (z=-0.77); Ever Married=Yes (31% vs 59%),1.527,Cluster 0,0.805,Clear - automate,7.8293,1.527,10.2319
465788,22,1.0,6.0,Low,Male,No,No,Healthcare,Cat_4,Cluster 1,1,Family Size high (z=+0.93); Age low (z=-0.77); Ever Married=Yes (31% vs 59%),2.0736,Cluster 0,0.8241,Clear - automate,11.7906,2.0736,13.5325
465793,27,0.0,5.0,Low,Male,No,No,Healthcare,Cat_4,Cluster 1,1,Family Size high (z=+0.93); Age low (z=-0.77); Ever Married=Yes (31% vs 59%),0.9242,Cluster 0,0.8842,Clear - automate,7.9813,0.9242,11.8421
465797,40,0.0,2.0,Average,Male,Yes,Yes,Artist,Cat_2,Cluster 0,0,Age high (z=+0.61); Work Experience low (z=-0.53); Ever Married=Yes (79% vs 59%),1.7598,Cluster 1,0.6598,Clear - automate,1.7598,5.1723,7.7827
465804,68,0.0,1.0,Low,Female,Yes,No,Engineer,Cat_4,Cluster 0,0,Age high (z=+0.61); Work Experience low (z=-0.53); Ever Married=Yes (79% vs 59%),3.5126,Cluster 1,0.7045,Clear - automate,3.5126,11.8888,11.9563
465809,25,1.0,7.0,Low,Female,No,No,Homemaker,Cat_4,Cluster 1,1,Family Size high (z=+0.93); Age low (z=-0.77); Ever Married=Yes (31% vs 59%),4.8252,Cluster 0,0.6846,Clear - automate,15.3008,4.8252,16.1587
465811,28,1.0,4.0,Low,Male,No,No,Healthcare,Cat_4,Cluster 1,1,Family Size high (z=+0.93); Age low (z=-0.77); Ever Married=Yes (31% vs 59%),0.5652,Cluster 0,0.9017,Clear - automate,5.7504,0.5652,8.6293
465813,28,2.0,8.0,Low,Male,No,No,Marketing,Cat_4,Cluster 1,1,Family Size high (z=+0.93); Age low (z=-0.77); Ever Married=Yes (31% vs 59%),7.0444,Cluster 0,0.626,Clear - automate,18.8366,7.0444,19.4884
465818,27,1.0,3.0,Low,Male,No,No,Entertainment,Cat_4,Cluster 1,1,Family Size high (z=+0.93); Age low (z=-0.77); Ever Married=Yes (31% vs 59%),1.7496,Cluster 0,0.6385,Clear - automate,4.8404,1.7496,7.8315
465823,67,5.0,4.0,Average,Male,Yes,No,Entertainment,Cat_4,Cluster 0,0,Age high (z=+0.61); Work Experience low (z=-0.53); Ever Married=Yes (79% vs 59%),5.5469,Cluster 2,0.2689,Moderate - standard outreach,5.5469,8.1773,7.5865
465826,46,4.0,9.0,Low,Male,Yes,No,Executive,Cat_4,Cluster 1,1,Family Size high (z=+0.93); Age low (z=-0.77); Ever Married=Yes (31% vs 59%),12.6376,Cluster 2,0.4287,Moderate - standard outreach,22.2862,12.6376,22.1209
465828,33,8.0,4.0,Low,Female,No,No,Entertainment,Cat_4,Cluster 2,2,Work Experience high (z=+1.58); Age low (z=-0.33); Family Size low (z=-0.27),3.0907,Cluster 1,0.4524,Clear - automate,9.897,5.6438,3.0907
465829,40,6.0,3.0,Average,Female,Yes,Yes,Doctor,Cat_4,Cluster 2,2,Work Experience high (z=+1.58); Age low (z=-0.33); Family Size low (z=-0.27),2.0967,Cluster 0,0.5994,Clear - automate,5.2335,6.0344,2.0967
465830,48,5.0,7.0,Average,Female,Yes,No,,Cat_4,Cluster 1,1,Family Size high (z=+0.93); Age low (z=-0.77); Ever Married=Yes (31% vs 59%),8.064,Cluster 2,0.3338,Moderate - standard outreach,13.9105,8.064,12.1037
465831,42,0.0,5.0,High,Male,Yes,No,Executive,Cat_4,Cluster 1,1,Family Size high (z=+0.93); Age low (z=-0.77); Ever Married=Yes (31% vs 59%),2.8439,Cluster 0,0.5165,Clear - automate,5.8823,2.8439,11.4546
465837,56,1.0,1.0,Low,Male,No,Yes,,Cat_6,Cluster 0,0,Age high (z=+0.61); Work Experience low (z=-0.53); Ever Married=Yes (79% vs 59%),1.6603,Cluster 1,0.7915,Clear - automate,1.6603,7.9633,8.4127
465841,51,3.0,1.0,Low,Female,No,Yes,Engineer,Cat_6,Cluster 0,0,Age high (z=+0.61); Work Experience low (z=-0.53); Ever Married=Yes (79% vs 59%),2.5365,Cluster 2,0.5001,Clear - automate,2.5365,7.8835,5.0739
465848,27,0.0,1.0,Low,Female,No,Yes,Healthcare,Cat_7,Cluster 0,0,Age high (z=+0.61); Work Experience low (z=-0.53); Ever Married=Yes (79% vs 59%),5.2891,Cluster 1,0.1579,Borderline - blend or hold back,5.2891,6.281,9.055
465849,25,7.0,3.0,Low,Female,No,Yes,Doctor,Cat_4,Cluster 2,2,Work Experience high (z=+1.58); Age low (z=-0.33); Family Size low (z=-0.27),2.3877,Cluster 1,0.5871,Clear - automate,8.5583,5.7823,2.3877
465851,51,9.0,2.0,High,Female,Yes,No,Artist,Cat_4,Cluster 2,2,Work Experience high (z=+1.58); Age low (z=-0.33); Family Size low (z=-0.27),2.2765,Cluster 0,0.7118,Clear - automate,7.8988,11.6343,2.2765
465853,26,,2.0,Average,Female,Yes,Yes,Healthcare,Cat_6,Cluster 0,0,Age high (z=+0.61); Work Experience low (z=-0.53); Ever Married=Yes (79% vs 59%),4.2956,Cluster 1,0.0008,Borderline - blend or hold back,4.2956,4.2991,6.3989
465857,35,0.0,1.0,Low,Female,No,Yes,Doctor,Cat_6,Cluster 0,0,Age high (z=+0.61); Work Experience low (z=-0.53); Ever Married=Yes (79% vs 59%),3.4616,Cluster 1,0.4503,Clear - automate,3.4616,6.2968,8.1402
465860,25,1.0,3.0,Low,Female,,Yes,Doctor,Cat_6,Cluster 1,1,Family Size high (z=+0.93); Age low (z=-0.77); Ever Married=Yes (31% vs 59%),2.8199,Cluster 0,0.4059,Moderate - standard outreach,4.7466,2.8199,6.5095
465863,30,6.0,3.0,Low,Male,No,No,Healthcare,Cat_6,Cluster 1,1,Family Size high (z=+0.93); Age low (z=-0.77); Ever Married=Yes (31% vs 59%),2.7175,Cluster 2,0.0356,Borderline - blend or hold back,6.0957,2.7175,2.8179
465865,41,9.0,1.0,Low,Female,No,Yes,Healthcare,Cat_6,Cluster 2,2,Work Experience high (z=+1.58); Age low (z=-0.33); Family Size low (z=-0.27),2.0202,Cluster 0,0.7639,Clear - automate,8.5572,11.3758,2.0202
465866,42,6.0,3.0,Low,Male,Yes,Yes,Artist,Cat_6,Cluster 2,2,Work Experience high (z=+1.58); Age low (z=-0.33); Family Size low (z=-0.27),1.1416,Cluster 0,0.6257,Clear - automate,3.0503,4.687,1.1416
465867,40,8.0,5.0,High,Female,Yes,Yes,Artist,Cat_6,Cluster 2,2,Work Experience high (z=+1.58); Age low (z=-0.33); Family Size low (z=-0.27),3.2473,Cluster 1,0.5453,Clear - automate,9.4811,7.1411,3.2473
465873,36,13.0,1.0,Low,Male,No,Yes,Entertainment,Cat_6,Cluster 2,2,Work Experience high (z=+1.58); Age low (z=-0.33); Family Size low (z=-0.27),4.4695,Cluster 0,0.7183,Clear - automate,15.8659,18.112,4.4695
465875,39,9.0,1.0,Low,Female,No,Yes,Artist,Cat_6,Cluster 2,2,Work Experience high (z=+1.58); Age low (z=-0.33); Family Size low (z=-0.27),1.4901,Cluster 0,0.8195,Clear - automate,8.2553,11.7381,1.4901
465884,40,7.0,3.0,High,Male,Yes,Yes,Executive,Cat_6,Cluster 2,2,Work Experience high (z=+1.58); Age low (z=-0.33); Family Size low (z=-0.27),1.7772,Cluster 0,0.6606,Clear - automate,5.2364,5.979,1.7772
465893,40,1.0,2.0,Average,Female,Yes,Yes,Engineer,Cat_6,Cluster 0,0,Age high (z=+0.61); Work Experience low (z=-0.53); Ever Married=Yes (79% vs 59%),2.1805,Cluster 1,0.5669,Clear - automate,2.1805,5.0348,5.8811
465894,28,9.0,6.0,Low,Male,No,Yes,Artist,Cat_6,Cluster 2,2,Work Experience high (z=+1.58); Age low (z=-0.33); Family Size low (z=-0.27),6.7344,Cluster 1,0.1266,Borderline - blend or hold back,14.8859,7.7105,6.7344
465907,31,8.0,,Low,Female,No,Yes,Marketing,Cat_1,Cluster 2,2,Work Experience high (z=+1.58); Age low (z=-0.33); Family Size low (z=-0.27),1.8038,Cluster 1,0.7342,Clear - automate,8.6121,6.7853,1.8038
465916,41,4.0,1.0,Low,Male,No,Yes,Artist,Cat_6,Cluster 0,0,Age high (z=+0.61); Work Experience low (z=-0.53); Ever Married=Yes (79% vs 59%),2.543,Cluster 2,0.297,Moderate - standard outreach,2.543,6.6527,3.6172
465923,28,9.0,5.0,Low,Female,No,Yes,Engineer,Cat_6,Cluster 2,2,Work Experience high (z=+1.58); Age low (z=-0.33); Family Size low (z=-0.27),4.1432,Cluster 1,0.421,Moderate - standard outreach,13.0684,7.1553,4.1432
465925,30,1.0,1.0,Low,Male,No,Yes,Healthcare,Cat_6,Cluster 0,0,Age high (z=+0.61); Work Experience low (z=-0.53); Ever Married=Yes (79% vs 59%),3.6563,Cluster 1,0.2822,Moderate - standard outreach,3.6563,5.0937,7.4422
465927,30,1.0,1.0,Low,Female,No,Yes,Healthcare,Cat_6,Cluster 0,0,Age high (z=+0.61); Work Experience low (z=-0.53); Ever Married=Yes (79% vs 59%),4.1563,Cluster 1,0.257,Moderate - standard outreach,4.1563,5.5937,6.9422
465930,38,9.0,2.0,Low,Female,No,Yes,Artist,Cat_6,Cluster 2,2,Work Experience high (z=+1.58); Age low (z=-0.33); Family Size low (z=-0.27),0.6464,Cluster 0,0.9166,Clear - automate,7.7519,9.3045,0.6464
465931,43,7.0,1.0,Low,Male,Yes,Yes,Artist,Cat_7,Cluster 2,2,Work Experience high (z=+1.58); Age low (z=-0.33); Family Size low (z=-0.27),2.1777,Cluster 0,0.5502,Clear - automate,4.8421,10.1129,2.1777
465935,29,9.0,1.0,Low,Male,No,Yes,Entertainment,Cat_6,Cluster 2,2,Work Experience high (z=+1.58); Age low (z=-0.33); Family Size low (z=-0.27),2.7856,Cluster 0,0.7126,Clear - automate,9.6918,10.9954,2.7856
465937,30,9.0,3.0,Low,Female,No,Yes,Healthcare,Cat_6,Cluster 2,2,Work Experience high (z=+1.58); Age low (z=-0.33); Family Size low (z=-0.27),1.4007,Cluster 1,0.8025,Clear - automate,9.6453,7.0923,1.4007
465941,27,0.0,2.0,Low,Male,Yes,Yes,Healthcare,Cat_6,Cluster 0,0,Age high (z=+0.61); Work Experience low (z=-0.53); Ever Married=Yes (79% vs 59%),3.1755,Cluster 1,0.0674,Borderline - blend or hold back,3.1755,3.4052,7.7151
465948,48,0.0,2.0,Average,Female,Yes,Yes,Artist,Cat_6,Cluster 0,0,Age high (z=+0.61); Work Experience low (z=-0.53); Ever Married=Yes (79% vs 59%),1.2051,Cluster 1,0.7978,Clear - automate,1.2051,5.9609,7.1407
465953,51,1.0,1.0,Low,Female,No,Yes,Artist,Cat_6,Cluster 0,0,Age high (z=+0.61); Work Experience low (z=-0.53); Ever Married=Yes (79% vs 59%),1.654,Cluster 2,0.758,Clear - automate,1.654,7.6175,6.8359
465957,48,0.0,1.0,Low,Female,No,Yes,Marketing,Cat_6,Cluster 0,0,Age high (z=+0.61); Work Experience low (z=-0.53); Ever Married=Yes (79% vs 59%),2.3187,Cluster 1,0.684,Clear - automate,2.3187,7.3367,8.4806
465960,28,9.0,1.0,Low,Female,No,Yes,Marketing,Cat_6,Cluster 2,2,Work Experience high (z=+1.58); Age low (z=-0.33); Family Size low (z=-0.27),2.3561,Cluster 0,0.7729,Clear - automate,10.3763,11.512,2.3561
465961,40,3.0,1.0,Low,Female,No,Yes,Artist,Cat_6,Cluster 0,0,Age high (z=+0.61); Work Experience low (z=-0.53); Ever Married=Yes (79% vs 59%),2.6766,Cluster 2,0.3239,Moderate - standard outreach,2.6766,6.6766,3.959
465963,51,1.0,2.0,Low,Male,Yes,Yes,Artist,Cat_6,Cluster 0,0,Age high (z=+0.61); Work Experience low (z=-0.53); Ever Married=Yes (79% vs 59%),0.0404,Cluster 1,0.9923,Clear - automate,0.0404,5.2417,5.9961
465965,36,8.0,2.0,Low,Female,Yes,No,Marketing,Cat_6,Cluster 2,2,Work Experience high (z=+1.58); Age low (z=-0.33); Family Size low (z=-0.27),1.1196,Cluster 0,0.843,Clear - automate,7.1311,7.9061,1.1196
465972,51,9.0,1.0,Low,Female,No,Yes,Marketing,Cat_6,Cluster 2,2,Work Experience high (z=+1.58); Age low (z=-0.33); Family Size low (z=-0.27),2.6164,Cluster 0,0.6735,Clear - automate,8.0124,13.0101,2.6164
465974,45,5.0,4.0,High,Male,Yes,Yes,Executive,Cat_4,Cluster 2,2,Work Experience high (z=+1.58); Age low (z=-0.33); Family Size low (z=-0.27),4.1401,Cluster 1,0.0895,Borderline - blend or hold back,4.6105,4.547,4.1401
465975,40,8.0,1.0,Low,Male,No,Yes,Artist,Cat_6,Cluster 2,2,Work Experience high (z=+1.58); Age low (z=-0.33); Family Size low (z=-0.27),1.9601,Cluster 0,0.6883,Clear - automate,6.289,9.9979,1.9601
465976,40,0.0,1.0,Low,Male,No,Yes,Artist,Cat_7,Cluster 0,0,Age high (z=+0.61); Work Experience low (z=-0.53); Ever Married=Yes (79% vs 59%),2.3734,Cluster 1,0.6375,Clear - automate,2.3734,6.5481,8.6225
465979,41,2.0,2.0,Low,Male,Yes,Yes,Artist,Cat_6,Cluster 0,0,Age high (z=+0.61); Work Experience low (z=-0.53); Ever Married=Yes (79% vs 59%),0.6862,Cluster 1,0.8346,Clear - automate,0.6862,4.1502,4.1787
465982,43,0.0,4.0,Average,Male,Yes,Yes,Entertainment,Cat_6,Cluster 1,1,Family Size high (z=+0.93); Age low (z=-0.77); Ever Married=Yes (31% vs 59%),2.7339,Cluster 0,0.0381,Borderline - blend or hold back,2.8421,2.7339,8.7548
465983,21,1.0,3.0,Low,Male,,No,Healthcare,Cat_6,Cluster 1,1,Family Size high (z=+0.93); Age low (z=-0.77); Ever Married=Yes (31% vs 59%),1.5498,Cluster 0,0.7256,Clear - automate,5.6481,1.5498,7.9547
465996,23,1.0,4.0,Low,Male,No,No,Healthcare,Cat_6,Cluster 1,1,Family Size high (z=+0.93); Age low (z=-0.77); Ever Married=Yes (31% vs 59%),0.2597,Cluster 0,0.9587,Clear - automate,6.2844,0.2597,8.5929
465997,31,0.0,3.0,Low,Female,No,No,Doctor,Cat_6,Cluster 1,1,Family Size high (z=+0.93); Age low (z=-0.77); Ever Married=Yes (31% vs 59%),1.8355,Cluster 0,0.5626,Clear - automate,4.1965,1.8355,7.9662
466001,42,6.0,2.0,Low,Female,Yes,Yes,Entertainment,Cat_6,Cluster 2,2,Work Experience high (z=+1.58); Age low (z=-0.33); Family Size low (z=-0.27),1.1237,Cluster 0,0.7048,Clear - automate,3.8061,6.705,1.1237
466007,61,0.0,1.0,Low,Male,Yes,No,Artist,Cat_7,Cluster 0,0,Age high (z=+0.61); Work Experience low (z=-0.53); Ever Married=Yes (79% vs 59%),1.9316,Cluster 1,0.7995,Clear - automate,1.9316,9.6324,10.5767
466017,45,0.0,1.0,Low,Female,Yes,Yes,Homemaker,Cat_3,Cluster 0,0,Age high (z=+0.61); Work Experience low (z=-0.53); Ever Married=Yes (79% vs 59%),2.471,Cluster 1,0.6906,Clear - automate,2.471,7.9852,8.2906
466019,63,5.0,1.0,Low,Female,Yes,Yes,Artist,Cat_3,Cluster 0,0,Age high (z=+0.61); Work Experience low (z=-0.53); Ever Married=Yes (79% vs 59%),3.4676,Cluster 2,0.2668,Moderate - standard outreach,3.4676,12.2131,4.7296
466020,86,0.0,1.0,Low,Male,Yes,No,Lawyer,Cat_6,Cluster 0,0,Age high (z=+0.61); Work Experience low (z=-0.53); Ever Married=Yes (79% vs 59%),5.6784,Cluster 1,0.6675,Clear - automate,5.6784,17.077,17.1759
466022,67,,3.0,High,Female,Yes,No,Engineer,Cat_7,Cluster 0,0,Age high (z=+0.61); Work Experience low (z=-0.53); Ever Married=Yes (79% vs 59%),3.4586,Cluster 1,0.5722,Clear - automate,3.4586,8.0842,10.0135
466023,71,,3.0,High,Male,Yes,No,Executive,Cat_7,Cluster 0,0,Age high (z=+0.61); Work Experience low (z=-0.53); Ever Married=Yes (79% vs 59%),3.4243,Cluster 1,0.6074,Clear - automate,3.4243,8.7215,11.4356
466024,43,14.0,2.0,Low,Female,Yes,No,Entertainment,Cat_3,Cluster 2,2,Work Experience high (z=+1.58); Age low (z=-0.33); Family Size low (z=-0.27),4.6519,Cluster 0,0.7386,Clear - automate,17.7982,19.3992,4.6519
466032,28,,2.0,Low,Male,,No,Entertainment,Cat_6,Cluster 1,1,Family Size high (z=+0.93); Age low (z=-0.77); Ever Married=Yes (31% vs 59%),3.2436,Cluster 0,0.1692,Borderline - blend or hold back,3.9043,3.2436,7.2357
466042,47,0.0,2.0,Low,Male,Yes,No,Entertainment,Cat_6,Cluster 0,0,Age high (z=+0.61); Work Experience low (z=-0.53); Ever Married=Yes (79% vs 59%),1.2484,Cluster 1,0.7121,Clear - automate,1.2484,4.3363,8.0699
466043,53,0.0,4.0,Average,Female,Yes,Yes,Artist,Cat_6,Cluster 0,0,Age high (z=+0.61); Work Experience low (z=-0.53); Ever Married=Yes (79% vs 59%),2.446,Cluster 1,0.4585,Clear - automate,2.446,4.5168,8.4996
466046,36,1.0,2.0,Average,Female,Yes,No,Entertainment,Cat_4,Cluster 0,0,Age high (z=+0.61); Work Experience low (z=-0.53); Ever Married=Yes (79% vs 59%),3.6362,Cluster 1,0.2454,Moderate - standard outreach,3.6362,4.8188,6.8804
466058,35,1.0,,Low,Male,Yes,No,Entertainment,Cat_4,Cluster 1,1,Family Size high (z=+0.93); Age low (z=-0.77); Ever Married=Yes (31% vs 59%),2.2653,Cluster 0,0.2481,Moderate - standard outreach,3.0129,2.2653,6.9167
466069,48,1.0,4.0,High,Female,Yes,Yes,Artist,,Cluster 0,0,Age high (z=+0.61); Work Experience low (z=-0.53); Ever Married=Yes (79% vs 59%),2.9719,Cluster 1,0.283,Moderate - standard outreach,2.9719,4.145,7.1327
466071,60,3.0,3.0,Low,Female,Yes,Yes,Artist,Cat_4,Cluster 0,0,Age high (z=+0.61); Work Experience low (z=-0.53); Ever Married=Yes (79% vs 59%),1.8121,Cluster 2,0.632,Clear - automate,1.8121,6.6459,4.9239
466078,45,,1.0,Low,Female,Yes,No,Executive,Cat_6,Cluster 0,0,Age high (z=+0.61); Work Experience low (z=-0.53); Ever Married=Yes (79% vs 59%),2.3917,Cluster 1,0.6507,Clear - automate,2.3917,6.8477,6.889
466079,42,0.0,2.0,Low,Female,Yes,No,Engineer,Cat_6,Cluster 0,0,Age high (z=+0.61); Work Experience low (z=-0.53); Ever Married=Yes (79% vs 59%),2.0765,Cluster 1,0.5199,Clear - automate,2.0765,4.3248,7.3276
466082,89,1.0,1.0,Low,Female,Yes,Yes,Lawyer,Cat_6,Cluster 0,0,Age high (z=+0.61); Work Experience low (z=-0.53); Ever Married=Yes (79% vs 59%),6.3609,Cluster 2,0.5994,Clear - automate,6.3609,19.205,15.8784
466083,23,4.0,2.0,Low,Female,No,No,Marketing,Cat_3,Cluster 2,2,Work Experience high (z=+1.58); Age low (z=-0.33); Family Size low (z=-0.27),4.5768,Cluster 1,0.0067,Borderline - blend or hold back,6.7826,4.6077,4.5768
466084,46,11.0,1.0,Low,Male,Yes,Yes,Homemaker,Cat_3,Cluster 2,2,Work Experience high (z=+1.58); Age low (z=-0.33); Family Size low (z=-0.27),3.349,Cluster 0,0.6944,Clear - automate,10.9601,16.0017,3.349
466085,22,8.0,4.0,Low,Male,No,No,,Cat_4,Cluster 2,2,Work Experience high (z=+1.58); Age low (z=-0.33); Family Size low (z=-0.27),4.4471,Cluster 1,0.1777,Borderline - blend or hold back,11.5084,5.4082,4.4471
466088,30,0.0,7.0,Low,Female,No,No,Healthcare,Cat_6,Cluster 1,1,Family Size high (z=+0.93); Age low (z=-0.77); Ever Married=Yes (31% vs 59%),3.8426,Cluster 0,0.724,Clear - automate,13.9203,3.8426,16.671
466090,58,0.0,,Low,Male,Yes,Yes,Entertainment,Cat_6,Cluster 0,0,Age high (z=+0.61); Work Experience low (z=-0.53); Ever Married=Yes (79% vs 59%),0.9247,Cluster 1,0.8186,Clear - automate,0.9247,5.0973,8.775
466092,73,0.0,4.0,Average,Male,Yes,Yes,Artist,Cat_6,Cluster 0,0,Age high (z=+0.61); Work Experience low (z=-0.53); Ever Married=Yes (79% vs 59%),3.3829,Cluster 1,0.6161,Clear - automate,3.3829,8.812,12.7184
466099,71,0.0,1.0,Low,Female,Yes,Yes,Lawyer,Cat_6,Cluster 0,0,Age high (z=+0.61); Work Experience low (z=-0.53); Ever Married=Yes (79% vs 59%),2.873,Cluster 2,0.7536,Clear - automate,2.873,12.753,11.6591
466103,35,0.0,5.0,Low,Female,Yes,No,Engineer,Cat_6,Cluster 1,1,Family Size high (z=+0.93); Age low (z=-0.77); Ever Married=Yes (31% vs 59%),1.94,Cluster 0,0.6847,Clear - automate,6.1537,1.94,9.9274
466109,52,1.0,4.0,Average,Male,Yes,Yes,Entertainment,Cat_6,Cluster 0,0,Age high (z=+0.61); Work Experience low (z=-0.53); Ever Married=Yes (79% vs 59%),2.3729,Cluster 1,0.3617,Moderate - standard outreach,2.3729,3.7176,7.9901
466111,84,0.0,2.0,Low,Male,Yes,Yes,Lawyer,Cat_6,Cluster 0,0,Age high (z=+0.61); Work Experience low (z=-0.53); Ever Married=Yes (79% vs 59%),4.0942,Cluster 1,0.7156,Clear - automate,4.0942,14.3947,15.1372
466114,47,1.0,5.0,Average,Male,Yes,Yes,Entertainment,Cat_6,Cluster 1,1,Family Size high (z=+0.93); Age low (z=-0.77); Ever Married=Yes (31% vs 59%),3.2178,Cluster 0,0.2809,Moderate - standard outreach,4.4749,3.2178,9.2954
466115,39,0.0,2.0,Low,Male,Yes,No,Executive,Cat_6,Cluster 0,0,Age high (z=+0.61); Work Experience low (z=-0.53); Ever Married=Yes (79% vs 59%),1.8626,Cluster 1,0.4836,Clear - automate,1.8626,3.6072,7.7713
466118,40,0.0,3.0,Low,Female,Yes,No,Engineer,Cat_4,Cluster 0,0,Age high (z=+0.61); Work Experience low (z=-0.53); Ever Married=Yes (79% vs 59%),3.004,Cluster 1,0.0476,Borderline - blend or hold back,3.004,3.1542,7.8006
466124,46,1.0,1.0,Low,Female,No,Yes,Artist,Cat_6,Cluster 0,0,Age high (z=+0.61); Work Experience low (z=-0.53); Ever Married=Yes (79% vs 59%),1.8335,Cluster 2,0.7155,Clear - automate,1.8335,6.9574,6.4449
466128,40,3.0,2.0,Low,Male,No,Yes,Artist,Cat_6,Cluster 0,0,Age high (z=+0.61); Work Experience low (z=-0.53); Ever Married=Yes (79% vs 59%),1.563,Cluster 2,0.5681,Clear - automate,1.563,3.8008,3.6191
466130,27,1.0,6.0,Low,Female,No,No,Artist,Cat_6,Cluster 1,1,Family Size high (z=+0.93); Age low (z=-0.77); Ever Married=Yes (31% vs 59%),2.3419,Cluster 0,0.7708,Clear - automate,10.2194,2.3419,11.5318
466132,23,4.0,4.0,Low,Female,No,No,Healthcare,Cat_7,Cluster 1,1,Family Size high (z=+0.93); Age low (z=-0.77); Ever Married=Yes (31% vs 59%),1.9293,Cluster 2,0.6473,Clear - automate,8.1287,1.9293,5.4704
466136,21,1.0,2.0,Low,Female,No,Yes,Artist,Cat_6,Cluster 1,1,Family Size high (z=+0.93); Age low (z=-0.77); Ever Married=Yes (31% vs 59%),4.0679,Cluster 0,0.1705,Borderline - blend or hold back,4.904,4.0679,6.4368
466138,70,2.0,2.0,High,Male,Yes,No,Lawyer,Cat_6,Cluster 0,0,Age high (z=+0.61); Work Experience low (z=-0.53); Ever Married=Yes (79% vs 59%),2.6536,Cluster 2,0.7193,Clear - automate,2.6536,9.487,9.4548
466140,28,1.0,2.0,Low,Male,Yes,Yes,Entertainment,Cat_6,Cluster 0,0,Age high (z=+0.61); Work Experience low (z=-0.53); Ever Married=Yes (79% vs 59%),2.9043,Cluster 1,0.2242,Moderate - standard outreach,2.9043,3.7436,6.2357
466141,58,1.0,4.0,Low,Female,Yes,Yes,Homemaker,Cat_6,Cluster 0,0,Age high (z=+0.61); Work Experience low (z=-0.53); Ever Married=Yes (79% vs 59%),2.4473,Cluster 1,0.4901,Clear - automate,2.4473,4.7995,7.7491
466142,27,0.0,2.0,Average,Female,Yes,Yes,Entertainment,Cat_6,Cluster 0,0,Age high (z=+0.61); Work Experience low (z=-0.53); Ever Married=Yes (79% vs 59%),4.1755,Cluster 1,0.1487,Borderline - blend or hold back,4.1755,4.9052,7.7151
466143,49,0.0,5.0,Average,Female,Yes,No,Engineer,,Cluster 1,1,Family Size high (z=+0.93); Age low (z=-0.77); Ever Married=Yes (31% vs 59%),4.1119,Cluster 0,0.3118,Moderate - standard outreach,5.9749,4.1119,11.3459
466146,37,8.0,3.0,Average,Female,Yes,No,Engineer,Cat_6,Cluster 2,2,Work Experience high (z=+1.58); Age low (z=-0.33); Family Size low (z=-0.27),1.6265,Cluster 1,0.7653,Clear - automate,7.7502,6.9309,1.6265
466148,39,1.0,4.0,Average,Male,Yes,No,Entertainment,Cat_6,Cluster 1,1,Family Size high (z=+0.93); Age low (z=-0.77); Ever Married=Yes (31% vs 59%),1.7913,Cluster 0,0.5065,Clear - automate,3.6294,1.7913,7.7634
466149,28,2.0,4.0,Low,Female,No,No,Doctor,Cat_6,Cluster 1,1,Family Size high (z=+0.93); Age low (z=-0.77); Ever Married=Yes (31% vs 59%),1.1081,Cluster 0,0.8106,Clear - automate,5.8514,1.1081,6.4081
466153,73,0.0,2.0,Average,Male,Yes,No,Entertainment,Cat_6,Cluster 0,0,Age high (z=+0.61); Work Experience low (z=-0.53); Ever Married=Yes (79% vs 59%),3.0369,Cluster 1,0.7105,Clear - automate,3.0369,10.4904,12.8249
466154,51,1.0,5.0,Average,Female,Yes,Yes,Artist,Cat_3,Cluster 1,1,Family Size high (z=+0.93); Age low (z=-0.77); Ever Married=Yes (31% vs 59%),4.7607,Cluster 0,0.0176,Borderline - blend or hold back,4.8461,4.7607,9.123
466156,48,8.0,3.0,Average,Female,Yes,Yes,Doctor,Cat_2,Cluster 2,2,Work Experience high (z=+1.58); Age low (z=-0.33); Family Size low (z=-0.27),1.9962,Cluster 0,0.7092,Clear - automate,6.8649,8.8926,1.9962
466157,72,9.0,,Low,Male,Yes,Yes,Homemaker,,Cluster 2,2,Work Experience high (z=+1.58); Age low (z=-0.33); Family Size low (z=-0.27),5.9652,Cluster 0,0.2914,Moderate - standard outreach,8.4177,14.4171,5.9652
466161,47,1.0,,Average,Male,Yes,No,Artist,Cat_6,Cluster 0,0,Age high (z=+0.61); Work Experience low (z=-0.53); Ever Married=Yes (79% vs 59%),1.4133,Cluster 1,0.5557,Clear - automate,1.4133,3.1807,6.6863
466162,67,0.0,1.0,Low,Female,Yes,Yes,Doctor,Cat_4,Cluster 0,0,Age high (z=+0.61); Work Experience low (z=-0.53); Ever Married=Yes (79% vs 59%),2.9073,Cluster 2,0.7413,Clear - automate,2.9073,12.1156,11.237
466166,77,0.0,2.0,High,Male,Yes,Yes,Lawyer,Cat_4,Cluster 0,0,Age high (z=+0.61); Work Experience low (z=-0.53); Ever Married=Yes (79% vs 59%),3.681,Cluster 1,0.7126,Clear - automate,3.681,12.8061,13.9253
466172,46,3.0,3.0,Average,Male,Yes,Yes,Artist,Cat_6,Cluster 0,0,Age high (z=+0.61); Work Experience low (z=-0.53); Ever Married=Yes (79% vs 59%),1.3465,Cluster 1,0.6484,Clear - automate,1.3465,3.8296,3.861
466178,52,1.0,4.0,Average,Female,Yes,Yes,Artist,Cat_6,Cluster 0,0,Age high (z=+0.61); Work Experience low (z=-0.53); Ever Married=Yes (79% vs 59%),2.3729,Cluster 1,0.4374,Moderate - standard outreach,2.3729,4.2176,6.9901
466180,67,1.0,1.0,Low,Male,Yes,No,Lawyer,Cat_6,Cluster 0,0,Age high (z=+0.61); Work Experience low (z=-0.53); Ever Married=Yes (79% vs 59%),2.328,Cluster 2,0.7748,Clear - automate,2.328,10.4781,10.3354
466185,62,0.0,4.0,Average,Male,Yes,Yes,Doctor,Cat_6,Cluster 0,0,Age high (z=+0.61); Work Experience low (z=-0.53); Ever Married=Yes (79% vs 59%),2.7248,Cluster 1,0.5308,Clear - automate,2.7248,5.8068,10.8052
466200,45,8.0,3.0,Average,Male,Yes,Yes,Doctor,Cat_4,Cluster 2,2,Work Experience high (z=+1.58); Age low (z=-0.33); Family Size low (z=-0.27),2.3062,Cluster 0,0.6461,Clear - automate,6.5171,8.0411,2.3062
466201,40,1.0,5.0,Average,Male,Yes,Yes,Doctor,Cat_4,Cluster 1,1,Family Size high (z=+0.93); Age low (z=-0.77); Ever Married=Yes (31% vs 59%),3.0538,Cluster 0,0.4434,Moderate - standard outreach,5.4863,3.0538,9.5081
466206,60,4.0,2.0,Average,Female,Yes,Yes,Artist,Cat_3,Cluster 0,0,Age high (z=+0.61); Work Experience low (z=-0.53); Ever Married=Yes (79% vs 59%),2.5297,Cluster 2,0.4435,Moderate - standard outreach,2.5297,9.0675,4.5455
466207,37,8.0,4.0,Average,Female,Yes,Yes,Doctor,Cat_2,Cluster 2,2,Work Experience high (z=+1.58); Age low (z=-0.33); Family Size low (z=-0.27),2.5022,Cluster 1,0.6558,Clear - automate,8.8521,7.2706,2.5022
466208,69,2.0,1.0,High,Male,Yes,No,Executive,Cat_6,Cluster 0,0,Age high (z=+0.61); Work Experience low (z=-0.53); Ever Married=Yes (79% vs 59%),3.1471,Cluster 2,0.6872,Clear - automate,3.1471,11.5747,10.0604
466210,58,1.0,4.0,High,Female,Yes,Yes,Artist,Cat_6,Cluster 0,0,Age high (z=+0.61); Work Experience low (z=-0.53); Ever Married=Yes (79% vs 59%),2.4473,Cluster 1,0.5382,Clear - automate,2.4473,5.2995,7.7491
466211,52,1.0,,Low,Male,Yes,Yes,Artist,Cat_6,Cluster 0,0,Age high (z=+0.61); Work Experience low (z=-0.53); Ever Married=Yes (79% vs 59%),0.271,Cluster 1,0.9301,Clear - automate,0.271,3.8779,6.1144
466213,20,2.0,5.0,Low,Male,No,No,Healthcare,Cat_6,Cluster 1,1,Family Size high (z=+0.93); Age low (z=-0.77); Ever Married=Yes (31% vs 59%),0.7059,Cluster 0,0.922,Clear - automate,9.0547,0.7059,9.4724
466218,23,6.0,4.0,Low,Female,,No,Healthcare,Cat_2,Cluster 1,1,Family Size high (z=+0.93); Age low (z=-0.77); Ever Married=Yes (31% vs 59%),3.7774,Cluster 2,0.1196,Borderline - blend or hold back,9.5933,3.7774,4.2905
466223,66,0.0,1.0,Low,Male,Yes,Yes,Artist,Cat_4,Cluster 0,0,Age high (z=+0.61); Work Experience low (z=-0.53); Ever Married=Yes (79% vs 59%),1.8094,Cluster 2,0.8359,Clear - automate,1.8094,11.3498,11.025
466225,19,1.0,3.0,Low,Male,No,No,Healthcare,Cat_2,Cluster 1,1,Family Size high (z=+0.93); Age low (z=-0.77); Ever Married=Yes (31% vs 59%),1.7094,Cluster 0,0.7427,Clear - automate,6.6435,1.7094,8.7218
466226,53,0.0,5.0,Average,Female,Yes,Yes,Artist,Cat_6,Cluster 0,0,Age high (z=+0.61); Work Experience low (z=-0.53); Ever Married=Yes (79% vs 59%),4.4056,Cluster 1,0.0655,Borderline - blend or hold back,4.4056,4.7143,10.233
466233,59,6.0,1.0,Low,Female,Yes,Yes,Homemaker,Cat_6,Cluster 2,2,Work Experience high (z=+1.58); Age low (z=-0.33); Family Size low (z=-0.27),3.5455,Cluster 0,0.1272,Borderline - blend or hold back,4.0621,11.5777,3.5455
466235,61,0.0,4.0,Average,Female,Yes,Yes,Artist,Cat_4,Cluster 0,0,Age high (z=+0.61); Work Experience low (z=-0.53); Ever Married=Yes (79% vs 59%),3.1641,Cluster 1,0.519,Clear - automate,3.1641,6.5782,10.1304
466236,68,1.0,2.0,Low,Female,Yes,Yes,Engineer,Cat_4,Cluster 0,0,Age high (z=+0.61); Work Experience low (z=-0.53); Ever Married=Yes (79% vs 59%),2.3197,Cluster 2,0.7483,Clear - automate,2.3197,9.8754,9.215
466238,20,1.0,3.0,Low,Male,No,No,Healthcare,Cat_4,Cluster 1,1,Family Size high (z=+0.93); Age low (z=-0.77); Ever Married=Yes (31% vs 59%),1.6259,Cluster 0,0.7456,Clear - automate,6.3921,1.6259,8.5845
466246,20,1.0,4.0,Low,Male,No,No,Healthcare,Cat_2,Cluster 1,1,Family Size high (z=+0.93); Age low (z=-0.77); Ever Married=Yes (31% vs 59%),0.9656,Cluster 0,0.8712,Clear - automate,7.494,0.9656,9.4602
466247,49,0.0,4.0,Low,Female,,Yes,Artist,Cat_2,Cluster 0,0,Age high (z=+0.61); Work Experience low (z=-0.53); Ever Married=Yes (79% vs 59%),3.0153,Cluster 1,0.2297,Moderate - standard outreach,3.0153,3.9145,8.6125
466253,19,1.0,3.0,Low,Male,No,No,Healthcare,Cat_2,Cluster 1,1,Family Size high (z=+0.93); Age low (z=-0.77); Ever Married=Yes (31% vs 59%),1.7094,Cluster 0,0.7427,Clear - automate,6.6435,1.7094,8.7218
466257,27,1.0,4.0,Low,Female,No,No,Healthcare,Cat_6,Cluster 1,1,Family Size high (z=+0.93); Age low (z=-0.77); Ever Married=Yes (31% vs 59%),0.5893,Cluster 0,0.9008,Clear - automate,5.9423,0.5893,7.7072
466264,32,1.0,2.0,Low,Male,Yes,Yes,,Cat_3,Cluster 0,0,Age high (z=+0.61); Work Experience low (z=-0.53); Ever Married=Yes (79% vs 59%),2.7108,Cluster 1,0.3579,Moderate - standard outreach,2.7108,4.2218,6.4986
466268,67,0.0,3.0,Average,Female,Yes,Yes,Artist,Cat_4,Cluster 0,0,Age high (z=+0.61); Work Experience low (z=-0.53); Ever Married=Yes (79% vs 59%),2.5378,Cluster 1,0.709,Clear - automate,2.5378,8.7217,10.415
466271,27,1.0,3.0,Low,Male,No,No,Entertainment,Cat_2,Cluster 1,1,Family Size high (z=+0.93); Age low (z=-0.77); Ever Married=Yes (31% vs 59%),1.7496,Cluster 0,0.6385,Clear - automate,4.8404,1.7496,7.8315
466274,72,0.0,,Low,Male,Yes,Yes,Executive,Cat_6,Cluster 0,0,Age high (z=+0.61); Work Experience low (z=-0.53); Ever Married=Yes (79% vs 59%),2.1386,Cluster 1,0.7531,Clear - automate,2.1386,8.662,11.5862
466276,32,1.0,5.0,Low,Female,No,No,Doctor,Cat_4,Cluster 1,1,Family Size high (z=+0.93); Age low (z=-0.77); Ever Married=Yes (31% vs 59%),1.7408,Cluster 0,0.7684,Clear - automate,7.5165,1.7408,9.6256
466278,28,0.0,2.0,Low,Female,No,No,,Cat_3,Cluster 1,1,Family Size high (z=+0.93); Age low (z=-0.77); Ever Married=Yes (31% vs 59%),3.8811,Cluster 0,0.2212,Moderate - standard outreach,4.9836,3.8811,8.6373
466282,29,8.0,,Low,Male,Yes,Yes,Healthcare,Cat_6,Cluster 2,2,Work Experience high (z=+1.58); Age low (z=-0.33); Family Size low (z=-0.27),1.4224,Cluster 1,0.7546,Clear - automate,7.4588,5.7962,1.4224
466285,19,1.0,5.0,Low,Female,No,No,Healthcare,Cat_2,Cluster 1,1,Family Size high (z=+0.93); Age low (z=-0.77); Ever Married=Yes (31% vs 59%),1.7465,Cluster 0,0.8289,Clear - automate,10.2051,1.7465,10.8309
466286,52,1.0,5.0,Average,Female,Yes,Yes,Artist,Cat_2,Cluster 0,0,Age high (z=+0.61); Work Experience low (z=-0.53); Ever Married=Yes (79% vs 59%),4.8325,Cluster 1,0.0168,Borderline - blend or hold back,4.8325,4.915,9.2235
466287,47,1.0,2.0,Average,Female,Yes,Yes,Doctor,Cat_2,Cluster 0,0,Age high (z=+0.61); Work Experience low (z=-0.53); Ever Married=Yes (79% vs 59%),2.1691,Cluster 1,0.6501,Clear - automate,2.1691,6.1988,6.6684
466289,19,3.0,5.0,Low,Male,No,No,Healthcare,Cat_2,Cluster 1,1,Family Size high (z=+0.93); Age low (z=-0.77); Ever Married=Yes (31% vs 59%),1.5125,Cluster 2,0.8332,Clear - automate,10.0875,1.5125,9.0689
466290,18,5.0,,Low,Female,No,No,Healthcare,Cat_4,Cluster 1,1,Family Size high (z=+0.93); Age low (z=-0.77); Ever Married=Yes (31% vs 59%),3.5538,Cluster 2,0.2213,Moderate - standard outreach,8.8887,3.5538,4.564
466292,79,1.0,2.0,High,Female,Yes,No,Lawyer,Cat_6,Cluster 0,0,Age high (z=+0.61); Work Experience low (z=-0.53); Ever Married=Yes (79% vs 59%),4.4683,Cluster 2,0.6459,Clear - automate,4.4683,12.8711,12.6186
466297,19,1.0,4.0,Low,Female,No,No,Healthcare,Cat_4,Cluster 1,1,Family Size high (z=+0.93); Age low (z=-0.77); Ever Married=Yes (31% vs 59%),1.5491,Cluster 0,0.8121,Clear - automate,8.2454,1.5491,9.0975
466300,48,0.0,3.0,Low,Female,Yes,Yes,Artist,Cat_2,Cluster 0,0,Age high (z=+0.61); Work Experience low (z=-0.53); Ever Married=Yes (79% vs 59%),1.4493,Cluster 1,0.6738,Clear - automate,1.4493,4.4428,7.1586
466301,52,1.0,3.0,Average,Male,Yes,Yes,Artist,Cat_2,Cluster 0,0,Age high (z=+0.61); Work Experience low (z=-0.53); Ever Married=Yes (79% vs 59%),1.271,Cluster 1,0.7394,Clear - automate,1.271,4.8779,7.1144
466306,23,1.0,4.0,Low,Male,No,No,Healthcare,Cat_6,Cluster 1,1,Family Size high (z=+0.93); Age low (z=-0.77); Ever Married=Yes (31% vs 59%),0.2597,Cluster 0,0.9587,Clear - automate,6.2844,0.2597,8.5929
466313,58,1.0,1.0,Low,Female,Yes,Yes,Artist,Cat_4,Cluster 0,0,Age high (z=+0.61); Work Experience low (z=-0.53); Ever Married=Yes (79% vs 59%),1.7148,Cluster 2,0.7772,Clear - automate,1.7148,9.8537,7.6954
466315,69,1.0,1.0,Low,Female,Yes,Yes,Engineer,Cat_6,Cluster 0,0,Age high (z=+0.61); Work Experience low (z=-0.53); Ever Married=Yes (79% vs 59%),2.546,Cluster 2,0.7397,Clear - automate,2.546,12.0319,9.7816
466317,37,4.0,1.0,Low,Male,Yes,Yes,Entertainment,Cat_6,Cluster 0,0,Age high (z=+0.61); Work Experience low (z=-0.53); Ever Married=Yes (79% vs 59%),2.969,Cluster 2,0.1722,Borderline - blend or hold back,2.969,6.9071,3.5868
466318,30,0.0,3.0,Low,Female,No,No,Healthcare,Cat_6,Cluster 1,1,Family Size high (z=+0.93); Age low (z=-0.77); Ever Married=Yes (31% vs 59%),1.3373,Cluster 0,0.6937,Clear - automate,4.3661,1.3373,8.0218
466319,25,0.0,4.0,Low,Female,,No,Healthcare,Cat_6,Cluster 1,1,Family Size high (z=+0.93); Age low (z=-0.77); Ever Married=Yes (31% vs 59%),1.2971,Cluster 0,0.7982,Clear - automate,6.4278,1.2971,9.2867
466320,39,8.0,2.0,Low,Female,No,Yes,Engineer,Cat_4,Cluster 2,2,Work Experience high (z=+1.58); Age low (z=-0.33); Family Size low (z=-0.27),1.609,Cluster 0,0.7789,Clear - automate,7.2782,8.5569,1.609
466321,43,3.0,2.0,Low,Male,Yes,Yes,Entertainment,Cat_4,Cluster 0,0,Age high (z=+0.61); Work Experience low (z=-0.53); Ever Married=Yes (79% vs 59%),1.7993,Cluster 2,0.5714,Clear - automate,1.7993,5.0408,4.1977
466324,32,0.0,1.0,Low,Female,No,No,Engineer,Cat_4,Cluster 0,0,Age high (z=+0.61); Work Experience low (z=-0.53); Ever Married=Yes (79% vs 59%),4.9037,Cluster 1,0.2135,Moderate - standard outreach,4.9037,6.2351,9.24
466326,23,0.0,5.0,Low,Male,No,No,Healthcare,Cat_3,Cluster 1,1,Family Size high (z=+0.93); Age low (z=-0.77); Ever Married=Yes (31% vs 59%),1.0947,Cluster 0,0.8759,Clear - automate,8.8234,1.0947,12.2278
466335,30,1.0,3.0,Low,Female,No,No,Healthcare,Cat_4,Cluster 1,1,Family Size high (z=+0.93); Age low (z=-0.77); Ever Married=Yes (31% vs 59%),1.6998,Cluster 0,0.6449,Clear - automate,4.7868,1.6998,7.1202
466337,41,1.0,2.0,Low,Female,Yes,No,Engineer,Cat_4,Cluster 0,0,Age high (z=+0.61); Work Experience low (z=-0.53); Ever Married=Yes (79% vs 59%),2.5852,Cluster 1,0.4389,Moderate - standard outreach,2.5852,4.6073,6.3999
466341,49,1.0,2.0,Average,Male,Yes,Yes,Artist,Cat_5,Cluster 0,0,Age high (z=+0.61); Work Experience low (z=-0.53); Ever Married=Yes (79% vs 59%),1.0899,Cluster 1,0.817,Clear - automate,1.0899,5.9554,6.8174
466347,66,6.0,3.0,Low,Male,Yes,No,Executive,Cat_4,Cluster 0,0,Age high (z=+0.61); Work Experience low (z=-0.53); Ever Married=Yes (79% vs 59%),4.6696,Cluster 2,0.1509,Borderline - blend or hold back,4.6696,8.8361,5.4992
466352,67,1.0,2.0,Low,Female,Yes,Yes,Doctor,Cat_6,Cluster 0,0,Age high (z=+0.61); Work Experience low (z=-0.53); Ever Married=Yes (79% vs 59%),1.7144,Cluster 2,0.7982,Clear - automate,1.7144,9.1022,8.4956
466355,30,0.0,2.0,Low,Male,No,Yes,Healthcare,Cat_6,Cluster 1,1,Family Size high (z=+0.93); Age low (z=-0.77); Ever Married=Yes (31% vs 59%),2.8553,Cluster 0,0.0854,Borderline - blend or hold back,3.122,2.8553,8.0039
466367,39,6.0,1.0,Low,Female,No,Yes,Doctor,Cat_2,Cluster 2,2,Work Experience high (z=+1.58); Age low (z=-0.33); Family Size low (z=-0.27),2.9073,Cluster 0,0.4905,Clear - automate,5.7058,8.8632,2.9073
466370,52,0.0,4.0,Low,Female,,Yes,Artist,Cat_2,Cluster 0,0,Age high (z=+0.61); Work Experience low (z=-0.53); Ever Married=Yes (79% vs 59%),2.9522,Cluster 1,0.3221,Moderate - standard outreach,2.9522,4.3551,8.8916
466372,57,0.0,5.0,Average,Female,Yes,Yes,Artist,Cat_6,Cluster 0,0,Age high (z=+0.61); Work Experience low (z=-0.53); Ever Married=Yes (79% vs 59%),4.4553,Cluster 1,0.1803,Borderline - blend or hold back,4.4553,5.4355,10.739
466373,63,1.0,1.0,High,Male,Yes,Yes,Executive,Cat_6,Cluster 0,0,Age high (z=+0.61); Work Experience low (z=-0.53); Ever Married=Yes (79% vs 59%),1.9812,Cluster 2,0.7922,Clear - automate,1.9812,10.4596,9.5322
466376,52,4.0,3.0,High,Female,Yes,No,Homemaker,Cat_6,Cluster 0,0,Age high (z=+0.61); Work Experience low (z=-0.53); Ever Married=Yes (79% vs 59%),3.1152,Cluster 2,0.2196,Moderate - standard outreach,3.1152,5.0475,3.992
466377,61,8.0,2.0,Average,Male,Yes,Yes,,Cat_6,Cluster 2,2,Work Experience high (z=+1.58); Age low (z=-0.33); Family Size low (z=-0.27),3.5745,Cluster 0,0.3766,Moderate - standard outreach,5.7336,11.7064,3.5745
466380,35,7.0,2.0,Low,Male,Yes,Yes,Entertainment,Cat_6,Cluster 2,2,Work Experience high (z=+1.58); Age low (z=-0.33); Family Size low (z=-0.27),1.2771,Cluster 0,0.7486,Clear - automate,5.0804,6.7457,1.2771
466381,52,4.0,2.0,Average,Male,Yes,Yes,Artist,Cat_6,Cluster 0,0,Age high (z=+0.61); Work Experience low (z=-0.53); Ever Married=Yes (79% vs 59%),1.3711,Cluster 2,0.6053,Clear - automate,1.3711,6.5655,3.4741
466382,45,2.0,2.0,High,Female,Yes,Yes,Engineer,Cat_4,Cluster 0,0,Age high (z=+0.61); Work Experience low (z=-0.53); Ever Married=Yes (79% vs 59%),2.3792,Cluster 2,0.5535,Clear - automate,2.3792,6.0147,5.328
466387,37,8.0,2.0,Average,Male,Yes,Yes,Entertainment,Cat_6,Cluster 2,2,Work Experience high (z=+1.58); Age low (z=-0.33); Family Size low (z=-0.27),1.6086,Cluster 0,0.7527,Clear - automate,6.506,8.4489,1.6086
466389,45,1.0,2.0,Average,Female,Yes,Yes,Engineer,Cat_6,Cluster 0,0,Age high (z=+0.61); Work Experience low (z=-0.53); Ever Married=Yes (79% vs 59%),1.7781,Cluster 1,0.675,Clear - automate,1.7781,5.4719,6.0492
466391,55,0.0,,Average,Female,Yes,Yes,Engineer,Cat_6,Cluster 0,0,Age high (z=+0.61); Work Experience low (z=-0.53); Ever Married=Yes (79% vs 59%),1.854,Cluster 1,0.6643,Clear - automate,1.854,5.5229,8.362
466392,49,4.0,,Average,Female,Yes,Yes,Engineer,Cat_3,Cluster 0,0,Age high (z=+0.61); Work Experience low (z=-0.53); Ever Married=Yes (79% vs 59%),3.1783,Cluster 2,0.144,Borderline - blend or hold back,3.1783,5.6069,3.7128
466393,42,1.0,6.0,Low,Female,Yes,No,Entertainment,Cat_3,Cluster 1,1,Family Size high (z=+0.93); Age low (z=-0.77); Ever Married=Yes (31% vs 59%),3.7616,Cluster 0,0.5636,Clear - automate,8.6204,3.7616,11.6442
466395,39,3.0,2.0,High,Female,Yes,Yes,Doctor,Cat_4,Cluster 0,0,Age high (z=+0.61); Work Experience low (z=-0.53); Ever Married=Yes (79% vs 59%),3.1658,Cluster 2,0.2293,Moderate - standard outreach,3.1658,5.7357,4.1078
466397,18,0.0,3.0,Low,Male,No,No,Healthcare,Cat_3,Cluster 1,1,Family Size high (z=+0.93); Age low (z=-0.77); Ever Married=Yes (31% vs 59%),1.9378,Cluster 0,0.7224,Clear - automate,6.9816,1.9378,10.2681
466400,43,1.0,3.0,Average,Male,Yes,No,Artist,Cat_3,Cluster 0,0,Age high (z=+0.61); Work Experience low (z=-0.53); Ever Married=Yes (79% vs 59%),2.1609,Cluster 1,0.3365,Moderate - standard outreach,2.1609,3.2567,6.9776
466401,50,1.0,4.0,Average,Male,Yes,No,Executive,Cat_6,Cluster 0,0,Age high (z=+0.61); Work Experience low (z=-0.53); Ever Married=Yes (79% vs 59%),2.9075,Cluster 1,0.0031,Borderline - blend or hold back,2.9075,2.9164,8.2966
466402,37,1.0,4.0,Average,Male,Yes,Yes,Artist,Cat_6,Cluster 1,1,Family Size high (z=+0.93); Age low (z=-0.77); Ever Married=Yes (31% vs 59%),2.1833,Cluster 0,0.2359,Moderate - standard outreach,2.8572,2.1833,6.763
466404,37,1.0,1.0,Low,Female,No,Yes,Engineer,Cat_6,Cluster 0,0,Age high (z=+0.61); Work Experience low (z=-0.53); Ever Married=Yes (79% vs 59%),3.1248,Cluster 1,0.499,Clear - automate,3.1248,6.2375,6.7093
466406,63,0.0,3.0,Low,Male,Yes,Yes,Entertainment,Cat_6,Cluster 0,0,Age high (z=+0.61); Work Experience low (z=-0.53); Ever Married=Yes (79% vs 59%),1.191,Cluster 1,0.808,Clear - automate,1.191,6.2032,9.6118
466408,83,1.0,2.0,Low,Male,Yes,Yes,Lawyer,Cat_3,Cluster 0,0,Age high (z=+0.61); Work Experience low (z=-0.53); Ever Married=Yes (79% vs 59%),4.2907,Cluster 2,0.6913,Clear - automate,4.2907,14.3651,13.8974
466411,55,1.0,3.0,Average,Male,Yes,Yes,Artist,Cat_3,Cluster 0,0,Age high (z=+0.61); Work Experience low (z=-0.53); Ever Married=Yes (79% vs 59%),1.2747,Cluster 1,0.7633,Clear - automate,1.2747,5.3854,7.4605
466414,71,1.0,3.0,Low,Male,Yes,Yes,Artist,Cat_6,Cluster 0,0,Age high (z=+0.61); Work Experience low (z=-0.53); Ever Married=Yes (79% vs 59%),1.4243,Cluster 1,0.8268,Clear - automate,1.4243,8.2215,9.4356
466418,87,1.0,1.0,Low,Male,Yes,No,Lawyer,Cat_4,Cluster 0,0,Age high (z=+0.61); Work Experience low (z=-0.53); Ever Married=Yes (79% vs 59%),6.3456,Cluster 2,0.6185,Clear - automate,6.3456,17.8539,16.635
466419,49,2.0,5.0,Average,Female,Yes,Yes,Entertainment,Cat_3,Cluster 1,1,Family Size high (z=+0.93); Age low (z=-0.77); Ever Married=Yes (31% vs 59%),4.5173,Cluster 0,0.1782,Borderline - blend or hold back,5.4967,4.5173,8.2232
466422,27,0.0,4.0,Low,Male,Yes,No,Doctor,Cat_4,Cluster 1,1,Family Size high (z=+0.93); Age low (z=-0.77); Ever Married=Yes (31% vs 59%),1.7268,Cluster 0,0.6873,Clear - automate,5.5216,1.7268,9.6087
466427,25,1.0,4.0,Low,Female,Yes,No,Marketing,Cat_4,Cluster 1,1,Family Size high (z=+0.93); Age low (z=-0.77); Ever Married=Yes (31% vs 59%),2.1596,Cluster 0,0.6598,Clear - automate,6.3485,2.1596,7.8852
466429,42,0.0,2.0,Low,Male,Yes,No,Healthcare,Cat_3,Cluster 0,0,Age high (z=+0.61); Work Experience low (z=-0.53); Ever Married=Yes (79% vs 59%),2.0765,Cluster 1,0.4571,Clear - automate,2.0765,3.8248,8.3276
466443,66,4.0,2.0,Low,Female,Yes,Yes,Artist,Cat_6,Cluster 0,0,Age high (z=+0.61); Work Experience low (z=-0.53); Ever Married=Yes (79% vs 59%),1.9608,Cluster 2,0.5793,Clear - automate,1.9608,9.506,4.6611
466450,32,1.0,1.0,Low,Female,No,Yes,Healthcare,Cat_6,Cluster 0,0,Age high (z=+0.61); Work Experience low (z=-0.53); Ever Married=Yes (79% vs 59%),3.8244,Cluster 1,0.3168,Moderate - standard outreach,3.8244,5.5976,6.8385
466455,32,4.0,2.0,Low,Female,Yes,Yes,Doctor,Cat_6,Cluster 2,2,Work Experience high (z=+1.58); Age low (z=-0.33); Family Size low (z=-0.27),2.3762,Cluster 0,0.3316,Moderate - standard outreach,3.5551,4.8913,2.3762
466456,37,8.0,1.0,Low,Female,Yes,No,Doctor,Cat_2,Cluster 2,2,Work Experience high (z=+1.58); Age low (z=-0.33); Family Size low (z=-0.27),2.4485,Cluster 0,0.6984,Clear - automate,8.1196,10.8248,2.4485
466457,62,9.0,5.0,Low,Female,Yes,,Lawyer,Cat_6,Cluster 2,2,Work Experience high (z=+1.58); Age low (z=-0.33); Family Size low (z=-0.27),5.9176,Cluster 0,0.4603,Clear - automate,10.9636,11.2594,5.9176
466463,33,3.0,4.0,Low,Female,No,Yes,Healthcare,Cat_4,Cluster 1,1,Family Size high (z=+0.93); Age low (z=-0.77); Ever Married=Yes (31% vs 59%),1.8225,Cluster 2,0.6419,Clear - automate,5.2846,1.8225,5.0895
466464,45,2.0,2.0,Average,Female,Yes,Yes,Homemaker,Cat_3,Cluster 0,0,Age high (z=+0.61); Work Experience low (z=-0.53); Ever Married=Yes (79% vs 59%),2.3792,Cluster 2,0.5535,Clear - automate,2.3792,6.0147,5.328
466466,18,5.0,5.0,Low,Female,,No,Healthcare,Cat_3,Cluster 1,1,Family Size high (z=+0.93); Age low (z=-0.77); Ever Married=Yes (31% vs 59%),3.5909,Cluster 2,0.4994,Clear - automate,11.9503,3.5909,7.173
466467,37,0.0,3.0,Average,Female,Yes,Yes,Artist,Cat_3,Cluster 0,0,Age high (z=+0.61); Work Experience low (z=-0.53); Ever Married=Yes (79% vs 59%),2.8346,Cluster 1,0.288,Moderate - standard outreach,2.8346,3.9811,7.2889
466468,30,4.0,4.0,Low,Male,No,Yes,Doctor,Cat_3,Cluster 1,1,Family Size high (z=+0.93); Age low (z=-0.77); Ever Married=Yes (31% vs 59%),2.209,Cluster 2,0.5467,Clear - automate,5.733,2.209,4.8734
466474,31,5.0,3.0,Low,Male,No,Yes,Entertainment,Cat_6,Cluster 2,2,Work Experience high (z=+1.58); Age low (z=-0.33); Family Size low (z=-0.27),2.7621,Cluster 1,0.0642,Borderline - blend or hold back,4.6036,2.9515,2.7621
466478,48,0.0,4.0,Average,Female,Yes,Yes,Artist,Cat_3,Cluster 0,0,Age high (z=+0.61); Work Experience low (z=-0.53); Ever Married=Yes (79% vs 59%),3.0512,Cluster 1,0.2875,Moderate - standard outreach,3.0512,4.2825,8.5343
466483,31,,1.0,Low,Male,No,Yes,Healthcare,Cat_3,Cluster 0,0,Age high (z=+0.61); Work Experience low (z=-0.53); Ever Married=Yes (79% vs 59%),3.9866,Cluster 1,0.2871,Moderate - standard outreach,3.9866,5.5919,7.8866
466486,36,8.0,2.0,Low,Female,Yes,Yes,Doctor,Cat_4,Cluster 2,2,Work Experience high (z=+1.58); Age low (z=-0.33); Family Size low (z=-0.27),1.1196,Cluster 0,0.843,Clear - automate,7.1311,8.9061,1.1196
466488,61,0.0,6.0,Average,Male,Yes,Yes,Entertainment,Cat_6,Cluster 1,1,Family Size high (z=+0.93); Age low (z=-0.77); Ever Married=Yes (31% vs 59%),6.8309,Cluster 0,0.082,Borderline - blend or hold back,7.4412,6.8309,14.955
466490,83,0.0,2.0,High,Female,Yes,No,Lawyer,Cat_6,Cluster 0,0,Age high (z=+0.61); Work Experience low (z=-0.53); Ever Married=Yes (79% vs 59%),5.37,Cluster 1,0.6297,Clear - automate,5.37,14.5026,15.2989
466493,77,1.0,2.0,High,Male,Yes,No,Lawyer,Cat_6,Cluster 0,0,Age high (z=+0.61); Work Experience low (z=-0.53); Ever Married=Yes (79% vs 59%),3.6017,Cluster 1,0.6913,Clear - automate,3.6017,11.6686,12.5238
466500,46,3.0,3.0,High,Female,Yes,Yes,Artist,Cat_4,Cluster 0,0,Age high (z=+0.61); Work Experience low (z=-0.53); Ever Married=Yes (79% vs 59%),2.3465,Cluster 2,0.3922,Moderate - standard outreach,2.3465,4.8296,3.861
466501,48,0.0,3.0,Average,Male,Yes,Yes,Engineer,Cat_3,Cluster 0,0,Age high (z=+0.61); Work Experience low (z=-0.53); Ever Married=Yes (79% vs 59%),1.9493,Cluster 1,0.5613,Clear - automate,1.9493,4.4428,8.6586
466502,19,0.0,5.0,Low,Male,No,No,Healthcare,Cat_3,Cluster 1,1,Family Size high (z=+0.93); Age low (z=-0.77); Ever Married=Yes (31% vs 59%),1.384,Cluster 0,0.8585,Clear - automate,9.7843,1.384,12.7324
466516,21,1.0,3.0,Low,Male,No,No,Healthcare,Cat_6,Cluster 1,1,Family Size high (z=+0.93); Age low (z=-0.77); Ever Married=Yes (31% vs 59%),1.0498,Cluster 0,0.8141,Clear - automate,5.6481,1.0498,7.9547
466517,40,,1.0,Low,Female,No,No,Engineer,Cat_6,Cluster 0,0,Age high (z=+0.61); Work Experience low (z=-0.53); Ever Married=Yes (79% vs 59%),3.2941,Cluster 1,0.4427,Moderate - standard outreach,3.2941,5.9106,7.221
466526,27,0.0,5.0,Low,Male,No,No,Healthcare,Cat_2,Cluster 1,1,Family Size high (z=+0.93); Age low (z=-0.77); Ever Married=Yes (31% vs 59%),0.9242,Cluster 0,0.8842,Clear - automate,7.9813,0.9242,11.8421
466527,49,0.0,1.0,Low,Female,Yes,No,Marketing,Cat_5,Cluster 0,0,Age high (z=+0.61); Work Experience low (z=-0.53); Ever Married=Yes (79% vs 59%),2.7828,Cluster 1,0.6508,Clear - automate,2.7828,7.9687,9.0588
466530,19,1.0,4.0,Low,Male,No,No,Healthcare,,Cluster 1,1,Family Size high (z=+0.93); Age low (z=-0.77); Ever Married=Yes (31% vs 59%),1.0491,Cluster 0,0.8646,Clear - automate,7.7454,1.0491,9.5975
466533,53,1.0,1.0,Low,Female,No,Yes,Entertainment,Cat_6,Cluster 0,0,Age high (z=+0.61); Work Experience low (z=-0.53); Ever Married=Yes (79% vs 59%),2.1342,Cluster 2,0.7171,Clear - automate,2.1342,7.9335,7.5443
466535,29,8.0,1.0,Low,Male,No,Yes,Artist,Cat_6,Cluster 2,2,Work Experience high (z=+1.58); Age low (z=-0.33); Family Size low (z=-0.27),2.2443,Cluster 0,0.7133,Clear - automate,7.8283,9.6901,2.2443
466536,23,3.0,4.0,Low,Male,No,No,Healthcare,Cat_4,Cluster 1,1,Family Size high (z=+0.93); Age low (z=-0.77); Ever Married=Yes (31% vs 59%),1.0257,Cluster 2,0.8498,Clear - automate,7.1669,1.0257,6.8309
466538,84,1.0,2.0,High,Male,Yes,Yes,Lawyer,Cat_6,Cluster 0,0,Age high (z=+0.61); Work Experience low (z=-0.53); Ever Married=Yes (79% vs 59%),4.5149,Cluster 2,0.6828,Clear - automate,4.5149,14.7572,14.2357
466541,38,0.0,4.0,Low,Male,No,Yes,Entertainment,Cat_6,Cluster 1,1,Family Size high (z=+0.93); Age low (z=-0.77); Ever Married=Yes (31% vs 59%),1.3711,Cluster 0,0.5869,Clear - automate,3.3189,1.3711,8.661
466543,26,11.0,2.0,Low,Male,No,Yes,Doctor,Cat_7,Cluster 2,2,Work Experience high (z=+1.58); Age low (z=-0.33); Family Size low (z=-0.27),3.303,Cluster 1,0.7324,Clear - automate,13.4222,12.3434,3.303
466545,19,1.0,4.0,Low,Female,No,No,Healthcare,Cat_2,Cluster 1,1,Family Size high (z=+0.93); Age low (z=-0.77); Ever Married=Yes (31% vs 59%),1.5491,Cluster 0,0.8121,Clear - automate,8.2454,1.5491,9.0975
466550,22,1.0,4.0,Low,Female,,No,Healthcare,Cat_6,Cluster 1,1,Family Size high (z=+0.93); Age low (z=-0.77); Ever Married=Yes (31% vs 59%),1.3209,Cluster 0,0.8117,Clear - automate,7.0135,1.3209,8.2079
466552,20,0.0,2.0,Low,Male,Yes,No,Entertainment,Cat_6,Cluster 1,1,Family Size high (z=+0.93); Age low (z=-0.77); Ever Married=Yes (31% vs 59%),3.7815,Cluster 0,0.2766,Moderate - standard outreach,5.2272,3.7815,8.9682
466553,36,0.0,3.0,Low,Male,Yes,Yes,Healthcare,Cat_6,Cluster 1,1,Family Size high (z=+0.93); Age low (z=-0.77); Ever Married=Yes (31% vs 59%),1.9383,Cluster 0,0.0109,Borderline - blend or hold back,1.9597,1.9383,7.2999
466556,18,1.0,3.0,Low,Male,No,No,Healthcare,Cat_6,Cluster 1,1,Family Size high (z=+0.93); Age low (z=-0.77); Ever Married=Yes (31% vs 59%),1.3003,Cluster 0,0.7969,Clear - automate,6.4023,1.3003,8.3666
466562,20,7.0,4.0,Low,Female,No,No,Healthcare,Cat_6,Cluster 2,2,Work Experience high (z=+1.58); Age low (z=-0.33); Family Size low (z=-0.27),3.8384,Cluster 1,0.0228,Borderline - blend or hold back,10.8057,3.9279,3.8384
466564,18,1.0,4.0,Low,Female,No,No,Marketing,Cat_6,Cluster 1,1,Family Size high (z=+0.93); Age low (z=-0.77); Ever Married=Yes (31% vs 59%),1.64,Cluster 0,0.7951,Clear - automate,8.0042,1.64,8.7422
466565,32,7.0,2.0,Average,Male,Yes,No,Artist,Cat_6,Cluster 2,2,Work Experience high (z=+1.58); Age low (z=-0.33); Family Size low (z=-0.27),1.8769,Cluster 0,0.6884,Clear - automate,6.0225,6.6841,1.8769
466576,18,0.0,4.0,Low,Female,No,No,Healthcare,Cat_6,Cluster 1,1,Family Size high (z=+0.93); Age low (z=-0.77); Ever Married=Yes (31% vs 59%),1.2775,Cluster 0,0.842,Clear - automate,8.0835,1.2775,10.1438
466586,18,0.0,2.0,Low,Male,No,No,Healthcare,Cat_6,Cluster 1,1,Family Size high (z=+0.93); Age low (z=-0.77); Ever Married=Yes (31% vs 59%),2.9559,Cluster 0,0.5261,Clear - automate,6.2374,2.9559,9.7502
466588,21,8.0,4.0,Low,Female,No,No,Healthcare,Cat_6,Cluster 2,2,Work Experience high (z=+1.58); Age low (z=-0.33); Family Size low (z=-0.27),3.5695,Cluster 1,0.2828,Moderate - standard outreach,11.7449,4.9768,3.5695
466596,75,1.0,2.0,High,Female,Yes,Yes,Artist,Cat_6,Cluster 0,0,Age high (z=+0.61); Work Experience low (z=-0.53); Ever Married=Yes (79% vs 59%),2.7648,Cluster 2,0.7356,Clear - automate,2.7648,11.9959,10.4587
466603,37,0.0,2.0,Average,Male,Yes,Yes,Engineer,Cat_6,Cluster 0,0,Age high (z=+0.61); Work Experience low (z=-0.53); Ever Married=Yes (79% vs 59%),2.0904,Cluster 1,0.5354,Clear - automate,2.0904,4.4992,7.771
466606,35,1.0,3.0,Low,Female,Yes,Yes,Engineer,Cat_3,Cluster 0,0,Age high (z=+0.61); Work Experience low (z=-0.53); Ever Married=Yes (79% vs 59%),3.0129,Cluster 1,0.0773,Borderline - blend or hold back,3.0129,3.2653,5.9167
466613,20,9.0,3.0,Low,Male,No,No,Healthcare,Cat_6,Cluster 2,2,Work Experience high (z=+1.58); Age low (z=-0.33); Family Size low (z=-0.27),3.365,Cluster 1,0.4838,Clear - automate,11.7505,6.5185,3.365
466623,58,2.0,4.0,Average,Male,Yes,,Entertainment,Cat_3,Cluster 0,0,Age high (z=+0.61); Work Experience low (z=-0.53); Ever Married=Yes (79% vs 59%),3.5483,Cluster 1,0.3358,Moderate - standard outreach,3.5483,5.3423,8.5279
466628,33,8.0,4.0,Low,Male,No,No,Healthcare,,Cluster 2,2,Work Experience high (z=+1.58); Age low (z=-0.33); Family Size low (z=-0.27),3.5907,Cluster 1,0.2268,Moderate - standard outreach,9.397,4.6438,3.5907
466631,58,0.0,3.0,Low,Male,Yes,Yes,Artist,Cat_6,Cluster 0,0,Age high (z=+0.61); Work Experience low (z=-0.53); Ever Married=Yes (79% vs 59%),0.4247,Cluster 1,0.9167,Clear - automate,0.4247,5.0973,8.275
466634,20,1.0,5.0,Low,Male,No,No,Healthcare,Cat_6,Cluster 1,1,Family Size high (z=+0.93); Age low (z=-0.77); Ever Married=Yes (31% vs 59%),0.663,Cluster 0,0.9259,Clear - automate,8.9537,0.663,10.6936
466635,50,4.0,2.0,Average,Male,Yes,Yes,Artist,Cat_6,Cluster 0,0,Age high (z=+0.61); Work Experience low (z=-0.53); Ever Married=Yes (79% vs 59%),1.4057,Cluster 2,0.5715,Clear - automate,1.4057,6.2644,3.2805
466644,51,0.0,,Low,Female,No,Yes,Homemaker,Cat_6,Cluster 0,0,Age high (z=+0.61); Work Experience low (z=-0.53); Ever Married=Yes (79% vs 59%),1.8639,Cluster 1,0.5173,Clear - automate,1.8639,3.8611,7.9155
466650,27,8.0,3.0,Low,Female,No,No,Healthcare,Cat_4,Cluster 2,2,Work Experience high (z=+1.58); Age low (z=-0.33); Family Size low (z=-0.27),2.5707,Cluster 1,0.5596,Clear - automate,9.8353,5.8369,2.5707
466652,58,1.0,2.0,Average,Female,Yes,Yes,Doctor,Cat_6,Cluster 0,0,Age high (z=+0.61); Work Experience low (z=-0.53); Ever Married=Yes (79% vs 59%),1.6012,Cluster 2,0.7823,Clear - automate,1.6012,7.4778,7.3555
466655,62,1.0,2.0,Low,Male,Yes,No,Executive,Cat_6,Cluster 0,0,Age high (z=+0.61); Work Experience low (z=-0.53); Ever Married=Yes (79% vs 59%),1.2994,Cluster 1,0.8102,Clear - automate,1.2994,6.8477,8.5101
466656,79,0.0,2.0,High,Male,Yes,Yes,Marketing,Cat_6,Cluster 0,0,Age high (z=+0.61); Work Experience low (z=-0.53); Ever Married=Yes (79% vs 59%),3.5476,Cluster 1,0.7273,Clear - automate,3.5476,13.0086,14.0201
466658,19,1.0,4.0,Low,Female,No,No,Healthcare,Cat_6,Cluster 1,1,Family Size high (z=+0.93); Age low (z=-0.77); Ever Married=Yes (31% vs 59%),1.0491,Cluster 0,0.8646,Clear - automate,7.7454,1.0491,8.5975
466662,33,0.0,,Low,Female,No,No,Engineer,Cat_4,Cluster 1,1,Family Size high (z=+0.93); Age low (z=-0.77); Ever Married=Yes (31% vs 59%),2.3543,Cluster 0,0.4624,Clear - automate,4.3795,2.3543,8.3774
466665,36,1.0,2.0,Average,Male,Yes,Yes,Artist,Cat_6,Cluster 0,0,Age high (z=+0.61); Work Experience low (z=-0.53); Ever Married=Yes (79% vs 59%),1.6362,Cluster 1,0.6211,Clear - automate,1.6362,4.3188,5.8804
466666,29,1.0,2.0,Low,Female,Yes,Yes,Healthcare,Cat_6,Cluster 0,0,Age high (z=+0.61); Work Experience low (z=-0.53); Ever Married=Yes (79% vs 59%),3.2198,Cluster 1,0.1361,Borderline - blend or hold back,3.2198,3.727,5.6653
466671,28,3.0,3.0,Low,Female,,No,Healthcare,Cat_2,Cluster 1,1,Family Size high (z=+0.93); Age low (z=-0.77); Ever Married=Yes (31% vs 59%),2.4916,Cluster 2,0.5009,Clear - automate,5.5309,2.4916,4.9916
466686,22,0.0,4.0,Low,Female,No,No,Healthcare,Cat_6,Cluster 1,1,Family Size high (z=+0.93); Age low (z=-0.77); Ever Married=Yes (31% vs 59%),0.9584,Cluster 0,0.8649,Clear - automate,7.0928,0.9584,9.6094
466687,21,1.0,3.0,Low,Male,No,No,Healthcare,Cat_6,Cluster 1,1,Family Size high (z=+0.93); Age low (z=-0.77); Ever Married=Yes (31% vs 59%),1.0498,Cluster 0,0.8141,Clear - automate,5.6481,1.0498,7.9547
466688,22,0.0,3.0,Low,Male,No,No,Healthcare,Cat_4,Cluster 1,1,Family Size high (z=+0.93); Age low (z=-0.77); Ever Married=Yes (31% vs 59%),1.6187,Cluster 0,0.7298,Clear - automate,5.9909,1.6187,9.7338
466689,28,9.0,3.0,Low,Male,No,Yes,Artist,Cat_6,Cluster 2,2,Work Experience high (z=+1.58); Age low (z=-0.33); Family Size low (z=-0.27),1.5341,Cluster 1,0.7845,Clear - automate,9.0069,7.1181,1.5341
466696,48,3.0,4.0,Average,Female,Yes,Yes,Artist,Cat_6,Cluster 0,0,Age high (z=+0.61); Work Experience low (z=-0.53); Ever Married=Yes (79% vs 59%),2.8544,Cluster 1,0.2702,Moderate - standard outreach,2.8544,3.911,4.3707
466704,48,3.0,2.0,Average,Male,Yes,Yes,Doctor,Cat_6,Cluster 0,0,Age high (z=+0.61); Work Experience low (z=-0.53); Ever Married=Yes (79% vs 59%),1.5083,Cluster 2,0.6631,Clear - automate,1.5083,5.5894,4.4772
466705,66,0.0,3.0,Low,Male,Yes,No,Lawyer,Cat_6,Cluster 0,0,Age high (z=+0.61); Work Experience low (z=-0.53); Ever Married=Yes (79% vs 59%),1.94,Cluster 1,0.6995,Clear - automate,1.94,6.4559,10.7031
466707,47,1.0,4.0,Low,Female,Yes,Yes,Homemaker,Cat_6,Cluster 0,0,Age high (z=+0.61); Work Experience low (z=-0.53); Ever Married=Yes (79% vs 59%),2.5152,Cluster 1,0.1673,Borderline - blend or hold back,2.5152,3.0204,6.562
466713,68,1.0,4.0,High,Female,Yes,Yes,Artist,Cat_6,Cluster 0,0,Age high (z=+0.61); Work Experience low (z=-0.53); Ever Married=Yes (79% vs 59%),3.1658,Cluster 1,0.5887,Clear - automate,3.1658,7.6971,9.6085
466718,73,0.0,2.0,High,Male,Yes,,Executive,Cat_6,Cluster 0,0,Age high (z=+0.61); Work Experience low (z=-0.53); Ever Married=Yes (79% vs 59%),3.0369,Cluster 1,0.7237,Clear - automate,3.0369,10.9904,12.8249
466720,59,0.0,1.0,Low,Female,Yes,No,Lawyer,Cat_2,Cluster 0,0,Age high (z=+0.61); Work Experience low (z=-0.53); Ever Married=Yes (79% vs 59%),2.8325,Cluster 1,0.7079,Clear - automate,2.8325,9.6975,10.2494
466721,38,7.0,2.0,Average,Male,Yes,Yes,Doctor,Cat_6,Cluster 2,2,Work Experience high (z=+1.58); Age low (z=-0.33); Family Size low (z=-0.27),1.7441,Cluster 0,0.6649,Clear - automate,5.2052,7.3743,1.7441
466725,76,1.0,2.0,High,Female,Yes,No,Lawyer,Cat_6,Cluster 0,0,Age high (z=+0.61); Work Experience low (z=-0.53); Ever Married=Yes (79% vs 59%),3.9295,Cluster 2,0.6652,Clear - automate,3.9295,11.8285,11.7375
466731,40,3.0,2.0,Low,Female,Yes,Yes,Engineer,Cat_4,Cluster 0,0,Age high (z=+0.61); Work Experience low (z=-0.53); Ever Married=Yes (79% vs 59%),2.563,Cluster 2,0.2918,Moderate - standard outreach,2.563,5.3008,3.6191
466732,49,0.0,2.0,High,Female,Yes,Yes,Engineer,Cat_4,Cluster 0,0,Age high (z=+0.61); Work Experience low (z=-0.53); Ever Married=Yes (79% vs 59%),2.1692,Cluster 1,0.671,Clear - automate,2.1692,6.5929,8.2189
466733,33,0.0,,Low,Female,No,No,Homemaker,Cat_4,Cluster 1,1,Family Size high (z=+0.93); Age low (z=-0.77); Ever Married=Yes (31% vs 59%),2.3543,Cluster 0,0.4624,Clear - automate,4.3795,2.3543,8.3774
466735,18,1.0,,Low,Male,No,No,Healthcare,Cat_6,Cluster 1,1,Family Size high (z=+0.93); Age low (z=-0.77); Ever Married=Yes (31% vs 59%),1.3003,Cluster 0,0.7969,Clear - automate,6.4023,1.3003,8.3666
466746,69,0.0,2.0,High,Female,Yes,Yes,Lawyer,Cat_6,Cluster 0,0,Age high (z=+0.61); Work Experience low (z=-0.53); Ever Married=Yes (79% vs 59%),2.5117,Cluster 1,0.756,Clear - automate,2.5117,10.2936,10.8433
466749,22,1.0,5.0,Low,Male,No,,Healthcare,Cat_3,Cluster 1,1,Family Size high (z=+0.93); Age low (z=-0.77); Ever Married=Yes (31% vs 59%),1.5184,Cluster 0,0.8308,Clear - automate,8.9732,1.5184,10.9413
466750,18,0.0,3.0,Low,Female,No,,Healthcare,Cat_3,Cluster 1,1,Family Size high (z=+0.93); Age low (z=-0.77); Ever Married=Yes (31% vs 59%),2.9378,Cluster 0,0.6073,Clear - automate,7.4816,2.9378,9.7681
466751,20,1.0,4.0,Low,Female,No,,Healthcare,Cat_6,Cluster 1,1,Family Size high (z=+0.93); Age low (z=-0.77); Ever Married=Yes (31% vs 59%),1.4656,Cluster 0,0.8044,Clear - automate,7.494,1.4656,8.4602
466752,36,1.0,1.0,Low,Male,Yes,Yes,Healthcare,Cat_6,Cluster 0,0,Age high (z=+0.61); Work Experience low (z=-0.53); Ever Married=Yes (79% vs 59%),2.2498,Cluster 1,0.6049,Clear - automate,2.2498,5.6946,6.7203
466753,67,0.0,2.0,Average,Female,Yes,Yes,Artist,Cat_3,Cluster 0,0,Age high (z=+0.61); Work Experience low (z=-0.53); Ever Married=Yes (79% vs 59%),2.2937,Cluster 1,0.776,Clear - automate,2.2937,10.2398,10.3971
466754,37,1.0,3.0,Average,Female,Yes,Yes,Artist,Cat_6,Cluster 0,0,Age high (z=+0.61); Work Experience low (z=-0.53); Ever Married=Yes (79% vs 59%),2.2553,Cluster 1,0.3255,Moderate - standard outreach,2.2553,3.3436,5.3874
466759,26,2.0,,Low,Female,No,No,Healthcare,Cat_6,Cluster 1,1,Family Size high (z=+0.93); Age low (z=-0.77); Ever Married=Yes (31% vs 59%),1.3239,Cluster 0,0.7425,Clear - automate,5.1408,1.3239,5.6956
466760,51,1.0,4.0,Average,Male,Yes,Yes,Doctor,Cat_6,Cluster 0,0,Age high (z=+0.61); Work Experience low (z=-0.53); Ever Married=Yes (79% vs 59%),2.3865,Cluster 1,0.3303,Moderate - standard outreach,2.3865,3.5633,7.8896
466765,67,1.0,2.0,Low,Female,Yes,Yes,Lawyer,Cat_6,Cluster 0,0,Age high (z=+0.61); Work Experience low (z=-0.53); Ever Married=Yes (79% vs 59%),1.7144,Cluster 2,0.7982,Clear - automate,1.7144,9.1022,8.4956
466769,29,1.0,4.0,Low,Female,No,Yes,Entertainment,Cat_6,Cluster 1,1,Family Size high (z=+0.93); Age low (z=-0.77); Ever Married=Yes (31% vs 59%),1.5486,Cluster 0,0.6943,Clear - automate,5.0658,1.5486,7.0589
466775,76,0.0,2.0,Low,Female,Yes,Yes,Lawyer,Cat_6,Cluster 0,0,Age high (z=+0.61); Work Experience low (z=-0.53); Ever Married=Yes (79% vs 59%),3.0088,Cluster 1,0.7486,Clear - automate,3.0088,11.966,12.1391
466776,86,0.0,1.0,Low,Male,Yes,Yes,Lawyer,Cat_6,Cluster 0,0,Age high (z=+0.61); Work Experience low (z=-0.53); Ever Married=Yes (79% vs 59%),5.1784,Cluster 2,0.6895,Clear - automate,5.1784,17.577,16.6759
466777,51,9.0,2.0,Average,Female,Yes,Yes,Homemaker,Cat_6,Cluster 2,2,Work Experience high (z=+1.58); Age low (z=-0.33); Family Size low (z=-0.27),1.7765,Cluster 0,0.7599,Clear - automate,7.3988,11.6343,1.7765
466778,35,1.0,2.0,Low,Male,Yes,Yes,Entertainment,Cat_3,Cluster 0,0,Age high (z=+0.61); Work Experience low (z=-0.53); Ever Married=Yes (79% vs 59%),2.2687,Cluster 1,0.4703,Clear - automate,2.2687,4.2834,6.3988
466788,30,3.0,2.0,Low,Male,No,No,Doctor,Cat_6,Cluster 1,1,Family Size high (z=+0.93); Age low (z=-0.77); Ever Married=Yes (31% vs 59%),2.9839,Cluster 0,0.2398,Moderate - standard outreach,3.9252,2.9839,4.8403
466790,47,0.0,2.0,Average,Male,Yes,Yes,Doctor,Cat_3,Cluster 0,0,Age high (z=+0.61); Work Experience low (z=-0.53); Ever Married=Yes (79% vs 59%),1.7484,Cluster 1,0.7004,Clear - automate,1.7484,5.8363,8.5699
466791,81,0.0,1.0,Low,Male,Yes,No,Lawyer,Cat_6,Cluster 0,0,Age high (z=+0.61); Work Experience low (z=-0.53); Ever Married=Yes (79% vs 59%),4.5575,Cluster 1,0.6985,Clear - automate,4.5575,15.1166,15.4845
466792,85,0.0,1.0,Low,Female,Yes,No,Lawyer,Cat_6,Cluster 0,0,Age high (z=+0.61); Work Experience low (z=-0.53); Ever Married=Yes (79% vs 59%),5.9394,Cluster 2,0.6361,Clear - automate,5.9394,17.1701,16.3228
466795,60,,5.0,Average,Male,,Yes,Entertainment,Cat_6,Cluster 0,0,Age high (z=+0.61); Work Experience low (z=-0.53); Ever Married=Yes (79% vs 59%),4.9912,Cluster 1,0.0786,Borderline - blend or hold back,4.9912,5.417,11.295
466799,21,2.0,3.0,Low,Female,No,No,Healthcare,Cat_6,Cluster 1,1,Family Size high (z=+0.93); Age low (z=-0.77); Ever Married=Yes (31% vs 59%),1.5927,Cluster 2,0.7445,Clear - automate,6.2492,1.5927,6.2335
466802,40,0.0,1.0,Low,Female,,Yes,Engineer,Cat_6,Cluster 0,0,Age high (z=+0.61); Work Experience low (z=-0.53); Ever Married=Yes (79% vs 59%),2.8734,Cluster 1,0.5923,Clear - automate,2.8734,7.0481,8.1225
466804,35,4.0,1.0,Low,Female,,Yes,Homemaker,Cat_3,Cluster 2,2,Work Experience high (z=+1.58); Age low (z=-0.33); Family Size low (z=-0.27),4.1162,Cluster 0,0.1291,Borderline - blend or hold back,4.7266,7.8288,4.1162
466807,35,0.0,1.0,Low,Female,,Yes,Healthcare,Cat_4,Cluster 0,0,Age high (z=+0.61); Work Experience low (z=-0.53); Ever Married=Yes (79% vs 59%),3.9616,Cluster 1,0.4171,Moderate - standard outreach,3.9616,6.7968,8.6402
466808,41,1.0,1.0,Low,Female,No,No,Engineer,Cat_6,Cluster 0,0,Age high (z=+0.61); Work Experience low (z=-0.53); Ever Married=Yes (79% vs 59%),3.1988,Cluster 1,0.4654,Clear - automate,3.1988,5.9832,7.2397
466810,18,0.0,3.0,Low,Male,No,No,Healthcare,Cat_6,Cluster 1,1,Family Size high (z=+0.93); Age low (z=-0.77); Ever Married=Yes (31% vs 59%),1.4378,Cluster 0,0.7782,Clear - automate,6.4816,1.4378,9.7681
466811,22,0.0,,Low,Male,No,No,Healthcare,Cat_4,Cluster 1,1,Family Size high (z=+0.93); Age low (z=-0.77); Ever Married=Yes (31% vs 59%),1.6187,Cluster 0,0.7298,Clear - automate,5.9909,1.6187,9.7338
466813,61,0.0,,Low,Male,Yes,Yes,Artist,Cat_6,Cluster 0,0,Age high (z=+0.61); Work Experience low (z=-0.53); Ever Married=Yes (79% vs 59%),0.5622,Cluster 1,0.902,Clear - automate,0.5622,5.7385,8.7548
466814,23,0.0,3.0,Low,Male,No,No,Healthcare,Cat_6,Cluster 1,1,Family Size high (z=+0.93); Age low (z=-0.77); Ever Married=Yes (31% vs 59%),1.0575,Cluster 0,0.799,Clear - automate,5.2618,1.0575,9.1187
466815,31,1.0,5.0,Low,Male,No,No,Healthcare,Cat_4,Cluster 1,1,Family Size high (z=+0.93); Age low (z=-0.77); Ever Married=Yes (31% vs 59%),0.7351,Cluster 0,0.8976,Clear - automate,7.1788,0.7351,10.1738
466816,82,0.0,2.0,High,Male,Yes,Yes,Lawyer,Cat_6,Cluster 0,0,Age high (z=+0.61); Work Experience low (z=-0.53); Ever Married=Yes (79% vs 59%),4.1532,Cluster 1,0.7058,Clear - automate,4.1532,14.118,14.9681
466818,84,1.0,2.0,High,Male,Yes,No,Executive,Cat_6,Cluster 0,0,Age high (z=+0.61); Work Experience low (z=-0.53); Ever Married=Yes (79% vs 59%),5.0149,Cluster 1,0.6483,Clear - automate,5.0149,14.2572,14.7357
466826,41,1.0,2.0,Low,Male,Yes,Yes,Entertainment,Cat_6,Cluster 0,0,Age high (z=+0.61); Work Experience low (z=-0.53); Ever Married=Yes (79% vs 59%),1.0852,Cluster 1,0.7358,Clear - automate,1.0852,4.1073,5.8999
466832,66,0.0,2.0,Average,Female,Yes,Yes,Artist,Cat_4,Cluster 0,0,Age high (z=+0.61); Work Experience low (z=-0.53); Ever Married=Yes (79% vs 59%),2.1958,Cluster 1,0.7798,Clear - automate,2.1958,9.974,10.1852
466833,57,5.0,2.0,Low,Male,Yes,Yes,Artist,Cat_6,Cluster 0,0,Age high (z=+0.61); Work Experience low (z=-0.53); Ever Married=Yes (79% vs 59%),1.5566,Cluster 2,0.4647,Clear - automate,1.5566,7.5324,2.9079
466846,20,3.0,4.0,Low,Male,No,No,Healthcare,Cat_2,Cluster 1,1,Family Size high (z=+0.93); Age low (z=-0.77); Ever Married=Yes (31% vs 59%),1.2316,Cluster 2,0.8289,Clear - automate,7.8765,1.2316,7.1982
466863,32,14.0,1.0,Low,Female,No,No,Homemaker,Cat_6,Cluster 2,2,Work Experience high (z=+1.58); Age low (z=-0.33); Family Size low (z=-0.27),5.5307,Cluster 0,0.7193,Clear - automate,19.7058,20.222,5.5307
466867,29,11.0,1.0,Low,Female,No,No,Homemaker,Cat_6,Cluster 2,2,Work Experience high (z=+1.58); Age low (z=-0.33); Family Size low (z=-0.27),3.4093,Cluster 0,0.7558,Clear - automate,13.9599,14.1471,3.4093
466871,36,,4.0,High,Male,Yes,Yes,Executive,Cat_6,Cluster 1,1,Family Size high (z=+0.93); Age low (z=-0.77); Ever Married=Yes (31% vs 59%),2.1404,Cluster 0,0.3853,Moderate - standard outreach,3.4823,2.1404,7.274
466874,38,1.0,3.0,Average,Male,Yes,Yes,Entertainment,Cat_6,Cluster 0,0,Age high (z=+0.61); Work Experience low (z=-0.53); Ever Married=Yes (79% vs 59%),2.1377,Cluster 1,0.2613,Moderate - standard outreach,2.1377,2.8939,6.3838
466884,43,1.0,1.0,Low,Female,Yes,No,Doctor,Cat_6,Cluster 0,0,Age high (z=+0.61); Work Experience low (z=-0.53); Ever Married=Yes (79% vs 59%),2.5304,Cluster 1,0.6195,Clear - automate,2.5304,6.6506,6.7995
466886,42,1.0,1.0,Low,Female,No,No,Marketing,Cat_6,Cluster 0,0,Age high (z=+0.61); Work Experience low (z=-0.53); Ever Married=Yes (79% vs 59%),3.1109,Cluster 1,0.4869,Clear - automate,3.1109,6.0632,7.2659
466891,48,8.0,1.0,Low,Female,Yes,No,Homemaker,Cat_6,Cluster 2,2,Work Experience high (z=+1.58); Age low (z=-0.33); Family Size low (z=-0.27),2.3182,Cluster 0,0.6558,Clear - automate,6.7343,11.2865,2.3182
466905,62,0.0,1.0,Low,Male,Yes,Yes,Artist,Cat_6,Cluster 0,0,Age high (z=+0.61); Work Experience low (z=-0.53); Ever Married=Yes (79% vs 59%),0.9923,Cluster 2,0.8982,Clear - automate,0.9923,9.8611,9.7515
466906,63,0.0,2.0,Low,Male,No,Yes,Artist,Cat_6,Cluster 0,0,Age high (z=+0.61); Work Experience low (z=-0.53); Ever Married=Yes (79% vs 59%),0.9469,Cluster 1,0.8689,Clear - automate,0.9469,7.2213,9.5939
466908,60,1.0,2.0,Low,Male,Yes,Yes,Entertainment,Cat_6,Cluster 0,0,Age high (z=+0.61); Work Experience low (z=-0.53); Ever Married=Yes (79% vs 59%),0.6855,Cluster 1,0.9006,Clear - automate,0.6855,6.8979,7.668
466909,63,1.0,2.0,Low,Male,Yes,Yes,Artist,Cat_6,Cluster 0,0,Age high (z=+0.61); Work Experience low (z=-0.53); Ever Married=Yes (79% vs 59%),0.3676,Cluster 1,0.9515,Clear - automate,0.3676,7.5838,7.6924
466910,62,9.0,1.0,Low,Male,Yes,Yes,Entertainment,Cat_6,Cluster 2,2,Work Experience high (z=+1.58); Age low (z=-0.33); Family Size low (z=-0.27),4.1304,Cluster 0,0.432,Moderate - standard outreach,7.2715,15.1161,4.1304
466917,40,4.0,,Low,Male,Yes,No,Executive,Cat_6,Cluster 1,1,Family Size high (z=+0.93); Age low (z=-0.77); Ever Married=Yes (31% vs 59%),2.6863,Cluster 0,0.0299,Borderline - blend or hold back,2.7689,2.6863,3.2765
466918,63,0.0,1.0,Average,Male,Yes,Yes,Artist,Cat_6,Cluster 0,0,Age high (z=+0.61); Work Experience low (z=-0.53); Ever Married=Yes (79% vs 59%),1.5605,Cluster 2,0.8504,Clear - automate,1.5605,10.5971,10.4337
466920,19,6.0,4.0,Low,Male,No,No,Healthcare,Cat_3,Cluster 1,1,Family Size high (z=+0.93); Age low (z=-0.77); Ever Married=Yes (31% vs 59%),3.0668,Cluster 2,0.4208,Moderate - standard outreach,10.0543,3.0668,5.2951
466923,21,8.0,1.0,Low,Female,No,No,Homemaker,Cat_6,Cluster 2,2,Work Experience high (z=+1.58); Age low (z=-0.33); Family Size low (z=-0.27),3.5158,Cluster 1,0.6495,Clear - automate,11.0125,10.031,3.5158
466926,21,1.0,,Low,Male,No,No,Healthcare,Cat_6,Cluster 1,1,Family Size high (z=+0.93); Age low (z=-0.77); Ever Married=Yes (31% vs 59%),1.0498,Cluster 0,0.8141,Clear - automate,5.6481,1.0498,7.9547
466927,22,6.0,5.0,Low,Male,No,No,Engineer,Cat_2,Cluster 1,1,Family Size high (z=+0.93); Age low (z=-0.77); Ever Married=Yes (31% vs 59%),3.5361,Cluster 2,0.4674,Clear - automate,11.282,3.5361,6.6389
466936,60,1.0,3.0,High,Male,Yes,No,Lawyer,Cat_6,Cluster 0,0,Age high (z=+0.61); Work Experience low (z=-0.53); Ever Married=Yes (79% vs 59%),1.9296,Cluster 1,0.6413,Clear - automate,1.9296,5.3798,8.6859
466938,59,8.0,1.0,Low,Male,Yes,Yes,Artist,Cat_6,Cluster 2,2,Work Experience high (z=+1.58); Age low (z=-0.33); Family Size low (z=-0.27),3.0871,Cluster 0,0.4118,Moderate - standard outreach,5.2481,13.1473,3.0871
466939,73,1.0,2.0,High,Male,Yes,No,Lawyer,Cat_6,Cluster 0,0,Age high (z=+0.61); Work Experience low (z=-0.53); Ever Married=Yes (79% vs 59%),2.9576,Cluster 1,0.7143,Clear - automate,2.9576,10.3529,11.4233
466951,52,0.0,3.0,High,Female,Yes,Yes,Artist,Cat_6,Cluster 0,0,Age high (z=+0.61); Work Experience low (z=-0.53); Ever Married=Yes (79% vs 59%),1.3502,Cluster 1,0.7308,Clear - automate,1.3502,5.0154,7.516
466954,66,9.0,2.0,Average,Female,Yes,No,Doctor,Cat_6,Cluster 2,2,Work Experience high (z=+1.58); Age low (z=-0.33); Family Size low (z=-0.27),4.5641,Cluster 0,0.4615,Clear - automate,8.475,14.2291,4.5641
466955,61,1.0,4.0,Low,Male,Yes,No,Entertainment,Cat_3,Cluster 0,0,Age high (z=+0.61); Work Experience low (z=-0.53); Ever Married=Yes (79% vs 59%),3.0848,Cluster 1,0.3756,Moderate - standard outreach,3.0848,4.9407,9.7289
466956,61,1.0,1.0,Low,Female,Yes,Yes,Artist,Cat_6,Cluster 0,0,Age high (z=+0.61); Work Experience low (z=-0.53); Ever Married=Yes (79% vs 59%),1.3523,Cluster 2,0.8238,Clear - automate,1.3523,9.9949,7.6752
466961,61,2.0,2.0,Average,Female,Yes,Yes,Artist,Cat_6,Cluster 0,0,Age high (z=+0.61); Work Experience low (z=-0.53); Ever Married=Yes (79% vs 59%),1.3398,Cluster 2,0.7809,Clear - automate,1.3398,8.1619,6.1142
466966,59,1.0,2.0,Average,Male,Yes,Yes,Entertainment,Cat_6,Cluster 0,0,Age high (z=+0.61); Work Experience low (z=-0.53); Ever Married=Yes (79% vs 59%),1.1396,Cluster 1,0.8414,Clear - automate,1.1396,7.1842,8.008
466967,51,1.0,1.0,Low,Male,Yes,Yes,Artist,Cat_6,Cluster 0,0,Age high (z=+0.61); Work Experience low (z=-0.53); Ever Married=Yes (79% vs 59%),0.654,Cluster 2,0.9043,Clear - automate,0.654,7.6175,6.8359
466970,36,9.0,2.0,Low,Female,Yes,Yes,Homemaker,Cat_4,Cluster 2,2,Work Experience high (z=+1.58); Age low (z=-0.33); Family Size low (z=-0.27),1.1609,Cluster 0,0.8633,Clear - automate,8.4946,10.2114,1.1609
466971,71,9.0,3.0,Low,Male,No,Yes,Executive,Cat_6,Cluster 2,2,Work Experience high (z=+1.58); Age low (z=-0.33); Family Size low (z=-0.27),5.7161,Cluster 0,0.3099,Moderate - standard outreach,8.2827,13.1141,5.7161
466975,48,1.0,2.0,Average,Male,Yes,Yes,Artist,Cat_6,Cluster 0,0,Age high (z=+0.61); Work Experience low (z=-0.53); Ever Married=Yes (79% vs 59%),0.6258,Cluster 1,0.8824,Clear - automate,0.6258,5.3233,6.2392
466990,43,9.0,2.0,Average,Male,Yes,Yes,Entertainment,Cat_6,Cluster 2,2,Work Experience high (z=+1.58); Age low (z=-0.33); Family Size low (z=-0.27),1.7401,Cluster 0,0.7608,Clear - automate,7.2752,10.1673,1.7401
466996,36,9.0,1.0,Low,Female,No,Yes,Artist,Cat_6,Cluster 2,2,Work Experience high (z=+1.58); Age low (z=-0.33); Family Size low (z=-0.27),1.5007,Cluster 0,0.8257,Clear - automate,8.6082,11.5872,1.5007
466998,57,,3.0,Average,Female,Yes,No,Artist,Cat_6,Cluster 0,0,Age high (z=+0.61); Work Experience low (z=-0.53); Ever Married=Yes (79% vs 59%),1.8144,Cluster 1,0.6551,Clear - automate,1.8144,5.2609,7.2284
466999,33,1.0,3.0,Low,Male,No,Yes,Healthcare,Cat_6,Cluster 1,1,Family Size high (z=+0.93); Age low (z=-0.77); Ever Married=Yes (31% vs 59%),1.2168,Cluster 0,0.5654,Clear - automate,2.8002,1.2168,6.4758
467000,31,1.0,6.0,Low,Female,No,Yes,Artist,Cat_4,Cluster 1,1,Family Size high (z=+0.93); Age low (z=-0.77); Ever Married=Yes (31% vs 59%),3.2903,Cluster 0,0.6535,Clear - automate,9.4962,3.2903,11.2649
467008,57,1.0,3.0,Average,Male,Yes,Yes,Artist,Cat_6,Cluster 0,0,Age high (z=+0.61); Work Experience low (z=-0.53); Ever Married=Yes (79% vs 59%),0.8144,Cluster 1,0.8452,Clear - automate,0.8144,5.2609,7.2284
467009,33,2.0,4.0,Low,Female,No,No,Homemaker,Cat_3,Cluster 1,1,Family Size high (z=+0.93); Age low (z=-0.77); Ever Married=Yes (31% vs 59%),1.5993,Cluster 0,0.7094,Clear - automate,5.5031,1.5993,6.6303
467022,30,1.0,5.0,Low,Male,No,Yes,Artist,Cat_6,Cluster 1,1,Family Size high (z=+0.93); Age low (z=-0.77); Ever Married=Yes (31% vs 59%),1.2369,Cluster 0,0.7885,Clear - automate,5.8484,1.2369,8.7293
467023,26,8.0,2.0,Average,Male,Yes,No,Doctor,Cat_6,Cluster 2,2,Work Experience high (z=+1.58); Age low (z=-0.33); Family Size low (z=-0.27),2.638,Cluster 1,0.6655,Clear - automate,8.7905,7.8864,2.638
467025,29,1.0,3.0,Low,Female,No,No,Engineer,Cat_6,Cluster 1,1,Family Size high (z=+0.93); Age low (z=-0.77); Ever Married=Yes (31% vs 59%),1.7089,Cluster 0,0.6172,Clear - automate,4.4639,1.7089,6.6832
467044,42,0.0,1.0,Low,Female,No,Yes,Marketing,Cat_7,Cluster 0,0,Age high (z=+0.61); Work Experience low (z=-0.53); Ever Married=Yes (79% vs 59%),3.1902,Cluster 1,0.557,Clear - automate,3.1902,7.2007,8.6674
467046,30,0.0,5.0,Low,Female,No,No,Doctor,Cat_3,Cluster 1,1,Family Size high (z=+0.93); Age low (z=-0.77); Ever Married=Yes (31% vs 59%),1.8744,Cluster 0,0.7636,Clear - automate,7.9277,1.8744,11.1308
467050,18,1.0,5.0,Low,Female,No,No,Engineer,Cat_2,Cluster 1,1,Family Size high (z=+0.93); Age low (z=-0.77); Ever Married=Yes (31% vs 59%),2.3374,Cluster 0,0.7766,Clear - automate,10.4639,2.3374,10.9756
467053,18,5.0,4.0,Low,Male,No,No,Healthcare,Cat_6,Cluster 1,1,Family Size high (z=+0.93); Age low (z=-0.77); Ever Married=Yes (31% vs 59%),1.8935,Cluster 2,0.6519,Clear - automate,8.9906,1.8935,5.4396
467058,80,0.0,2.0,High,Male,Yes,No,Executive,Cat_6,Cluster 0,0,Age high (z=+0.61); Work Experience low (z=-0.53); Ever Married=Yes (79% vs 59%),4.242,Cluster 1,0.6704,Clear - automate,4.242,12.8709,14.8287
467060,35,7.0,2.0,Low,Male,No,No,Engineer,Cat_6,Cluster 2,2,Work Experience high (z=+1.58); Age low (z=-0.33); Family Size low (z=-0.27),2.2771,Cluster 1,0.6037,Clear - automate,6.0804,5.7457,2.2771
467063,45,1.0,2.0,Average,Male,Yes,Yes,Entertainment,Cat_6,Cluster 0,0,Age high (z=+0.61); Work Experience low (z=-0.53); Ever Married=Yes (79% vs 59%),1.2781,Cluster 1,0.7429,Clear - automate,1.2781,4.9719,6.5492
467073,42,8.0,1.0,Low,Male,No,Yes,Engineer,Cat_6,Cluster 2,2,Work Experience high (z=+1.58); Age low (z=-0.33); Family Size low (z=-0.27),2.5051,Cluster 0,0.6208,Clear - automate,6.6058,10.1504,2.5051
467078,26,,2.0,High,Female,Yes,No,Healthcare,Cat_7,Cluster 1,1,Family Size high (z=+0.93); Age low (z=-0.77); Ever Married=Yes (31% vs 59%),4.2991,Cluster 0,0.1882,Borderline - blend or hold back,5.2956,4.2991,7.3989
467079,38,1.0,2.0,Low,Male,Yes,Yes,Artist,Cat_6,Cluster 0,0,Age high (z=+0.61); Work Experience low (z=-0.53); Ever Married=Yes (79% vs 59%),0.8935,Cluster 1,0.7716,Clear - automate,0.8935,3.9119,5.3659
467084,41,1.0,7.0,Average,Male,Yes,Yes,Artist,Cat_6,Cluster 1,1,Family Size high (z=+0.93); Age low (z=-0.77); Ever Married=Yes (31% vs 59%),5.5946,Cluster 0,0.486,Clear - automate,10.8835,5.5946,14.567
467085,45,1.0,2.0,Low,Male,No,Yes,Entertainment,Cat_6,Cluster 0,0,Age high (z=+0.61); Work Experience low (z=-0.53); Ever Married=Yes (79% vs 59%),1.2781,Cluster 1,0.6782,Clear - automate,1.2781,3.9719,6.5492
467088,57,1.0,1.0,Low,Male,Yes,Yes,Artist,Cat_3,Cluster 0,0,Age high (z=+0.61); Work Experience low (z=-0.53); Ever Married=Yes (79% vs 59%),1.1838,Cluster 2,0.8529,Clear - automate,1.1838,9.1548,8.0503
467092,33,5.0,4.0,Low,Female,No,Yes,Healthcare,Cat_6,Cluster 1,1,Family Size high (z=+0.93); Age low (z=-0.77); Ever Married=Yes (31% vs 59%),2.31,Cluster 2,0.2424,Moderate - standard outreach,5.8885,2.31,3.0489
467093,51,8.0,2.0,Average,Female,Yes,Yes,Artist,Cat_6,Cluster 2,2,Work Experience high (z=+1.58); Age low (z=-0.33); Family Size low (z=-0.27),1.2352,Cluster 0,0.7768,Clear - automate,5.5353,10.329,1.2352
467098,85,1.0,2.0,Low,Male,Yes,No,Executive,Cat_6,Cluster 0,0,Age high (z=+0.61); Work Experience low (z=-0.53); Ever Married=Yes (79% vs 59%),4.7465,Cluster 1,0.6647,Clear - automate,4.7465,14.1567,14.5814
467099,30,0.0,3.0,Low,Female,No,No,Entertainment,Cat_6,Cluster 1,1,Family Size high (z=+0.93); Age low (z=-0.77); Ever Married=Yes (31% vs 59%),1.8373,Cluster 0,0.5792,Clear - automate,4.3661,1.8373,8.0218
467107,38,1.0,3.0,Average,Male,Yes,Yes,Engineer,Cat_4,Cluster 0,0,Age high (z=+0.61); Work Experience low (z=-0.53); Ever Married=Yes (79% vs 59%),2.6377,Cluster 1,0.2228,Moderate - standard outreach,2.6377,3.3939,6.8838
467111,66,1.0,1.0,Low,Male,Yes,Yes,Artist,Cat_6,Cluster 0,0,Age high (z=+0.61); Work Experience low (z=-0.53); Ever Married=Yes (79% vs 59%),1.2302,Cluster 2,0.8652,Clear - automate,1.2302,10.7123,9.1235
467112,40,0.0,2.0,Low,Male,No,Yes,Artist,Cat_2,Cluster 0,0,Age high (z=+0.61); Work Experience low (z=-0.53); Ever Married=Yes (79% vs 59%),1.7598,Cluster 1,0.5782,Clear - automate,1.7598,4.1723,7.7827
467113,83,,1.0,Low,Male,Yes,Yes,Lawyer,Cat_6,Cluster 0,0,Age high (z=+0.61); Work Experience low (z=-0.53); Ever Married=Yes (79% vs 59%),4.4043,Cluster 2,0.6906,Clear - automate,4.4043,16.2409,14.2373
467114,61,1.0,3.0,Average,Male,Yes,Yes,Marketing,Cat_6,Cluster 0,0,Age high (z=+0.61); Work Experience low (z=-0.53); Ever Married=Yes (79% vs 59%),1.4829,Cluster 1,0.7569,Clear - automate,1.4829,6.101,8.3532
467116,65,1.0,2.0,High,Male,Yes,Yes,Executive,Cat_6,Cluster 0,0,Age high (z=+0.61); Work Experience low (z=-0.53); Ever Married=Yes (79% vs 59%),1.5261,Cluster 1,0.8221,Clear - automate,1.5261,8.5781,9.0791
467119,37,0.0,4.0,High,Male,Yes,No,Marketing,Cat_7,Cluster 1,1,Family Size high (z=+0.93); Age low (z=-0.77); Ever Married=Yes (31% vs 59%),2.3208,Cluster 0,0.4769,Clear - automate,4.4365,2.3208,9.6646
467121,47,0.0,,Low,Male,Yes,Yes,Doctor,Cat_6,Cluster 0,0,Age high (z=+0.61); Work Experience low (z=-0.53); Ever Married=Yes (79% vs 59%),0.9926,Cluster 1,0.7009,Clear - automate,0.9926,3.3182,7.5878
467125,51,1.0,4.0,Average,Male,Yes,No,Entertainment,Cat_3,Cluster 0,0,Age high (z=+0.61); Work Experience low (z=-0.53); Ever Married=Yes (79% vs 59%),3.3865,Cluster 1,0.0496,Borderline - blend or hold back,3.3865,3.5633,8.8896
467127,73,,1.0,Low,Male,Yes,No,Lawyer,Cat_6,Cluster 0,0,Age high (z=+0.61); Work Experience low (z=-0.53); Ever Married=Yes (79% vs 59%),3.0712,Cluster 2,0.7389,Clear - automate,3.0712,12.2287,11.7632
467129,49,1.0,3.0,Average,Female,,No,Marketing,Cat_4,Cluster 0,0,Age high (z=+0.61); Work Experience low (z=-0.53); Ever Married=Yes (79% vs 59%),3.3341,Cluster 1,0.2486,Moderate - standard outreach,3.3341,4.4373,7.8353
467132,73,0.0,2.0,Low,Female,Yes,Yes,Engineer,Cat_6,Cluster 0,0,Age high (z=+0.61); Work Experience low (z=-0.53); Ever Married=Yes (79% vs 59%),2.5369,Cluster 1,0.7692,Clear - automate,2.5369,10.9904,11.3249
467136,37,1.0,4.0,Average,Male,Yes,No,Entertainment,Cat_4,Cluster 1,1,Family Size high (z=+0.93); Age low (z=-0.77); Ever Married=Yes (31% vs 59%),2.1833,Cluster 0,0.4989,Clear - automate,4.3572,2.1833,8.263
467137,55,0.0,1.0,Low,Female,Yes,Yes,Engineer,Cat_6,Cluster 0,0,Age high (z=+0.61); Work Experience low (z=-0.53); Ever Married=Yes (79% vs 59%),1.7235,Cluster 2,0.8015,Clear - automate,1.7235,8.9168,8.684
467138,32,12.0,1.0,Low,Female,No,No,Homemaker,Cat_6,Cluster 2,2,Work Experience high (z=+1.58); Age low (z=-0.33); Family Size low (z=-0.27),3.825,Cluster 0,0.7509,Clear - automate,15.3556,15.9882,3.825
467139,28,0.0,3.0,Low,Female,No,Yes,Artist,Cat_6,Cluster 1,1,Family Size high (z=+0.93); Age low (z=-0.77); Ever Married=Yes (31% vs 59%),2.3631,Cluster 0,0.3661,Moderate - standard outreach,3.7277,2.3631,7.1552
467143,50,0.0,3.0,Low,Female,No,No,Lawyer,Cat_6,Cluster 0,0,Age high (z=+0.61); Work Experience low (z=-0.53); Ever Married=Yes (79% vs 59%),2.3849,Cluster 1,0.258,Moderate - standard outreach,2.3849,3.2142,8.3224
467144,38,1.0,2.0,Low,Male,Yes,Yes,Entertainment,Cat_6,Cluster 0,0,Age high (z=+0.61); Work Experience low (z=-0.53); Ever Married=Yes (79% vs 59%),1.3935,Cluster 1,0.6438,Clear - automate,1.3935,3.9119,5.8659
467146,28,8.0,1.0,Low,Female,No,No,Homemaker,Cat_6,Cluster 2,2,Work Experience high (z=+1.58); Age low (z=-0.33); Family Size low (z=-0.27),2.8148,Cluster 0,0.7041,Clear - automate,9.5128,9.7067,2.8148
467147,46,1.0,1.0,Low,Male,No,Yes,Entertainment,Cat_6,Cluster 0,0,Age high (z=+0.61); Work Experience low (z=-0.53); Ever Married=Yes (79% vs 59%),1.8335,Cluster 1,0.7161,Clear - automate,1.8335,6.4574,7.4449
467153,47,0.0,,Low,Female,Yes,Yes,Artist,Cat_6,Cluster 0,0,Age high (z=+0.61); Work Experience low (z=-0.53); Ever Married=Yes (79% vs 59%),0.9926,Cluster 1,0.74,Clear - automate,0.9926,3.8182,6.5878
467157,39,8.0,6.0,High,Male,Yes,Yes,Executive,Cat_7,Cluster 2,2,Work Experience high (z=+1.58); Age low (z=-0.33); Family Size low (z=-0.27),7.3271,Cluster 1,0.0989,Borderline - blend or hold back,12.9013,8.1312,7.3271
467158,26,1.0,,Low,Female,No,No,Healthcare,Cat_6,Cluster 1,1,Family Size high (z=+0.93); Age low (z=-0.77); Ever Married=Yes (31% vs 59%),1.281,Cluster 0,0.7458,Clear - automate,5.0398,1.281,6.9168
467159,37,9.0,2.0,High,Female,Yes,Yes,Homemaker,Cat_6,Cluster 2,2,Work Experience high (z=+1.58); Age low (z=-0.33); Family Size low (z=-0.27),1.1499,Cluster 0,0.8626,Clear - automate,8.3696,10.2543,1.1499
467160,43,1.0,2.0,Average,Male,Yes,No,,Cat_3,Cluster 0,0,Age high (z=+0.61); Work Experience low (z=-0.53); Ever Married=Yes (79% vs 59%),2.4168,Cluster 1,0.4938,Clear - automate,2.4168,4.7748,7.4597
467165,27,,1.0,Low,Female,No,No,Homemaker,Cat_6,Cluster 0,0,Age high (z=+0.61); Work Experience low (z=-0.53); Ever Married=Yes (79% vs 59%),5.2098,Cluster 1,0.0768,Borderline - blend or hold back,5.2098,5.6435,7.6534
467167,69,1.0,,Average,Male,Yes,Yes,Artist,Cat_3,Cluster 0,0,Age high (z=+0.61); Work Experience low (z=-0.53); Ever Married=Yes (79% vs 59%),2.1766,Cluster 1,0.748,Clear - automate,2.1766,8.638,9.9597
467168,47,9.0,2.0,Average,Male,Yes,Yes,Artist,Cat_1,Cluster 2,2,Work Experience high (z=+1.58); Age low (z=-0.33); Family Size low (z=-0.27),1.9489,Cluster 0,0.7227,Clear - automate,7.0276,11.0914,1.9489
467172,36,9.0,2.0,Low,Male,No,,Artist,Cat_6,Cluster 2,2,Work Experience high (z=+1.58); Age low (z=-0.33); Family Size low (z=-0.27),1.6609,Cluster 0,0.7922,Clear - automate,7.9946,8.7114,1.6609
467180,43,1.0,3.0,Low,Male,Yes,Yes,Healthcare,Cat_3,Cluster 0,0,Age high (z=+0.61); Work Experience low (z=-0.53); Ever Married=Yes (79% vs 59%),1.6609,Cluster 1,0.3975,Moderate - standard outreach,1.6609,2.7567,6.4776
467183,42,3.0,4.0,Average,Male,Yes,Yes,Entertainment,Cat_6,Cluster 1,1,Family Size high (z=+0.93); Age low (z=-0.77); Ever Married=Yes (31% vs 59%),2.775,Cluster 0,0.1398,Borderline - blend or hold back,3.2258,2.775,5.0576
467185,29,0.0,3.0,Low,Male,No,Yes,Artist,Cat_6,Cluster 1,1,Family Size high (z=+0.93); Age low (z=-0.77); Ever Married=Yes (31% vs 59%),1.8464,Cluster 0,0.3933,Moderate - standard outreach,3.0432,1.8464,7.5848
467189,45,1.0,4.0,High,Female,Yes,Yes,Artist,Cat_6,Cluster 0,0,Age high (z=+0.61); Work Experience low (z=-0.53); Ever Married=Yes (79% vs 59%),2.6242,Cluster 1,0.2032,Moderate - standard outreach,2.6242,3.2935,6.4427
467193,88,1.0,2.0,Low,Male,Yes,Yes,Artist,Cat_6,Cluster 0,0,Age high (z=+0.61); Work Experience low (z=-0.53); Ever Married=Yes (79% vs 59%),4.4859,Cluster 2,0.6941,Clear - automate,4.4859,15.8999,14.6631
467201,33,,5.0,Low,Female,No,Yes,Engineer,Cat_7,Cluster 1,1,Family Size high (z=+0.93); Age low (z=-0.77); Ever Married=Yes (31% vs 59%),2.2539,Cluster 0,0.6715,Clear - automate,6.8617,2.2539,9.0849
467202,18,0.0,4.0,Low,Male,Yes,No,Doctor,Cat_6,Cluster 1,1,Family Size high (z=+0.93); Age low (z=-0.77); Ever Married=Yes (31% vs 59%),1.7775,Cluster 0,0.7491,Clear - automate,7.0835,1.7775,10.1438
467208,41,,2.0,High,Female,Yes,Yes,Homemaker,Cat_6,Cluster 0,0,Age high (z=+0.61); Work Experience low (z=-0.53); Ever Married=Yes (79% vs 59%),2.0852,Cluster 1,0.5917,Clear - automate,2.0852,5.1073,5.8999
467212,28,1.0,3.0,Low,Female,No,Yes,Doctor,Cat_6,Cluster 1,1,Family Size high (z=+0.93); Age low (z=-0.77); Ever Married=Yes (31% vs 59%),2.2255,Cluster 0,0.4635,Clear - automate,4.1484,2.2255,6.2536
467216,30,0.0,1.0,Low,Female,No,Yes,Entertainment,Cat_6,Cluster 0,0,Age high (z=+0.61); Work Experience low (z=-0.53); Ever Married=Yes (79% vs 59%),4.2356,Cluster 1,0.3203,Moderate - standard outreach,4.2356,6.2312,8.3437
467217,79,,2.0,High,Female,Yes,Yes,Lawyer,Cat_6,Cluster 0,0,Age high (z=+0.61); Work Experience low (z=-0.53); Ever Married=Yes (79% vs 59%),3.9683,Cluster 2,0.6725,Clear - automate,3.9683,13.3711,12.1186
467218,27,8.0,1.0,Low,Female,No,Yes,Artist,Cat_6,Cluster 2,2,Work Experience high (z=+1.58); Age low (z=-0.33); Family Size low (z=-0.27),1.8926,Cluster 0,0.7826,Clear - automate,8.7047,10.2308,1.8926
467223,53,0.0,4.0,Average,Female,Yes,Yes,Engineer,Cat_6,Cluster 0,0,Age high (z=+0.61); Work Experience low (z=-0.53); Ever Married=Yes (79% vs 59%),2.946,Cluster 1,0.3478,Moderate - standard outreach,2.946,4.5168,8.9996
467227,43,14.0,1.0,Low,Female,No,Yes,Artist,Cat_4,Cluster 2,2,Work Experience high (z=+1.58); Age low (z=-0.33); Family Size low (z=-0.27),4.9918,Cluster 0,0.7213,Clear - automate,17.9118,21.775,4.9918
467230,19,1.0,4.0,Low,Male,No,No,Healthcare,Cat_6,Cluster 1,1,Family Size high (z=+0.93); Age low (z=-0.77); Ever Married=Yes (31% vs 59%),0.5491,Cluster 0,0.9242,Clear - automate,7.2454,0.5491,9.0975
467232,26,1.0,2.0,Low,Male,No,No,Entertainment,Cat_6,Cluster 1,1,Family Size high (z=+0.93); Age low (z=-0.77); Ever Married=Yes (31% vs 59%),2.7991,Cluster 0,0.3484,Moderate - standard outreach,4.2956,2.7991,7.3989
467233,67,1.0,2.0,Low,Female,No,No,Artist,Cat_6,Cluster 0,0,Age high (z=+0.61); Work Experience low (z=-0.53); Ever Married=Yes (79% vs 59%),2.2144,Cluster 1,0.7267,Clear - automate,2.2144,8.1022,8.9956
467235,32,1.0,2.0,Low,Female,No,Yes,Artist,Cat_5,Cluster 0,0,Age high (z=+0.61); Work Experience low (z=-0.53); Ever Married=Yes (79% vs 59%),3.2108,Cluster 1,0.2395,Moderate - standard outreach,3.2108,4.2218,5.9986
467238,26,7.0,4.0,Low,Female,No,No,Doctor,Cat_6,Cluster 2,2,Work Experience high (z=+1.58); Age low (z=-0.33); Family Size low (z=-0.27),3.1707,Cluster 1,0.2235,Moderate - standard outreach,9.4534,4.0831,3.1707
467239,29,0.0,3.0,Low,Female,No,No,Engineer,Cat_6,Cluster 1,1,Family Size high (z=+0.93); Age low (z=-0.77); Ever Married=Yes (31% vs 59%),1.8464,Cluster 0,0.5936,Clear - automate,4.5432,1.8464,8.0848
467241,33,9.0,1.0,Low,Female,No,Yes,Artist,Cat_6,Cluster 2,2,Work Experience high (z=+1.58); Age low (z=-0.33); Family Size low (z=-0.27),1.5783,Cluster 0,0.8252,Clear - automate,9.028,11.5033,1.5783
467242,22,0.0,3.0,Low,Male,No,No,Doctor,Cat_6,Cluster 1,1,Family Size high (z=+0.93); Age low (z=-0.77); Ever Married=Yes (31% vs 59%),1.6187,Cluster 0,0.7052,Clear - automate,5.4909,1.6187,9.2338
467247,27,0.0,2.0,Low,Female,No,No,Engineer,Cat_6,Cluster 1,1,Family Size high (z=+0.93); Age low (z=-0.77); Ever Married=Yes (31% vs 59%),3.4052,Cluster 0,0.2717,Moderate - standard outreach,4.6755,3.4052,8.2151
467256,30,1.0,4.0,Low,Male,No,No,Healthcare,Cat_2,Cluster 1,1,Family Size high (z=+0.93); Age low (z=-0.77); Ever Married=Yes (31% vs 59%),0.5394,Cluster 0,0.8999,Clear - automate,5.3887,0.5394,8.4959
467260,25,8.0,4.0,Low,Male,No,No,Doctor,Cat_6,Cluster 2,2,Work Experience high (z=+1.58); Age low (z=-0.33); Family Size low (z=-0.27),3.6243,Cluster 1,0.2365,Moderate - standard outreach,10.3434,4.7469,3.6243
467263,32,,1.0,Low,Female,No,No,Marketing,Cat_4,Cluster 0,0,Age high (z=+0.61); Work Experience low (z=-0.53); Ever Married=Yes (79% vs 59%),4.8244,Cluster 1,0.2088,Moderate - standard outreach,4.8244,6.0976,7.8385
467268,85,,1.0,Low,Male,Yes,Yes,Lawyer,Cat_6,Cluster 0,0,Age high (z=+0.61); Work Experience low (z=-0.53); Ever Married=Yes (79% vs 59%),4.8601,Cluster 2,0.6743,Clear - automate,4.8601,17.0326,14.9212
467275,29,,,Low,Male,No,Yes,Healthcare,Cat_6,Cluster 1,1,Family Size high (z=+0.93); Age low (z=-0.77); Ever Married=Yes (31% vs 59%),1.2089,Cluster 0,0.651,Clear - automate,3.4639,1.2089,6.6832
467281,56,0.0,4.0,Low,Male,Yes,Yes,Lawyer,Cat_6,Cluster 0,0,Age high (z=+0.61); Work Experience low (z=-0.53); Ever Married=Yes (79% vs 59%),1.972,Cluster 1,0.5127,Clear - automate,1.972,4.0466,9.3679
467283,52,0.0,3.0,Average,Male,Yes,Yes,Artist,Cat_2,Cluster 0,0,Age high (z=+0.61); Work Experience low (z=-0.53); Ever Married=Yes (79% vs 59%),1.3502,Cluster 1,0.7308,Clear - automate,1.3502,5.0154,8.516
467288,25,,5.0,Low,Female,No,No,Healthcare,Cat_6,Cluster 1,1,Family Size high (z=+0.93); Age low (z=-0.77); Ever Married=Yes (31% vs 59%),0.8571,Cluster 0,0.8968,Clear - automate,8.3082,0.8571,9.6186
467296,65,,2.0,Average,Female,Yes,Yes,Artist,Cat_3,Cluster 0,0,Age high (z=+0.61); Work Experience low (z=-0.53); Ever Married=Yes (79% vs 59%),2.0261,Cluster 2,0.7638,Clear - automate,2.0261,9.5781,8.5791
467300,49,1.0,1.0,Low,Female,Yes,Yes,Artist,Cat_6,Cluster 0,0,Age high (z=+0.61); Work Experience low (z=-0.53); Ever Married=Yes (79% vs 59%),1.2035,Cluster 2,0.8045,Clear - automate,1.2035,7.8312,6.1572
467301,73,1.0,2.0,Low,Female,Yes,No,Lawyer,Cat_6,Cluster 0,0,Age high (z=+0.61); Work Experience low (z=-0.53); Ever Married=Yes (79% vs 59%),2.9576,Cluster 1,0.7143,Clear - automate,2.9576,10.3529,10.4233
467303,36,2.0,2.0,Average,Male,Yes,Yes,Doctor,Cat_6,Cluster 0,0,Age high (z=+0.61); Work Experience low (z=-0.53); Ever Married=Yes (79% vs 59%),2.2373,Cluster 1,0.4871,Clear - automate,2.2373,4.3617,5.1593
467309,36,4.0,1.0,Low,Female,No,Yes,Engineer,Cat_7,Cluster 2,2,Work Experience high (z=+1.58); Age low (z=-0.33); Family Size low (z=-0.27),4.0978,Cluster 0,0.108,Borderline - blend or hold back,4.5941,7.3642,4.0978
467311,71,1.0,3.0,High,Male,Yes,Yes,Lawyer,Cat_6,Cluster 0,0,Age high (z=+0.61); Work Experience low (z=-0.53); Ever Married=Yes (79% vs 59%),2.4243,Cluster 1,0.722,Clear - automate,2.4243,8.7215,10.4356
467312,55,0.0,2.0,Low,Female,Yes,Yes,Artist,Cat_6,Cluster 0,0,Age high (z=+0.61); Work Experience low (z=-0.53); Ever Married=Yes (79% vs 59%),0.6099,Cluster 1,0.9068,Clear - automate,0.6099,6.541,7.3441
467313,35,1.0,2.0,Average,Male,Yes,Yes,Entertainment,Cat_6,Cluster 0,0,Age high (z=+0.61); Work Experience low (z=-0.53); Ever Married=Yes (79% vs 59%),2.2687,Cluster 1,0.4703,Clear - automate,2.2687,4.2834,6.3988
467314,41,0.0,2.0,Average,Male,Yes,No,Artist,Cat_6,Cluster 0,0,Age high (z=+0.61); Work Experience low (z=-0.53); Ever Married=Yes (79% vs 59%),1.6645,Cluster 1,0.6079,Clear - automate,1.6645,4.2448,7.8014
467317,42,1.0,1.0,Low,Male,No,Yes,Artist,Cat_2,Cluster 0,0,Age high (z=+0.61); Work Experience low (z=-0.53); Ever Married=Yes (79% vs 59%),2.1109,Cluster 1,0.6784,Clear - automate,2.1109,6.5632,7.2659
467318,35,,2.0,Low,Male,Yes,Yes,Doctor,Cat_6,Cluster 0,0,Age high (z=+0.61); Work Experience low (z=-0.53); Ever Married=Yes (79% vs 59%),1.7687,Cluster 1,0.5325,Clear - automate,1.7687,3.7834,5.8988
467322,48,1.0,2.0,Average,Female,Yes,Yes,Artist,Cat_1,Cluster 0,0,Age high (z=+0.61); Work Experience low (z=-0.53); Ever Married=Yes (79% vs 59%),1.6258,Cluster 2,0.7394,Clear - automate,1.6258,6.3233,6.2392
467325,73,1.0,2.0,High,Female,Yes,Yes,Lawyer,Cat_6,Cluster 0,0,Age high (z=+0.61); Work Experience low (z=-0.53); Ever Married=Yes (79% vs 59%),2.9576,Cluster 2,0.7163,Clear - automate,2.9576,11.3529,10.4233
467329,40,1.0,1.0,Low,Female,No,Yes,Doctor,Cat_6,Cluster 0,0,Age high (z=+0.61); Work Experience low (z=-0.53); Ever Married=Yes (79% vs 59%),2.7941,Cluster 1,0.5641,Clear - automate,2.7941,6.4106,6.721
467338,29,3.0,6.0,Low,Female,No,Yes,Healthcare,Cat_6,Cluster 1,1,Family Size high (z=+0.93); Age low (z=-0.77); Ever Married=Yes (31% vs 59%),2.5673,Cluster 2,0.7185,Clear - automate,10.2254,2.5673,9.1215
467339,62,1.0,3.0,Average,Male,,Yes,Artist,Cat_6,Cluster 0,0,Age high (z=+0.61); Work Experience low (z=-0.53); Ever Married=Yes (79% vs 59%),1.5436,Cluster 1,0.7561,Clear - automate,1.5436,6.3296,8.528
467344,89,0.0,2.0,Low,Male,Yes,Yes,Lawyer,Cat_6,Cluster 0,0,Age high (z=+0.61); Work Experience low (z=-0.53); Ever Married=Yes (79% vs 59%),5.3265,Cluster 1,0.6765,Clear - automate,5.3265,16.4666,16.9401
467345,86,0.0,1.0,Low,Male,Yes,Yes,Lawyer,Cat_6,Cluster 0,0,Age high (z=+0.61); Work Experience low (z=-0.53); Ever Married=Yes (79% vs 59%),5.1784,Cluster 2,0.6895,Clear - automate,5.1784,17.577,16.6759
467346,38,0.0,3.0,Average,Male,Yes,Yes,Artist,Cat_6,Cluster 0,0,Age high (z=+0.61); Work Experience low (z=-0.53); Ever Married=Yes (79% vs 59%),1.7169,Cluster 1,0.4336,Moderate - standard outreach,1.7169,3.0314,7.2854
467352,45,0.0,4.0,High,Male,Yes,Yes,Executive,Cat_6,Cluster 0,0,Age high (z=+0.61); Work Experience low (z=-0.53); Ever Married=Yes (79% vs 59%),2.7035,Cluster 1,0.0776,Borderline - blend or hold back,2.7035,2.931,8.8443
467355,26,0.0,4.0,Low,Male,No,No,Healthcare,Cat_6,Cluster 1,1,Family Size high (z=+0.93); Age low (z=-0.77); Ever Married=Yes (31% vs 59%),0.2582,Cluster 0,0.9549,Clear - automate,5.721,0.2582,9.694
467357,55,1.0,2.0,Low,Male,Yes,Yes,,Cat_6,Cluster 0,0,Age high (z=+0.61); Work Experience low (z=-0.53); Ever Married=Yes (79% vs 59%),0.5306,Cluster 1,0.9101,Clear - automate,0.5306,5.9035,6.9426
467358,52,1.0,5.0,Average,Female,Yes,Yes,Artist,Cat_6,Cluster 0,0,Age high (z=+0.61); Work Experience low (z=-0.53); Ever Married=Yes (79% vs 59%),4.3325,Cluster 1,0.0187,Borderline - blend or hold back,4.3325,4.415,8.7235
467359,43,5.0,2.0,Average,Male,Yes,Yes,Artist,Cat_6,Cluster 2,2,Work Experience high (z=+1.58); Age low (z=-0.33); Family Size low (z=-0.27),2.1571,Cluster 0,0.1024,Borderline - blend or hold back,2.4032,6.0282,2.1571
467365,35,1.0,1.0,Low,Male,No,Yes,Artist,Cat_6,Cluster 0,0,Age high (z=+0.61); Work Experience low (z=-0.53); Ever Married=Yes (79% vs 59%),2.3823,Cluster 1,0.579,Clear - automate,2.3823,5.6592,6.7387
467367,73,1.0,2.0,Low,Male,Yes,Yes,Lawyer,Cat_6,Cluster 0,0,Age high (z=+0.61); Work Experience low (z=-0.53); Ever Married=Yes (79% vs 59%),1.9576,Cluster 1,0.8109,Clear - automate,1.9576,10.3529,10.4233
467369,41,4.0,3.0,Low,Male,No,Yes,Artist,Cat_6,Cluster 0,0,Age high (z=+0.61); Work Experience low (z=-0.53); Ever Married=Yes (79% vs 59%),2.1736,Cluster 1,0.2121,Moderate - standard outreach,2.1736,2.7588,2.7953
467373,27,,1.0,Low,Male,No,Yes,Healthcare,Cat_6,Cluster 0,0,Age high (z=+0.61); Work Experience low (z=-0.53); Ever Married=Yes (79% vs 59%),4.2098,Cluster 1,0.1815,Borderline - blend or hold back,4.2098,5.1435,7.6534
467375,35,6.0,3.0,Low,Male,Yes,Yes,Entertainment,Cat_6,Cluster 2,2,Work Experience high (z=+1.58); Age low (z=-0.33); Family Size low (z=-0.27),1.6144,Cluster 1,0.6231,Clear - automate,4.3217,4.2831,1.6144
467378,63,0.0,2.0,Average,Female,Yes,Yes,Artist,Cat_6,Cluster 0,0,Age high (z=+0.61); Work Experience low (z=-0.53); Ever Married=Yes (79% vs 59%),1.4469,Cluster 1,0.8341,Clear - automate,1.4469,8.7213,9.0939
467384,41,,1.0,Low,Male,No,Yes,,Cat_6,Cluster 0,0,Age high (z=+0.61); Work Experience low (z=-0.53); Ever Married=Yes (79% vs 59%),2.1988,Cluster 1,0.6325,Clear - automate,2.1988,5.9832,7.2397
467385,53,1.0,,Low,Male,No,No,Artist,Cat_4,Cluster 0,0,Age high (z=+0.61); Work Experience low (z=-0.53); Ever Married=Yes (79% vs 59%),1.7648,Cluster 1,0.5014,Clear - automate,1.7648,3.5396,7.7224
467389,42,0.0,,Low,Male,No,No,Engineer,Cat_6,Cluster 1,1,Family Size high (z=+0.93); Age low (z=-0.77); Ever Married=Yes (31% vs 59%),1.8068,Cluster 0,0.2215,Moderate - standard outreach,2.3207,1.8068,8.3455
467393,46,0.0,4.0,Average,Female,Yes,Yes,Artist,Cat_6,Cluster 0,0,Age high (z=+0.61); Work Experience low (z=-0.53); Ever Married=Yes (79% vs 59%),2.6453,Cluster 1,0.2529,Moderate - standard outreach,2.6453,3.5407,7.9002
467398,38,0.0,2.0,Low,Male,Yes,No,Entertainment,Cat_6,Cluster 0,0,Age high (z=+0.61); Work Experience low (z=-0.53); Ever Married=Yes (79% vs 59%),1.9728,Cluster 1,0.4442,Moderate - standard outreach,1.9728,3.5494,7.7674
467399,25,1.0,3.0,Low,Male,Yes,Yes,Doctor,Cat_6,Cluster 1,1,Family Size high (z=+0.93); Age low (z=-0.77); Ever Married=Yes (31% vs 59%),2.3199,Cluster 0,0.3808,Moderate - standard outreach,3.7466,2.3199,6.5095
467403,40,7.0,3.0,Average,Female,Yes,Yes,Artist,Cat_4,Cluster 2,2,Work Experience high (z=+1.58); Age low (z=-0.33); Family Size low (z=-0.27),1.2772,Cluster 0,0.7773,Clear - automate,5.7364,6.979,1.2772
467410,55,1.0,2.0,Low,Female,Yes,Yes,Lawyer,Cat_6,Cluster 0,0,Age high (z=+0.61); Work Experience low (z=-0.53); Ever Married=Yes (79% vs 59%),1.0306,Cluster 1,0.8391,Clear - automate,1.0306,6.4035,6.4426
467415,29,0.0,1.0,Low,Female,No,Yes,Healthcare,Cat_6,Cluster 0,0,Age high (z=+0.61); Work Experience low (z=-0.53); Ever Married=Yes (79% vs 59%),4.4127,Cluster 1,0.2313,Moderate - standard outreach,4.4127,5.7403,8.4067
467419,39,2.0,1.0,Low,Female,Yes,Yes,Artist,Cat_6,Cluster 0,0,Age high (z=+0.61); Work Experience low (z=-0.53); Ever Married=Yes (79% vs 59%),1.998,Cluster 2,0.5549,Clear - automate,1.998,6.8883,4.4885
467421,50,1.0,3.0,Average,Male,Yes,No,Doctor,Cat_6,Cluster 0,0,Age high (z=+0.61); Work Experience low (z=-0.53); Ever Married=Yes (79% vs 59%),1.8056,Cluster 1,0.4952,Clear - automate,1.8056,3.5767,7.4209
467422,61,1.0,2.0,Average,Female,Yes,Yes,Artist,Cat_6,Cluster 0,0,Age high (z=+0.61); Work Experience low (z=-0.53); Ever Married=Yes (79% vs 59%),1.2387,Cluster 2,0.8311,Clear - automate,1.2387,8.1191,7.3353
467423,56,0.0,1.0,Low,Male,Yes,Yes,Artist,Cat_6,Cluster 0,0,Age high (z=+0.61); Work Experience low (z=-0.53); Ever Married=Yes (79% vs 59%),0.7396,Cluster 1,0.914,Clear - automate,0.7396,8.6008,8.8142
467434,40,1.0,3.0,Low,Male,No,Yes,Entertainment,Cat_1,Cluster 0,0,Age high (z=+0.61); Work Experience low (z=-0.53); Ever Married=Yes (79% vs 59%),2.4247,Cluster 1,0.0366,Borderline - blend or hold back,2.4247,2.5167,6.899
467437,86,0.0,2.0,High,Female,Yes,Yes,Lawyer,Cat_6,Cluster 0,0,Age high (z=+0.61); Work Experience low (z=-0.53); Ever Married=Yes (79% vs 59%),5.5648,Cluster 2,0.6486,Clear - automate,5.5648,16.2012,15.8361
467438,27,5.0,3.0,Low,Male,No,No,Entertainment,Cat_6,Cluster 1,1,Family Size high (z=+0.93); Age low (z=-0.77); Ever Married=Yes (31% vs 59%),2.503,Cluster 2,0.2907,Moderate - standard outreach,5.8268,2.503,3.5289
467441,35,,1.0,Low,Male,No,Yes,Artist,Cat_6,Cluster 0,0,Age high (z=+0.61); Work Experience low (z=-0.53); Ever Married=Yes (79% vs 59%),2.3823,Cluster 1,0.579,Clear - automate,2.3823,5.6592,6.7387
467442,56,,2.0,Average,Male,Yes,Yes,Artist,Cat_6,Cluster 0,0,Age high (z=+0.61); Work Experience low (z=-0.53); Ever Married=Yes (79% vs 59%),0.5467,Cluster 1,0.917,Clear - automate,0.5467,6.5875,7.0728
467444,36,,2.0,Low,Female,Yes,Yes,Artist,Cat_6,Cluster 0,0,Age high (z=+0.61); Work Experience low (z=-0.53); Ever Married=Yes (79% vs 59%),1.6362,Cluster 1,0.6211,Clear - automate,1.6362,4.3188,4.8804
467445,32,9.0,2.0,Low,Male,Yes,No,Doctor,Cat_2,Cluster 2,2,Work Experience high (z=+1.58); Age low (z=-0.33); Family Size low (z=-0.27),2.2791,Cluster 0,0.7487,Clear - automate,9.0692,9.1144,2.2791
467449,85,1.0,2.0,Low,Female,Yes,Yes,Lawyer,Cat_6,Cluster 0,0,Age high (z=+0.61); Work Experience low (z=-0.53); Ever Married=Yes (79% vs 59%),4.7465,Cluster 2,0.6505,Clear - automate,4.7465,15.1567,13.5814
467451,51,0.0,1.0,Low,Female,Yes,Yes,Artist,Cat_1,Cluster 0,0,Age high (z=+0.61); Work Experience low (z=-0.53); Ever Married=Yes (79% vs 59%),1.7333,Cluster 2,0.7896,Clear - automate,1.7333,8.755,8.2374
467455,41,8.0,2.0,Low,Female,No,Yes,Artist,Cat_6,Cluster 2,2,Work Experience high (z=+1.58); Age low (z=-0.33); Family Size low (z=-0.27),0.639,Cluster 0,0.8949,Clear - automate,6.0801,8.1946,0.639
467456,42,5.0,4.0,High,Male,Yes,No,Executive,Cat_6,Cluster 1,1,Family Size high (z=+0.93); Age low (z=-0.77); Ever Married=Yes (31% vs 59%),3.2624,Cluster 2,0.1879,Borderline - blend or hold back,4.8297,3.2624,4.017
467457,30,0.0,6.0,Low,Female,No,Yes,Marketing,Cat_6,Cluster 1,1,Family Size high (z=+0.93); Age low (z=-0.77); Ever Married=Yes (31% vs 59%),2.9296,Cluster 0,0.6994,Clear - automate,9.7451,2.9296,12.722
467459,42,,5.0,High,Male,Yes,Yes,Executive,Cat_6,Cluster 1,1,Family Size high (z=+0.93); Age low (z=-0.77); Ever Married=Yes (31% vs 59%),2.7064,Cluster 0,0.4365,Moderate - standard outreach,4.803,2.7064,9.053
467463,42,9.0,3.0,Average,Female,Yes,Yes,Artist,Cat_6,Cluster 2,2,Work Experience high (z=+1.58); Age low (z=-0.33); Family Size low (z=-0.27),0.7244,Cluster 0,0.9047,Clear - automate,7.5998,9.0618,0.7244
467468,25,,5.0,Low,Female,No,No,Healthcare,Cat_7,Cluster 1,1,Family Size high (z=+0.93); Age low (z=-0.77); Ever Married=Yes (31% vs 59%),1.3571,Cluster 0,0.8459,Clear - automate,8.8082,1.3571,10.1186
467472,60,4.0,4.0,High,Male,Yes,Yes,Executive,Cat_6,Cluster 0,0,Age high (z=+0.61); Work Experience low (z=-0.53); Ever Married=Yes (79% vs 59%),3.3758,Cluster 1,0.4268,Moderate - standard outreach,3.3758,5.8891,5.9391
467474,18,2.0,5.0,Low,Male,No,No,Healthcare,Cat_6,Cluster 1,1,Family Size high (z=+0.93); Age low (z=-0.77); Ever Married=Yes (31% vs 59%),0.8803,Cluster 0,0.908,Clear - automate,9.565,0.8803,9.7545
467479,36,0.0,4.0,Average,Male,Yes,Yes,Executive,Cat_6,Cluster 1,1,Family Size high (z=+0.93); Age low (z=-0.77); Ever Married=Yes (31% vs 59%),2.278,Cluster 0,0.3604,Moderate - standard outreach,3.5616,2.278,8.6755
467481,49,0.0,2.0,Average,Male,Yes,Yes,Artist,Cat_6,Cluster 0,0,Age high (z=+0.61); Work Experience low (z=-0.53); Ever Married=Yes (79% vs 59%),0.6692,Cluster 1,0.8803,Clear - automate,0.6692,5.5929,7.7189
467482,42,1.0,3.0,High,Male,Yes,Yes,Executive,Cat_6,Cluster 0,0,Age high (z=+0.61); Work Experience low (z=-0.53); Ever Married=Yes (79% vs 59%),1.7414,Cluster 1,0.4505,Clear - automate,1.7414,3.1693,6.444
467487,42,1.0,5.0,Average,Male,Yes,No,Artist,Cat_4,Cluster 1,1,Family Size high (z=+0.93); Age low (z=-0.77); Ever Married=Yes (31% vs 59%),2.7064,Cluster 0,0.4896,Clear - automate,5.303,2.7064,9.553
467488,39,,2.0,Average,Female,Yes,Yes,Entertainment,Cat_2,Cluster 0,0,Age high (z=+0.61); Work Experience low (z=-0.53); Ever Married=Yes (79% vs 59%),2.7833,Cluster 1,0.4911,Clear - automate,2.7833,5.4696,6.3698
467492,62,1.0,2.0,Low,Female,Yes,Yes,Doctor,Cat_7,Cluster 0,0,Age high (z=+0.61); Work Experience low (z=-0.53); Ever Married=Yes (79% vs 59%),1.7994,Cluster 2,0.7754,Clear - automate,1.7994,8.3477,8.0101
467493,47,0.0,4.0,High,Male,Yes,Yes,Executive,,Cluster 0,0,Age high (z=+0.61); Work Experience low (z=-0.53); Ever Married=Yes (79% vs 59%),3.0945,Cluster 1,0.154,Borderline - blend or hold back,3.0945,3.6579,9.4635
467499,39,,3.0,Low,Male,Yes,Yes,Artist,Cat_6,Cluster 0,0,Age high (z=+0.61); Work Experience low (z=-0.53); Ever Married=Yes (79% vs 59%),1.0275,Cluster 1,0.5809,Clear - automate,1.0275,2.4516,5.3877
467500,25,3.0,2.0,High,Female,Yes,Yes,Artist,Cat_6,Cluster 2,2,Work Experience high (z=+1.58); Age low (z=-0.33); Family Size low (z=-0.27),3.7296,Cluster 0,0.1494,Borderline - blend or hold back,4.3849,5.104,3.7296
467503,27,1.0,4.0,Low,Female,No,Yes,Artist,Cat_6,Cluster 1,1,Family Size high (z=+0.93); Age low (z=-0.77); Ever Married=Yes (31% vs 59%),1.5893,Cluster 0,0.6784,Clear - automate,4.9423,1.5893,6.7072
467504,31,0.0,4.0,Low,Female,,No,Doctor,Cat_6,Cluster 1,1,Family Size high (z=+0.93); Age low (z=-0.77); Ever Married=Yes (31% vs 59%),1.6752,Cluster 0,0.6838,Clear - automate,5.2984,1.6752,8.8419
467505,36,0.0,4.0,Low,Male,Yes,Yes,Artist,Cat_6,Cluster 1,1,Family Size high (z=+0.93); Age low (z=-0.77); Ever Married=Yes (31% vs 59%),1.778,Cluster 0,0.3059,Moderate - standard outreach,2.5616,1.778,7.6755
467510,51,3.0,3.0,Low,Male,Yes,Yes,Entertainment,Cat_6,Cluster 0,0,Age high (z=+0.61); Work Experience low (z=-0.53); Ever Married=Yes (79% vs 59%),1.167,Cluster 1,0.7075,Clear - automate,1.167,3.9896,4.252
467511,63,,1.0,Low,Male,Yes,Yes,Entertainment,Cat_6,Cluster 0,0,Age high (z=+0.61); Work Experience low (z=-0.53); Ever Married=Yes (79% vs 59%),1.4812,Cluster 2,0.836,Clear - automate,1.4812,9.9596,9.0322
467514,40,,4.0,Low,Male,No,Yes,Artist,Cat_6,Cluster 1,1,Family Size high (z=+0.93); Age low (z=-0.77); Ever Married=Yes (31% vs 59%),1.3564,Cluster 0,0.4632,Clear - automate,2.5266,1.3564,6.7747
467518,22,1.0,,Low,Male,No,No,Doctor,Cat_6,Cluster 1,1,Family Size high (z=+0.93); Age low (z=-0.77); Ever Married=Yes (31% vs 59%),1.4812,Cluster 0,0.7263,Clear - automate,5.4116,1.4812,7.8322
467532,52,9.0,1.0,Low,Male,Yes,Yes,Artist,Cat_6,Cluster 2,2,Work Experience high (z=+1.58); Age low (z=-0.33); Family Size low (z=-0.27),2.2169,Cluster 0,0.6589,Clear - automate,6.4988,13.1644,2.2169
467533,89,4.0,1.0,Low,Male,Yes,Yes,Lawyer,Cat_6,Cluster 0,0,Age high (z=+0.61); Work Experience low (z=-0.53); Ever Married=Yes (79% vs 59%),6.7051,Cluster 2,0.4942,Clear - automate,6.7051,19.3745,13.2559
467537,65,,3.0,High,Female,Yes,No,Lawyer,Cat_6,Cluster 0,0,Age high (z=+0.61); Work Experience low (z=-0.53); Ever Married=Yes (79% vs 59%),2.7703,Cluster 1,0.6076,Clear - automate,2.7703,7.0601,9.097
467539,48,,4.0,Average,Male,Yes,Yes,Artist,Cat_7,Cluster 0,0,Age high (z=+0.61); Work Experience low (z=-0.53); Ever Married=Yes (79% vs 59%),2.4719,Cluster 1,0.3218,Moderate - standard outreach,2.4719,3.645,7.6327
467540,48,1.0,4.0,Average,Male,Yes,Yes,Healthcare,Cat_6,Cluster 0,0,Age high (z=+0.61); Work Experience low (z=-0.53); Ever Married=Yes (79% vs 59%),2.4719,Cluster 1,0.0654,Borderline - blend or hold back,2.4719,2.645,7.6327
467542,31,8.0,1.0,Low,Male,No,Yes,Healthcare,Cat_6,Cluster 2,2,Work Experience high (z=+1.58); Age low (z=-0.33); Family Size low (z=-0.27),2.6258,Cluster 0,0.671,Clear - automate,7.9815,9.1792,2.6258
467557,62,,2.0,Average,Female,Yes,Yes,Artist,Cat_6,Cluster 0,0,Age high (z=+0.61); Work Experience low (z=-0.53); Ever Married=Yes (79% vs 59%),1.2994,Cluster 2,0.827,Clear - automate,1.2994,8.3477,7.5101
467559,58,0.0,4.0,Average,Male,Yes,Yes,Executive,Cat_6,Cluster 0,0,Age high (z=+0.61); Work Experience low (z=-0.53); Ever Married=Yes (79% vs 59%),2.5266,Cluster 1,0.4882,Clear - automate,2.5266,4.937,10.1506
467565,60,0.0,3.0,Low,Male,Yes,Yes,Artist,Cat_6,Cluster 0,0,Age high (z=+0.61); Work Experience low (z=-0.53); Ever Married=Yes (79% vs 59%),0.5089,Cluster 1,0.9078,Clear - automate,0.5089,5.5174,8.5874
467569,19,,4.0,Low,Male,No,No,Healthcare,Cat_6,Cluster 1,1,Family Size high (z=+0.93); Age low (z=-0.77); Ever Married=Yes (31% vs 59%),0.5491,Cluster 0,0.9242,Clear - automate,7.2454,0.5491,9.0975
467570,18,14.0,,Low,Male,No,No,Healthcare,Cat_6,Cluster 2,2,Work Experience high (z=+1.58); Age low (z=-0.33); Family Size low (z=-0.27),6.5588,Cluster 1,0.5881,Clear - automate,21.7837,15.9247,6.5588
467576,48,1.0,3.0,Average,Male,Yes,Yes,Doctor,Cat_6,Cluster 0,0,Age high (z=+0.61); Work Experience low (z=-0.53); Ever Married=Yes (79% vs 59%),1.37,Cluster 1,0.64,Clear - automate,1.37,3.8053,6.7571
467579,35,5.0,1.0,Low,Male,No,Yes,Doctor,Cat_6,Cluster 2,2,Work Experience high (z=+1.58); Age low (z=-0.33); Family Size low (z=-0.27),3.4361,Cluster 0,0.2135,Moderate - standard outreach,4.3687,6.9127,3.4361
467580,27,,3.0,Low,Male,No,Yes,Doctor,Cat_6,Cluster 1,1,Family Size high (z=+0.93); Age low (z=-0.77); Ever Married=Yes (31% vs 59%),1.7496,Cluster 0,0.5444,Clear - automate,3.8404,1.7496,6.8315
467588,60,0.0,4.0,Average,Male,Yes,Yes,Artist,Cat_6,Cluster 0,0,Age high (z=+0.61); Work Experience low (z=-0.53); Ever Married=Yes (79% vs 59%),2.1108,Cluster 1,0.606,Clear - automate,2.1108,5.3571,9.9631
467589,32,0.0,1.0,Low,Male,No,No,Entertainment,Cat_6,Cluster 0,0,Age high (z=+0.61); Work Experience low (z=-0.53); Ever Married=Yes (79% vs 59%),3.9037,Cluster 1,0.2543,Moderate - standard outreach,3.9037,5.2351,9.24
467592,40,7.0,2.0,Low,Male,Yes,Yes,Entertainment,Cat_6,Cluster 2,2,Work Experience high (z=+1.58); Age low (z=-0.33); Family Size low (z=-0.27),1.2593,Cluster 0,0.7197,Clear - automate,4.4922,6.9971,1.2593
467595,25,0.0,1.0,Low,Female,No,Yes,Healthcare,Cat_6,Cluster 0,0,Age high (z=+0.61); Work Experience low (z=-0.53); Ever Married=Yes (79% vs 59%),5.1953,Cluster 1,0.1121,Borderline - blend or hold back,5.1953,5.8514,8.733
467596,42,1.0,5.0,Low,Male,Yes,No,Artist,Cat_3,Cluster 1,1,Family Size high (z=+0.93); Age low (z=-0.77); Ever Married=Yes (31% vs 59%),2.2064,Cluster 0,0.5406,Clear - automate,4.803,2.2064,9.053
467604,26,8.0,8.0,Low,Male,No,No,Healthcare,Cat_4,Cluster 1,1,Family Size high (z=+0.93); Age low (z=-0.77); Ever Married=Yes (31% vs 59%),10.6443,Cluster 2,0.3393,Moderate - standard outreach,23.6218,10.6443,16.1118
467608,27,6.0,1.0,Low,Male,No,Yes,Engineer,Cat_6,Cluster 2,2,Work Experience high (z=+1.58); Age low (z=-0.33); Family Size low (z=-0.27),3.3511,Cluster 0,0.4859,Clear - automate,6.5187,7.6612,3.3511
467609,42,2.0,4.0,Low,Male,No,No,Artist,Cat_6,Cluster 1,1,Family Size high (z=+0.93); Age low (z=-0.77); Ever Married=Yes (31% vs 59%),1.0518,Cluster 0,0.6428,Clear - automate,2.9444,1.0518,6.0984
467610,77,4.0,1.0,Low,Female,Yes,Yes,Lawyer,Cat_6,Cluster 0,0,Age high (z=+0.61); Work Experience low (z=-0.53); Ever Married=Yes (79% vs 59%),4.5595,Cluster 2,0.4784,Clear - automate,4.5595,15.214,8.7412
467612,70,0.0,,Low,Male,Yes,Yes,Executive,Cat_7,Cluster 0,0,Age high (z=+0.61); Work Experience low (z=-0.53); Ever Married=Yes (79% vs 59%),2.376,Cluster 1,0.7225,Clear - automate,2.376,8.5636,11.5955
467614,36,4.0,2.0,Average,Male,Yes,No,Artist,Cat_6,Cluster 0,0,Age high (z=+0.61); Work Experience low (z=-0.53); Ever Married=Yes (79% vs 59%),2.9805,Cluster 2,0.0852,Borderline - blend or hold back,2.9805,4.4884,3.258
467620,57,6.0,3.0,Low,Male,Yes,Yes,Lawyer,Cat_6,Cluster 2,2,Work Experience high (z=+1.58); Age low (z=-0.33); Family Size low (z=-0.27),2.926,Cluster 0,0.0632,Borderline - blend or hold back,3.1233,6.7786,2.926
467621,76,1.0,1.0,Low,Male,Yes,Yes,Lawyer,Cat_6,Cluster 0,0,Age high (z=+0.61); Work Experience low (z=-0.53); Ever Married=Yes (79% vs 59%),3.0431,Cluster 2,0.748,Clear - automate,3.0431,13.7044,12.0774
467623,77,0.0,2.0,High,Male,Yes,Yes,,Cat_6,Cluster 0,0,Age high (z=+0.61); Work Experience low (z=-0.53); Ever Married=Yes (79% vs 59%),3.181,Cluster 1,0.7415,Clear - automate,3.181,12.3061,13.4253
467629,52,1.0,1.0,Low,Male,Yes,Yes,Artist,Cat_6,Cluster 0,0,Age high (z=+0.61); Work Experience low (z=-0.53); Ever Married=Yes (79% vs 59%),0.6404,Cluster 2,0.9077,Clear - automate,0.6404,7.7718,6.9364
467635,35,9.0,1.0,Low,Female,No,Yes,Artist,Cat_6,Cluster 2,2,Work Experience high (z=+1.58); Age low (z=-0.33); Family Size low (z=-0.27),1.5192,Cluster 0,0.8262,Clear - automate,8.7407,11.5518,1.5192
467641,43,9.0,2.0,Average,Male,Yes,Yes,Doctor,Cat_6,Cluster 2,2,Work Experience high (z=+1.58); Age low (z=-0.33); Family Size low (z=-0.27),1.7401,Cluster 0,0.7608,Clear - automate,7.2752,10.1673,1.7401
467643,43,14.0,1.0,Low,Male,No,Yes,Artist,Cat_3,Cluster 2,2,Work Experience high (z=+1.58); Age low (z=-0.33); Family Size low (z=-0.27),5.4918,Cluster 0,0.6846,Clear - automate,17.4118,21.275,5.4918
467654,62,,4.0,High,Female,Yes,Yes,Artist,Cat_6,Cluster 0,0,Age high (z=+0.61); Work Experience low (z=-0.53); Ever Married=Yes (79% vs 59%),2.6455,Cluster 1,0.5712,Clear - automate,2.6455,6.1693,8.4037
467657,21,0.0,4.0,Low,Male,No,No,Healthcare,Cat_3,Cluster 1,1,Family Size high (z=+0.93); Age low (z=-0.77); Ever Married=Yes (31% vs 59%),1.027,Cluster 0,0.8599,Clear - automate,7.3293,1.027,10.7319
467658,23,0.0,4.0,Low,Male,No,No,Healthcare,Cat_3,Cluster 1,1,Family Size high (z=+0.93); Age low (z=-0.77); Ever Married=Yes (31% vs 59%),0.8972,Cluster 0,0.8693,Clear - automate,6.8637,0.8972,10.4944
467659,65,0.0,2.0,Average,Male,Yes,Yes,Entertainment,Cat_6,Cluster 0,0,Age high (z=+0.61); Work Experience low (z=-0.53); Ever Married=Yes (79% vs 59%),1.6054,Cluster 1,0.8158,Clear - automate,1.6054,8.7157,10.4806
467664,35,4.0,4.0,High,Male,Yes,Yes,Executive,Cat_6,Cluster 1,1,Family Size high (z=+0.93); Age low (z=-0.77); Ever Married=Yes (31% vs 59%),2.7746,Cluster 2,0.3346,Moderate - standard outreach,4.459,2.7746,4.1699
467666,48,4.0,3.0,High,Male,Yes,Yes,Executive,Cat_6,Cluster 0,0,Age high (z=+0.61); Work Experience low (z=-0.53); Ever Married=Yes (79% vs 59%),2.2142,Cluster 2,0.3908,Moderate - standard outreach,2.2142,4.4748,3.6346
467667,33,9.0,2.0,Low,Male,Yes,No,Doctor,Cat_6,Cluster 2,2,Work Experience high (z=+1.58); Age low (z=-0.33); Family Size low (z=-0.27),1.7384,Cluster 0,0.7934,Clear - automate,8.4144,8.6275,1.7384
467669,82,1.0,2.0,High,Male,Yes,No,Lawyer,Cat_6,Cluster 0,0,Age high (z=+0.61); Work Experience low (z=-0.53); Ever Married=Yes (79% vs 59%),4.574,Cluster 1,0.6607,Clear - automate,4.574,13.4804,14.0666
467673,45,1.0,4.0,High,Male,Yes,No,Executive,Cat_6,Cluster 1,1,Family Size high (z=+0.93); Age low (z=-0.77); Ever Married=Yes (31% vs 59%),2.2935,Cluster 0,0.2659,Moderate - standard outreach,3.1242,2.2935,7.9427
467678,56,1.0,2.0,Low,Male,No,No,Marketing,Cat_6,Cluster 0,0,Age high (z=+0.61); Work Experience low (z=-0.53); Ever Married=Yes (79% vs 59%),1.5467,Cluster 1,0.696,Clear - automate,1.5467,5.0875,8.0728
467679,49,,4.0,Average,Female,Yes,Yes,Artist,Cat_2,Cluster 0,0,Age high (z=+0.61); Work Experience low (z=-0.53); Ever Married=Yes (79% vs 59%),2.936,Cluster 1,0.3135,Moderate - standard outreach,2.936,4.277,7.2109
467683,30,8.0,3.0,High,Male,Yes,Yes,Healthcare,Cat_2,Cluster 2,2,Work Experience high (z=+1.58); Age low (z=-0.33); Family Size low (z=-0.27),2.3594,Cluster 1,0.6524,Clear - automate,8.2817,6.787,2.3594
467684,37,8.0,3.0,Low,Male,No,Yes,Healthcare,Cat_2,Cluster 2,2,Work Experience high (z=+1.58); Age low (z=-0.33); Family Size low (z=-0.27),2.1265,Cluster 1,0.6414,Clear - automate,7.2502,5.9309,2.1265
467685,51,0.0,6.0,High,Male,Yes,No,Marketing,Cat_4,Cluster 1,1,Family Size high (z=+0.93); Age low (z=-0.77); Ever Married=Yes (31% vs 59%),4.9535,Cluster 0,0.3991,Moderate - standard outreach,8.2429,4.9535,14.6158
467693,59,5.0,5.0,High,Male,Yes,Yes,Entertainment,Cat_6,Cluster 0,0,Age high (z=+0.61); Work Experience low (z=-0.53); Ever Married=Yes (79% vs 59%),5.9317,Cluster 1,0.0813,Borderline - blend or hold back,5.9317,6.4567,6.8324
467694,56,0.0,2.0,High,Male,Yes,Yes,Executive,Cat_6,Cluster 0,0,Age high (z=+0.61); Work Experience low (z=-0.53); Ever Married=Yes (79% vs 59%),1.126,Cluster 1,0.8326,Clear - automate,1.126,6.725,8.9743
467699,29,0.0,2.0,Average,Female,Yes,Yes,Doctor,Cat_4,Cluster 0,0,Age high (z=+0.61); Work Experience low (z=-0.53); Ever Married=Yes (79% vs 59%),4.2991,Cluster 1,0.1986,Borderline - blend or hold back,4.2991,5.3645,8.0669
467705,31,,2.0,Low,Male,Yes,Yes,Artist,Cat_6,Cluster 0,0,Age high (z=+0.61); Work Experience low (z=-0.53); Ever Married=Yes (79% vs 59%),1.873,Cluster 1,0.496,Clear - automate,1.873,3.7161,5.5468
467706,35,,4.0,Average,Female,Yes,Yes,Artist,Cat_6,Cluster 1,1,Family Size high (z=+0.93); Age low (z=-0.77); Ever Married=Yes (31% vs 59%),2.605,Cluster 0,0.2793,Moderate - standard outreach,3.6148,2.605,6.2924
467707,89,7.0,2.0,High,Male,Yes,Yes,Lawyer,Cat_6,Cluster 0,0,Age high (z=+0.61); Work Experience low (z=-0.53); Ever Married=Yes (79% vs 59%),9.059,Cluster 2,0.2065,Moderate - standard outreach,9.059,19.7914,11.4168
467710,38,9.0,4.0,Low,Female,No,Yes,Artist,Cat_6,Cluster 2,2,Work Experience high (z=+1.58); Age low (z=-0.33); Family Size low (z=-0.27),1.5399,Cluster 1,0.7839,Clear - automate,9.098,7.1261,1.5399
467715,45,4.0,3.0,High,Male,Yes,Yes,Executive,Cat_6,Cluster 0,0,Age high (z=+0.61); Work Experience low (z=-0.53); Ever Married=Yes (79% vs 59%),2.3665,Cluster 2,0.313,Moderate - standard outreach,2.3665,4.1234,3.4446
467721,37,0.0,1.0,Low,Male,No,Yes,Entertainment,Cat_4,Cluster 0,0,Age high (z=+0.61); Work Experience low (z=-0.53); Ever Married=Yes (79% vs 59%),3.204,Cluster 1,0.4974,Clear - automate,3.204,6.375,9.1108
467723,74,1.0,7.0,Low,Male,Yes,No,Executive,Cat_6,Cluster 1,1,Family Size high (z=+0.93); Age low (z=-0.77); Ever Married=Yes (31% vs 59%),11.1579,Cluster 0,0.1006,Borderline - blend or hold back,12.4058,11.1579,19.8544
467726,82,0.0,2.0,High,Male,Yes,Yes,Lawyer,Cat_6,Cluster 0,0,Age high (z=+0.61); Work Experience low (z=-0.53); Ever Married=Yes (79% vs 59%),4.1532,Cluster 1,0.7058,Clear - automate,4.1532,14.118,14.9681
467727,53,7.0,4.0,High,Male,Yes,Yes,Artist,Cat_3,Cluster 2,2,Work Experience high (z=+1.58); Age low (z=-0.33); Family Size low (z=-0.27),3.4763,Cluster 0,0.3878,Moderate - standard outreach,5.6784,7.3417,3.4763
467728,43,0.0,5.0,High,Female,Yes,No,Engineer,Cat_6,Cluster 1,1,Family Size high (z=+0.93); Age low (z=-0.77); Ever Married=Yes (31% vs 59%),2.9313,Cluster 0,0.4948,Clear - automate,5.8018,2.9313,10.4882
467729,62,2.0,6.0,Average,Male,Yes,Yes,Entertainment,Cat_6,Cluster 1,1,Family Size high (z=+0.93); Age low (z=-0.77); Ever Married=Yes (31% vs 59%),6.9648,Cluster 0,0.0743,Borderline - blend or hold back,7.5237,6.9648,12.5071
467733,56,8.0,3.0,High,Male,Yes,No,Executive,Cat_6,Cluster 2,2,Work Experience high (z=+1.58); Age low (z=-0.33); Family Size low (z=-0.27),3.3299,Cluster 0,0.4702,Clear - automate,6.2857,8.6567,3.3299
467734,88,3.0,2.0,High,Male,Yes,Yes,Lawyer,Cat_6,Cluster 0,0,Age high (z=+0.61); Work Experience low (z=-0.53); Ever Married=Yes (79% vs 59%),5.8684,Cluster 2,0.5621,Clear - automate,5.8684,16.6659,13.4011
467735,28,0.0,2.0,Low,Male,No,Yes,Doctor,Cat_6,Cluster 1,1,Family Size high (z=+0.93); Age low (z=-0.77); Ever Married=Yes (31% vs 59%),3.3811,Cluster 0,0.0294,Borderline - blend or hold back,3.4836,3.3811,8.1373
467737,51,5.0,2.0,Average,Female,Yes,Yes,Entertainment,Cat_6,Cluster 2,2,Work Experience high (z=+1.58); Age low (z=-0.33); Family Size low (z=-0.27),2.6935,Cluster 0,0.1101,Borderline - blend or hold back,3.0268,7.4951,2.6935
467739,60,0.0,4.0,Average,Female,Yes,No,Artist,Cat_6,Cluster 0,0,Age high (z=+0.61); Work Experience low (z=-0.53); Ever Married=Yes (79% vs 59%),3.1108,Cluster 1,0.4193,Moderate - standard outreach,3.1108,5.3571,9.9631
467740,19,0.0,3.0,Low,Male,No,No,Healthcare,Cat_6,Cluster 1,1,Family Size high (z=+0.93); Age low (z=-0.77); Ever Married=Yes (31% vs 59%),1.3469,Cluster 0,0.7836,Clear - automate,6.2228,1.3469,9.6234
467741,23,1.0,3.0,Low,Male,No,No,Healthcare,Cat_4,Cluster 1,1,Family Size high (z=+0.93); Age low (z=-0.77); Ever Married=Yes (31% vs 59%),1.42,Cluster 0,0.7501,Clear - automate,5.6825,1.42,8.2172
467749,20,0.0,9.0,Low,Male,No,No,Healthcare,Cat_7,Cluster 1,1,Family Size high (z=+0.93); Age low (z=-0.77); Ever Married=Yes (31% vs 59%),10.6679,Cluster 0,0.5889,Clear - automate,25.9492,10.6679,28.1064
467763,50,1.0,1.0,Low,Female,No,Yes,Artist,Cat_2,Cluster 0,0,Age high (z=+0.61); Work Experience low (z=-0.53); Ever Married=Yes (79% vs 59%),2.1751,Cluster 2,0.6997,Clear - automate,2.1751,7.9706,7.2429
467767,21,4.0,4.0,Low,Female,No,No,Marketing,Cat_6,Cluster 1,1,Family Size high (z=+0.93); Age low (z=-0.77); Ever Married=Yes (31% vs 59%),2.0591,Cluster 2,0.6046,Clear - automate,8.0943,2.0591,5.2078
467768,62,0.0,2.0,Average,Male,Yes,Yes,Doctor,Cat_6,Cluster 0,0,Age high (z=+0.61); Work Experience low (z=-0.53); Ever Married=Yes (79% vs 59%),1.3787,Cluster 1,0.8273,Clear - automate,1.3787,7.9852,9.9117
467769,36,1.0,1.0,Low,Female,No,Yes,Doctor,Cat_3,Cluster 0,0,Age high (z=+0.61); Work Experience low (z=-0.53); Ever Married=Yes (79% vs 59%),3.7498,Cluster 1,0.4399,Moderate - standard outreach,3.7498,6.6946,7.2203
467772,31,0.0,2.0,Low,Female,No,No,Marketing,Cat_6,Cluster 1,1,Family Size high (z=+0.93); Age low (z=-0.77); Ever Married=Yes (31% vs 59%),3.3536,Cluster 0,0.1515,Borderline - blend or hold back,3.9523,3.3536,7.9483
467779,52,4.0,3.0,Average,Male,Yes,Yes,Doctor,Cat_6,Cluster 0,0,Age high (z=+0.61); Work Experience low (z=-0.53); Ever Married=Yes (79% vs 59%),2.1152,Cluster 2,0.4701,Clear - automate,2.1152,5.0475,3.992
467789,20,1.0,5.0,Low,Male,No,No,Healthcare,Cat_6,Cluster 1,1,Family Size high (z=+0.93); Age low (z=-0.77); Ever Married=Yes (31% vs 59%),0.663,Cluster 0,0.9259,Clear - automate,8.9537,0.663,10.6936
467798,23,,2.0,Low,Female,No,No,,Cat_6,Cluster 1,1,Family Size high (z=+0.93); Age low (z=-0.77); Ever Married=Yes (31% vs 59%),3.4381,Cluster 0,0.3678,Moderate - standard outreach,5.4383,3.4381,7.1993
467802,48,1.0,5.0,High,Female,Yes,Yes,Artist,Cat_6,Cluster 1,1,Family Size high (z=+0.93); Age low (z=-0.77); Ever Married=Yes (31% vs 59%),3.8424,Cluster 0,0.1329,Borderline - blend or hold back,4.4315,3.8424,8.3662
467803,40,6.0,2.0,Average,Female,Yes,Yes,Entertainment,Cat_6,Cluster 2,2,Work Experience high (z=+1.58); Age low (z=-0.33); Family Size low (z=-0.27),1.5788,Cluster 0,0.6483,Clear - automate,4.4894,7.0525,1.5788
467806,55,1.0,2.0,High,Male,Yes,Yes,Artist,Cat_6,Cluster 0,0,Age high (z=+0.61); Work Experience low (z=-0.53); Ever Married=Yes (79% vs 59%),0.5306,Cluster 1,0.9171,Clear - automate,0.5306,6.4035,6.9426
467808,62,1.0,2.0,Average,Female,Yes,Yes,Artist,Cat_6,Cluster 0,0,Age high (z=+0.61); Work Experience low (z=-0.53); Ever Married=Yes (79% vs 59%),1.2994,Cluster 2,0.827,Clear - automate,1.2994,8.3477,7.5101
467812,48,0.0,1.0,Low,Male,No,Yes,Artist,Cat_2,Cluster 0,0,Age high (z=+0.61); Work Experience low (z=-0.53); Ever Married=Yes (79% vs 59%),1.8187,Cluster 1,0.7521,Clear - automate,1.8187,7.3367,8.9806
467813,36,1.0,2.0,Low,Male,Yes,Yes,Entertainment,Cat_4,Cluster 0,0,Age high (z=+0.61); Work Experience low (z=-0.53); Ever Married=Yes (79% vs 59%),2.1362,Cluster 1,0.5054,Clear - automate,2.1362,4.3188,6.3804
467815,73,0.0,2.0,Low,Female,Yes,Yes,Artist,Cat_6,Cluster 0,0,Age high (z=+0.61); Work Experience low (z=-0.53); Ever Married=Yes (79% vs 59%),2.0369,Cluster 2,0.8118,Clear - automate,2.0369,10.9904,10.8249
467825,23,0.0,8.0,Low,Female,No,No,Marketing,Cat_6,Cluster 1,1,Family Size high (z=+0.93); Age low (z=-0.77); Ever Married=Yes (31% vs 59%),7.3336,Cluster 0,0.6305,Clear - automate,19.8489,7.3336,21.5746
467828,25,0.0,2.0,Average,Female,Yes,Yes,Artist,Cat_2,Cluster 0,0,Age high (z=+0.61); Work Experience low (z=-0.53); Ever Married=Yes (79% vs 59%),4.5817,Cluster 1,0.1632,Borderline - blend or hold back,4.5817,5.4755,7.8931
467838,60,0.0,2.0,Average,Male,Yes,Yes,Artist,Cat_6,Cluster 0,0,Age high (z=+0.61); Work Experience low (z=-0.53); Ever Married=Yes (79% vs 59%),0.7647,Cluster 1,0.8985,Clear - automate,0.7647,7.5354,9.0695
467848,37,14.0,1.0,Low,Male,No,Yes,Artist,Cat_6,Cluster 2,2,Work Experience high (z=+1.58); Age low (z=-0.33); Family Size low (z=-0.27),4.9015,Cluster 0,0.72,Clear - automate,17.5062,20.3619,4.9015
467849,39,0.0,1.0,Low,Female,Yes,Yes,Doctor,Cat_2,Cluster 0,0,Age high (z=+0.61); Work Experience low (z=-0.53); Ever Married=Yes (79% vs 59%),2.9762,Cluster 1,0.6023,Clear - automate,2.9762,7.483,8.1112
467852,39,12.0,1.0,Low,Female,No,Yes,Artist,Cat_6,Cluster 2,2,Work Experience high (z=+1.58); Age low (z=-0.33); Family Size low (z=-0.27),2.6961,Cluster 0,0.7992,Clear - automate,13.4281,16.7361,2.6961
467856,58,0.0,2.0,Low,Male,Yes,Yes,Artist,Cat_6,Cluster 0,0,Age high (z=+0.61); Work Experience low (z=-0.53); Ever Married=Yes (79% vs 59%),0.1805,Cluster 1,0.9727,Clear - automate,0.1805,6.6154,8.2571
467860,33,0.0,1.0,Low,Female,No,Yes,Entertainment,Cat_7,Cluster 0,0,Age high (z=+0.61); Work Experience low (z=-0.53); Ever Married=Yes (79% vs 59%),4.2489,Cluster 1,0.3704,Moderate - standard outreach,4.2489,6.7482,8.6993
467861,29,,4.0,Low,Female,No,No,Artist,Cat_4,Cluster 1,1,Family Size high (z=+0.93); Age low (z=-0.77); Ever Married=Yes (31% vs 59%),1.5486,Cluster 0,0.7218,Clear - automate,5.5658,1.5486,7.5589
467864,66,1.0,2.0,High,Female,Yes,Yes,Lawyer,Cat_6,Cluster 0,0,Age high (z=+0.61); Work Experience low (z=-0.53); Ever Married=Yes (79% vs 59%),2.1166,Cluster 2,0.759,Clear - automate,2.1166,9.3365,8.7836
467865,40,2.0,1.0,Low,Female,No,Yes,Artist,Cat_4,Cluster 0,0,Age high (z=+0.61); Work Experience low (z=-0.53); Ever Married=Yes (79% vs 59%),2.8952,Cluster 2,0.4736,Clear - automate,2.8952,6.9534,5.4998
467868,66,0.0,2.0,High,Female,Yes,Yes,Entertainment,Cat_6,Cluster 0,0,Age high (z=+0.61); Work Experience low (z=-0.53); Ever Married=Yes (79% vs 59%),2.1958,Cluster 1,0.7682,Clear - automate,2.1958,9.474,10.1852
467876,50,9.0,2.0,High,Female,Yes,Yes,Artist,Cat_6,Cluster 2,2,Work Experience high (z=+1.58); Age low (z=-0.33); Family Size low (z=-0.27),1.1835,Cluster 0,0.829,Clear - automate,6.9199,11.4874,1.1835
467879,51,,4.0,High,Female,Yes,Yes,Artist,Cat_6,Cluster 0,0,Age high (z=+0.61); Work Experience low (z=-0.53); Ever Married=Yes (79% vs 59%),2.3865,Cluster 1,0.4127,Moderate - standard outreach,2.3865,4.0633,6.8896
467880,50,0.0,2.0,Average,Female,Yes,Yes,Artist,Cat_6,Cluster 0,0,Age high (z=+0.61); Work Experience low (z=-0.53); Ever Married=Yes (79% vs 59%),1.1407,Cluster 1,0.817,Clear - automate,1.1407,6.2323,7.3045
467882,39,1.0,1.0,Low,Female,No,Yes,Artist,Cat_6,Cluster 0,0,Age high (z=+0.61); Work Experience low (z=-0.53); Ever Married=Yes (79% vs 59%),2.3969,Cluster 2,0.614,Clear - automate,2.3969,6.3455,6.2097
467883,46,0.0,2.0,Average,Female,Yes,Yes,Artist,Cat_6,Cluster 0,0,Age high (z=+0.61); Work Experience low (z=-0.53); Ever Married=Yes (79% vs 59%),1.2992,Cluster 1,0.7728,Clear - automate,1.2992,5.7191,7.0066
467888,29,0.0,4.0,Low,Male,No,No,Doctor,Cat_6,Cluster 1,1,Family Size high (z=+0.93); Age low (z=-0.77); Ever Married=Yes (31% vs 59%),0.6861,Cluster 0,0.8666,Clear - automate,5.1451,0.6861,9.4604
467891,29,0.0,5.0,Low,Female,No,Yes,Doctor,Cat_6,Cluster 1,1,Family Size high (z=+0.93); Age low (z=-0.77); Ever Married=Yes (31% vs 59%),1.8836,Cluster 0,0.7349,Clear - automate,7.1048,1.8836,10.1938
467892,23,1.0,5.0,Low,Male,No,No,Doctor,Cat_6,Cluster 1,1,Family Size high (z=+0.93); Age low (z=-0.77); Ever Married=Yes (31% vs 59%),0.9572,Cluster 0,0.8839,Clear - automate,8.2441,0.9572,10.3263
467894,57,1.0,2.0,Average,Male,Yes,Yes,Artist,Cat_6,Cluster 0,0,Age high (z=+0.61); Work Experience low (z=-0.53); Ever Married=Yes (79% vs 59%),0.5702,Cluster 1,0.9159,Clear - automate,0.5702,6.779,7.2105
467895,31,1.0,4.0,Low,Female,No,Yes,Healthcare,Cat_6,Cluster 1,1,Family Size high (z=+0.93); Age low (z=-0.77); Ever Married=Yes (31% vs 59%),1.0377,Cluster 0,0.7801,Clear - automate,4.7191,1.0377,6.9403
467898,69,1.0,1.0,Low,Female,Yes,Yes,Artist,Cat_6,Cluster 0,0,Age high (z=+0.61); Work Experience low (z=-0.53); Ever Married=Yes (79% vs 59%),2.046,Cluster 2,0.7796,Clear - automate,2.046,12.0319,9.2816
467901,28,0.0,4.0,Low,Female,No,Yes,Entertainment,Cat_6,Cluster 1,1,Family Size high (z=+0.93); Age low (z=-0.77); Ever Married=Yes (31% vs 59%),1.7027,Cluster 0,0.6805,Clear - automate,5.3296,1.7027,8.5308
467904,31,14.0,1.0,Low,Female,No,Yes,Artist,Cat_6,Cluster 2,2,Work Experience high (z=+1.58); Age low (z=-0.33); Family Size low (z=-0.27),4.5789,Cluster 0,0.7573,Clear - automate,18.8681,20.7164,4.5789
467905,37,0.0,3.0,High,Male,Yes,Yes,Executive,Cat_6,Cluster 0,0,Age high (z=+0.61); Work Experience low (z=-0.53); Ever Married=Yes (79% vs 59%),2.3346,Cluster 1,0.2169,Moderate - standard outreach,2.3346,2.9811,7.7889
467911,58,0.0,4.0,Low,Male,Yes,Yes,Healthcare,Cat_6,Cluster 0,0,Age high (z=+0.61); Work Experience low (z=-0.53); Ever Married=Yes (79% vs 59%),2.0266,Cluster 1,0.4852,Clear - automate,2.0266,3.937,9.6506
467913,48,3.0,1.0,Low,Male,Yes,Yes,Artist,Cat_6,Cluster 0,0,Age high (z=+0.61); Work Experience low (z=-0.53); Ever Married=Yes (79% vs 59%),1.1219,Cluster 2,0.7401,Clear - automate,1.1219,7.4652,4.317
467915,18,1.0,4.0,Low,Female,No,No,Doctor,Cat_6,Cluster 1,1,Family Size high (z=+0.93); Age low (z=-0.77); Ever Married=Yes (31% vs 59%),1.64,Cluster 0,0.7951,Clear - automate,8.0042,1.64,8.7422
467917,27,2.0,4.0,Low,Female,No,Yes,Healthcare,Cat_1,Cluster 1,1,Family Size high (z=+0.93); Age low (z=-0.77); Ever Married=Yes (31% vs 59%),1.6321,Cluster 0,0.7299,Clear - automate,6.0434,1.6321,6.486
467927,30,8.0,6.0,Low,Male,No,Yes,Doctor,Cat_2,Cluster 1,1,Family Size high (z=+0.93); Age low (z=-0.77); Ever Married=Yes (31% vs 59%),6.8794,Cluster 2,0.09,Borderline - blend or hold back,14.1607,6.8794,7.5597
467929,36,1.0,2.0,Average,Female,Yes,Yes,Artist,Cat_6,Cluster 0,0,Age high (z=+0.61); Work Experience low (z=-0.53); Ever Married=Yes (79% vs 59%),2.1362,Cluster 1,0.5567,Clear - automate,2.1362,4.8188,5.3804
467930,45,4.0,2.0,Average,Male,Yes,Yes,Entertainment,Cat_6,Cluster 0,0,Age high (z=+0.61); Work Experience low (z=-0.53); Ever Married=Yes (79% vs 59%),2.1224,Cluster 2,0.3806,Moderate - standard outreach,2.1224,5.6415,3.4267
467932,26,1.0,4.0,Low,Female,No,No,Healthcare,Cat_6,Cluster 1,1,Family Size high (z=+0.93); Age low (z=-0.77); Ever Married=Yes (31% vs 59%),0.6207,Cluster 0,0.8989,Clear - automate,6.1417,0.6207,7.7924
467933,23,0.0,3.0,Low,Female,No,No,Healthcare,Cat_6,Cluster 1,1,Family Size high (z=+0.93); Age low (z=-0.77); Ever Married=Yes (31% vs 59%),1.5575,Cluster 0,0.7297,Clear - automate,5.7618,1.5575,8.6187
467934,42,0.0,1.0,Low,Female,No,Yes,Artist,Cat_6,Cluster 0,0,Age high (z=+0.61); Work Experience low (z=-0.53); Ever Married=Yes (79% vs 59%),2.1902,Cluster 1,0.6731,Clear - automate,2.1902,6.7007,7.6674
467938,46,5.0,1.0,Low,Male,Yes,Yes,Entertainment,Cat_2,Cluster 0,0,Age high (z=+0.61); Work Experience low (z=-0.53); Ever Married=Yes (79% vs 59%),3.3199,Cluster 2,0.0885,Borderline - blend or hold back,3.3199,8.7109,3.6423
467940,27,8.0,4.0,Low,Female,No,No,Marketing,Cat_2,Cluster 2,2,Work Experience high (z=+1.58); Age low (z=-0.33); Family Size low (z=-0.27),3.4463,Cluster 1,0.3929,Moderate - standard outreach,10.9372,5.6765,3.4463
467946,42,0.0,2.0,Low,Female,Yes,Yes,Artist,Cat_6,Cluster 0,0,Age high (z=+0.61); Work Experience low (z=-0.53); Ever Married=Yes (79% vs 59%),1.0765,Cluster 1,0.7769,Clear - automate,1.0765,4.8248,6.3276
467948,19,0.0,3.0,Low,Female,No,No,Healthcare,Cat_6,Cluster 1,1,Family Size high (z=+0.93); Age low (z=-0.77); Ever Married=Yes (31% vs 59%),1.8469,Cluster 0,0.7253,Clear - automate,6.7228,1.8469,9.1234
467949,21,1.0,4.0,Low,Male,No,No,Healthcare,Cat_4,Cluster 1,1,Family Size high (z=+0.93); Age low (z=-0.77); Ever Married=Yes (31% vs 59%),0.8895,Cluster 0,0.8773,Clear - automate,7.25,0.8895,9.3303
467950,35,1.0,2.0,Low,Female,No,Yes,Entertainment,Cat_6,Cluster 0,0,Age high (z=+0.61); Work Experience low (z=-0.53); Ever Married=Yes (79% vs 59%),2.7687,Cluster 1,0.2682,Moderate - standard outreach,2.7687,3.7834,5.8988
467954,29,9.0,4.0,Low,Male,No,No,Healthcare,Cat_6,Cluster 2,2,Work Experience high (z=+1.58); Age low (z=-0.33); Family Size low (z=-0.27),3.3393,Cluster 1,0.3863,Moderate - standard outreach,10.9243,5.4412,3.3393
467958,35,1.0,1.0,Low,Female,No,Yes,Doctor,Cat_6,Cluster 0,0,Age high (z=+0.61); Work Experience low (z=-0.53); Ever Married=Yes (79% vs 59%),3.3823,Cluster 1,0.4509,Clear - automate,3.3823,6.1592,6.7387
467960,53,,2.0,Low,Female,No,Yes,Entertainment,Cat_6,Cluster 0,0,Age high (z=+0.61); Work Experience low (z=-0.53); Ever Married=Yes (79% vs 59%),1.5206,Cluster 1,0.7264,Clear - automate,1.5206,5.5577,6.7045
467961,47,1.0,5.0,High,Male,Yes,Yes,Executive,Cat_4,Cluster 1,1,Family Size high (z=+0.93); Age low (z=-0.77); Ever Married=Yes (31% vs 59%),3.7178,Cluster 0,0.2527,Moderate - standard outreach,4.9749,3.7178,9.7954
467968,43,9.0,3.0,Low,Female,No,Yes,Healthcare,Cat_7,Cluster 2,2,Work Experience high (z=+1.58); Age low (z=-0.33); Family Size low (z=-0.27),1.758,Cluster 1,0.7843,Clear - automate,8.5194,8.1493,1.758
